-- A fictional database of game developers, built for an exam in a database course
-- (c) 2024, Bjorn Thor Jonsson, Reykjavik University

-- List of videogames and makers is https://en.wikipedia.org/wiki/List_of_video_game_developers
-- Everything else (including genre) is randomly generated to create an examination database
-- This database should only ever be used for that purpose!

DROP TABLE IF EXISTS Plays;
DROP TABLE IF EXISTS Buys;
DROP TABLE IF EXISTS Person;
DROP TABLE IF EXISTS Game;
DROP TABLE IF EXISTS Developer;
DROP TABLE IF EXISTS Country;

CREATE TABLE Country (
  CID INT PRIMARY KEY,
  name VARCHAR NOT NULL UNIQUE,
  population INT NULL
);

CREATE TABLE Developer (
  DID INT PRIMARY KEY,
  name VARCHAR NOT NULL UNIQUE,
  since INT NULL,
  CID INT NOT NULL REFERENCES Country (CID)
);

CREATE TABLE Game (
  GID INT PRIMARY KEY,
  name VARCHAR NOT NULL UNIQUE,
  genre VARCHAR NOT NULL,
  DID INT NOT NULL REFERENCES Developer (DID)
);

CREATE TABLE Person (
  PID INT PRIMARY KEY,
  name VARCHAR NOT NULL,
  birthyear INT NOT NULL
);

CREATE TABLE Buys (
  GID INT NOT NULL REFERENCES Game (GID),
  PID INT NOT NULL REFERENCES Person (PID),
  year INT NOT NULL,
  PRIMARY KEY (GID, PID)
);

CREATE TABLE Plays (
  GID INT NOT NULL REFERENCES Game (GID),
  PID INT NOT NULL REFERENCES Person (PID),
  PRIMARY KEY (GID, PID)
);

\set CLIENT_ENCODING 'UTF8'
-- If you use VS Code/pgAdmin and not psql, then change the above command to this
-- set CLIENT_ENCODING TO 'UTF8';

-- Data entry below

INSERT INTO Country(CID, name, population) VALUES (0, 'Japan', 123294513);
INSERT INTO Developer(DID, name, since, CID) VALUES (0, '0verflow', 1997, 0);
INSERT INTO Game(GID, name, genre, DID) VALUES (0, 'School Days', 'Action', 0);
INSERT INTO Game(GID, name, genre, DID) VALUES (1, 'Summer Days', 'Role-playing', 0);
INSERT INTO Game(GID, name, genre, DID) VALUES (2, 'Cross Days', 'Sports', 0);
INSERT INTO Country(CID, name, population) VALUES (1, 'Poland', 41026067);
INSERT INTO Developer(DID, name, since, CID) VALUES (1, '11 bit studios', 2010, 1);
INSERT INTO Game(GID, name, genre, DID) VALUES (3, 'This War of Mine', 'Puzzle', 1);
INSERT INTO Game(GID, name, genre, DID) VALUES (4, 'Frostpunk', 'Sports', 1);
INSERT INTO Country(CID, name, population) VALUES (2, 'Russia', 144444359);
INSERT INTO Developer(DID, name, since, CID) VALUES (2, '1C Company', 1991, 2);
INSERT INTO Game(GID, name, genre, DID) VALUES (5, 'King''s Bounty: Warriors of the North', 'Action', 2);
INSERT INTO Developer(DID, name, since, CID) VALUES (3, '1-Up Studio', 2000, 0);
INSERT INTO Game(GID, name, genre, DID) VALUES (6, 'Mother 3', 'Action', 3);
INSERT INTO Country(CID, name, population) VALUES (3, 'Czech Republic', NULL);
INSERT INTO Developer(DID, name, since, CID) VALUES (4, '2K Czech', 1997, 3);
INSERT INTO Game(GID, name, genre, DID) VALUES (7, 'Mafia', 'Sports', 4);
INSERT INTO Game(GID, name, genre, DID) VALUES (8, 'Mafia II', 'Action', 4);
INSERT INTO Country(CID, name, population) VALUES (4, 'United States', 339996563);
INSERT INTO Developer(DID, name, since, CID) VALUES (5, '343 Industries', 2009, 4);
INSERT INTO Game(GID, name, genre, DID) VALUES (9, 'Halo', 'Adventure', 5);
INSERT INTO Developer(DID, name, since, CID) VALUES (6, '38 Studios', 2006, 4);
INSERT INTO Game(GID, name, genre, DID) VALUES (10, 'Kingdoms of Amalur: Reckoning', 'Action', 6);
INSERT INTO Developer(DID, name, since, CID) VALUES (7, '3D Realms', 1987, 4);
INSERT INTO Game(GID, name, genre, DID) VALUES (11, 'Duke Nukem', 'Action', 7);
INSERT INTO Developer(DID, name, since, CID) VALUES (8, '42 Entertainment', 1993, 4);
INSERT INTO Game(GID, name, genre, DID) VALUES (12, 'I Love Bees', 'Action', 8);
INSERT INTO Country(CID, name, population) VALUES (5, 'Malta', 535064);
INSERT INTO Developer(DID, name, since, CID) VALUES (9, '4A Games', 2014, 5);
INSERT INTO Game(GID, name, genre, DID) VALUES (13, 'Metro', 'Action-adventure', 9);
INSERT INTO Developer(DID, name, since, CID) VALUES (10, '5th Cell', 2003, 4);
INSERT INTO Game(GID, name, genre, DID) VALUES (14, 'Scribblenauts', 'Action', 10);
INSERT INTO Developer(DID, name, since, CID) VALUES (11, '989 Studios', 1995, 4);
INSERT INTO Game(GID, name, genre, DID) VALUES (15, 'Twisted Metal', 'Action', 11);
INSERT INTO Game(GID, name, genre, DID) VALUES (16, 'III–4', 'Action', 11);
INSERT INTO Game(GID, name, genre, DID) VALUES (17, 'Jet Moto 2124', 'Sports', 11);
INSERT INTO Developer(DID, name, since, CID) VALUES (12, 'Acclaim Studios Austin', 1991, 4);
INSERT INTO Game(GID, name, genre, DID) VALUES (18, 'Turok', 'Puzzle', 12);
INSERT INTO Game(GID, name, genre, DID) VALUES (19, 'All-Star Baseball', 'Adventure', 12);
INSERT INTO Game(GID, name, genre, DID) VALUES (20, 'South Park', 'Action', 12);
INSERT INTO Developer(DID, name, since, CID) VALUES (13, 'Accolade', 1984, 4);
INSERT INTO Game(GID, name, genre, DID) VALUES (21, 'HardBall!', 'Action', 13);
INSERT INTO Game(GID, name, genre, DID) VALUES (22, 'Star Control', 'Action', 13);
INSERT INTO Game(GID, name, genre, DID) VALUES (23, 'Test Drive', '', 13);
INSERT INTO Game(GID, name, genre, DID) VALUES (24, 'II–III', 'Action', 13);
INSERT INTO Developer(DID, name, since, CID) VALUES (14, 'Access Games', 2002, 0);
INSERT INTO Game(GID, name, genre, DID) VALUES (25, 'Deadly Premonition', 'Simulation', 14);
INSERT INTO Developer(DID, name, since, CID) VALUES (15, 'Access Software', 1982, 4);
INSERT INTO Game(GID, name, genre, DID) VALUES (26, 'Under a Killing Moon', '', 15);
INSERT INTO Game(GID, name, genre, DID) VALUES (27, 'The Pandora Directive', 'Sports', 15);
INSERT INTO Country(CID, name, population) VALUES (6, 'Chile', 19629590);
INSERT INTO Developer(DID, name, since, CID) VALUES (16, 'ACE Team', 2007, 6);
INSERT INTO Game(GID, name, genre, DID) VALUES (28, 'Zeno Clash', 'Role-playing', 16);
INSERT INTO Developer(DID, name, since, CID) VALUES (17, 'Aces Game Studio', 1988, 4);
INSERT INTO Game(GID, name, genre, DID) VALUES (29, 'Microsoft Flight Simulator', 'Action', 17);
INSERT INTO Developer(DID, name, since, CID) VALUES (18, 'Acquire', 1994, 0);
INSERT INTO Game(GID, name, genre, DID) VALUES (30, 'Tenchu', 'Puzzle', 18);
INSERT INTO Game(GID, name, genre, DID) VALUES (31, 'Way of the Samurai', 'Action', 18);
INSERT INTO Game(GID, name, genre, DID) VALUES (32, 'Shinobido', 'Puzzle', 18);
INSERT INTO Game(GID, name, genre, DID) VALUES (33, 'Akiba', 'Puzzle', 18);
INSERT INTO Game(GID, name, genre, DID) VALUES (34, 'No Heroes Allowed!', 'Strategy', 18);
INSERT INTO Game(GID, name, genre, DID) VALUES (35, 'Octopath Traveler', 'Action', 18);
INSERT INTO Country(CID, name, population) VALUES (7, 'Ukraine', 36744634);
INSERT INTO Developer(DID, name, since, CID) VALUES (19, 'Action Forms', 1995, 7);
INSERT INTO Game(GID, name, genre, DID) VALUES (36, 'Carnivores', 'Action', 19);
INSERT INTO Developer(DID, name, since, CID) VALUES (20, 'Activision', 1979, 4);
INSERT INTO Game(GID, name, genre, DID) VALUES (37, 'Call of Duty', 'Strategy', 20);
INSERT INTO Game(GID, name, genre, DID) VALUES (38, 'MechWarrior 2', 'Action', 20);
INSERT INTO Country(CID, name, population) VALUES (8, 'United Kingdom', 67736802);
INSERT INTO Developer(DID, name, since, CID) VALUES (21, 'Adventure Soft', 1992, 8);
INSERT INTO Game(GID, name, genre, DID) VALUES (39, 'Simon the Sorcerer', 'Role-playing', 21);
INSERT INTO Developer(DID, name, since, CID) VALUES (22, 'Akella', 1995, 2);
INSERT INTO Game(GID, name, genre, DID) VALUES (40, 'Age of Sail II', 'Puzzle', 22);
INSERT INTO Game(GID, name, genre, DID) VALUES (41, 'Age of Pirates', 'Action', 22);
INSERT INTO Game(GID, name, genre, DID) VALUES (42, 'Sea Dogs', 'Role-playing', 22);
INSERT INTO Developer(DID, name, since, CID) VALUES (23, 'Alfa System', 1988, 0);
INSERT INTO Game(GID, name, genre, DID) VALUES (43, 'Tales of the World', 'Action', 23);
INSERT INTO Game(GID, name, genre, DID) VALUES (44, 'Oreshika', 'Action', 23);
INSERT INTO Developer(DID, name, since, CID) VALUES (24, 'Amazon Game Studios', 2012, 4);
INSERT INTO Game(GID, name, genre, DID) VALUES (45, 'New World', 'Sports', 24);
INSERT INTO Developer(DID, name, since, CID) VALUES (25, 'Animation Magic', 1991, 4);
INSERT INTO Game(GID, name, genre, DID) VALUES (46, 'Link: The Faces of Evil', 'Action', 25);
INSERT INTO Game(GID, name, genre, DID) VALUES (47, 'Zelda: The Wand of Gamelon', 'Role-playing', 25);
INSERT INTO Developer(DID, name, since, CID) VALUES (26, '(formerly Double Helix Games)', 2007, 4);
INSERT INTO Game(GID, name, genre, DID) VALUES (48, 'Silent Hill: Homecoming', 'Sports', 26);
INSERT INTO Game(GID, name, genre, DID) VALUES (49, 'Killer Instinct', 'Action', 26);
INSERT INTO Game(GID, name, genre, DID) VALUES (50, 'Front Mission Evolved', 'Action-adventure', 26);
INSERT INTO Developer(DID, name, since, CID) VALUES (27, 'Ambrella', 1996, 0);
INSERT INTO Game(GID, name, genre, DID) VALUES (51, 'Hey You, Pikachu!', 'Action', 27);
INSERT INTO Game(GID, name, genre, DID) VALUES (52, 'Pokémon Rumble', 'Sports', 27);
INSERT INTO Country(CID, name, population) VALUES (9, 'Philippines', 117337368);
INSERT INTO Developer(DID, name, since, CID) VALUES (28, 'Anino', 2001, 9);
INSERT INTO Game(GID, name, genre, DID) VALUES (53, 'Despicable Me: Minion Mania', 'Adventure', 28);
INSERT INTO Country(CID, name, population) VALUES (10, 'France', 64756584);
INSERT INTO Developer(DID, name, since, CID) VALUES (29, 'Ankama Games', 2001, 10);
INSERT INTO Game(GID, name, genre, DID) VALUES (54, 'Wakfu', 'Action', 29);
INSERT INTO Game(GID, name, genre, DID) VALUES (55, 'Dofus', 'Strategy', 29);
INSERT INTO Developer(DID, name, since, CID) VALUES (30, 'Aquria', 2002, 0);
INSERT INTO Game(GID, name, genre, DID) VALUES (56, 'Sword Art Online', 'Role-playing', 30);
INSERT INTO Developer(DID, name, since, CID) VALUES (31, 'Arc System Works', 1988, 0);
INSERT INTO Game(GID, name, genre, DID) VALUES (57, 'Guilty Gear', 'Puzzle', 31);
INSERT INTO Game(GID, name, genre, DID) VALUES (58, 'BlazBlue', 'Action', 31);
INSERT INTO Game(GID, name, genre, DID) VALUES (59, 'Dragon Ball FighterZ', 'Strategy', 31);
INSERT INTO Game(GID, name, genre, DID) VALUES (60, 'Granblue Fantasy Versus', 'Strategy', 31);
INSERT INTO Developer(DID, name, since, CID) VALUES (32, 'Arcane Kids', 2010, 4);
INSERT INTO Game(GID, name, genre, DID) VALUES (61, 'Bubsy 3D: Bubsy Visits the James Turrell Retrospective', 'Action-adventure', 32);
INSERT INTO Game(GID, name, genre, DID) VALUES (62, 'Sonic Dreams Collection', 'Action', 32);
INSERT INTO Developer(DID, name, since, CID) VALUES (33, 'Arcen Games', 2009, 4);
INSERT INTO Game(GID, name, genre, DID) VALUES (63, 'AI War', '', 33);
INSERT INTO Game(GID, name, genre, DID) VALUES (64, 'A Valley Without Wind', 'Puzzle', 33);
INSERT INTO Game(GID, name, genre, DID) VALUES (65, 'Bionic Dues', '', 33);
INSERT INTO Game(GID, name, genre, DID) VALUES (66, 'The Last Federation', 'Simulation', 33);
INSERT INTO Game(GID, name, genre, DID) VALUES (67, 'Starward Rogue', 'Puzzle', 33);
INSERT INTO Developer(DID, name, since, CID) VALUES (34, 'Arkane Studios', 1999, 10);
INSERT INTO Game(GID, name, genre, DID) VALUES (68, 'Arx Fatalis', 'Adventure', 34);
INSERT INTO Game(GID, name, genre, DID) VALUES (69, 'Deathloop', '', 34);
INSERT INTO Game(GID, name, genre, DID) VALUES (70, 'Dishonored', 'Adventure', 34);
INSERT INTO Game(GID, name, genre, DID) VALUES (71, 'Prey', 'Adventure', 34);
INSERT INTO Developer(DID, name, since, CID) VALUES (35, 'Arkedo Studio', 2006, 10);
INSERT INTO Game(GID, name, genre, DID) VALUES (72, 'Hell Yeah! Wrath of the Dead Rabbit', 'Simulation', 35);
INSERT INTO Developer(DID, name, since, CID) VALUES (36, 'ArenaNet', 2000, 4);
INSERT INTO Game(GID, name, genre, DID) VALUES (73, 'Guild Wars', 'Action', 36);
INSERT INTO Game(GID, name, genre, DID) VALUES (74, 'Guild Wars 2', 'Action', 36);
INSERT INTO Developer(DID, name, since, CID) VALUES (37, 'Arika', 1995, 0);
INSERT INTO Game(GID, name, genre, DID) VALUES (75, 'Endless Ocean', 'Action', 37);
INSERT INTO Game(GID, name, genre, DID) VALUES (76, 'Street Fighter EX', 'Adventure', 37);
INSERT INTO Game(GID, name, genre, DID) VALUES (77, 'Tetris: The Grand Master', 'Action', 37);
INSERT INTO Game(GID, name, genre, DID) VALUES (78, 'Tetris 99', 'MMO', 37);
INSERT INTO Game(GID, name, genre, DID) VALUES (79, 'Pac-Man 99', 'Puzzle', 37);
INSERT INTO Country(CID, name, population) VALUES (11, 'Canada', 38781291);
INSERT INTO Developer(DID, name, since, CID) VALUES (38, 'Artech Digital Entertainment', 1982, 11);
INSERT INTO Game(GID, name, genre, DID) VALUES (80, 'Monopoly Star Wars', 'Action-adventure', 38);
INSERT INTO Game(GID, name, genre, DID) VALUES (81, 'Monopoly (2000)', 'Action', 38);
INSERT INTO Developer(DID, name, since, CID) VALUES (39, 'Artdink', 1986, 0);
INSERT INTO Game(GID, name, genre, DID) VALUES (82, 'A-Train', 'Adventure', 39);
INSERT INTO Developer(DID, name, since, CID) VALUES (40, 'Artoon', 1999, 0);
INSERT INTO Game(GID, name, genre, DID) VALUES (83, 'Yoshi''s Island DS', 'Action', 40);
INSERT INTO Developer(DID, name, since, CID) VALUES (41, 'Arzest', 2010, 0);
INSERT INTO Game(GID, name, genre, DID) VALUES (84, 'Wii Play: Motion', 'Role-playing', 41);
INSERT INTO Game(GID, name, genre, DID) VALUES (85, 'Yoshi''s New Island', 'Sports', 41);
INSERT INTO Country(CID, name, population) VALUES (12, 'Germany', 83294633);
INSERT INTO Developer(DID, name, since, CID) VALUES (42, 'Ascaron', 1989, 12);
INSERT INTO Game(GID, name, genre, DID) VALUES (86, 'Sacred', 'Action', 42);
INSERT INTO Developer(DID, name, since, CID) VALUES (43, 'Asobo Studio', 2002, 10);
INSERT INTO Game(GID, name, genre, DID) VALUES (87, 'Kinect Rush: A Disney–Pixar Adventure', 'Action', 43);
INSERT INTO Game(GID, name, genre, DID) VALUES (88, 'Monopoly Plus', 'Puzzle', 43);
INSERT INTO Game(GID, name, genre, DID) VALUES (89, 'A Plague Tale', 'Strategy', 43);
INSERT INTO Game(GID, name, genre, DID) VALUES (90, 'Microsoft Flight Simulator (2020)', 'Simulation', 43);
INSERT INTO Developer(DID, name, since, CID) VALUES (44, 'Atelier 801', 2011, 10);
INSERT INTO Game(GID, name, genre, DID) VALUES (91, 'Transformice', 'Role-playing', 44);
INSERT INTO Game(GID, name, genre, DID) VALUES (92, 'Dead Maze', 'Action', 44);
INSERT INTO Developer(DID, name, since, CID) VALUES (45, 'Atlus', 1986, 0);
INSERT INTO Game(GID, name, genre, DID) VALUES (93, 'Megami Tensei', 'Sports', 45);
INSERT INTO Game(GID, name, genre, DID) VALUES (94, 'Shin Megami Tensei', 'Action-adventure', 45);
INSERT INTO Game(GID, name, genre, DID) VALUES (95, 'Persona', 'Strategy', 45);
INSERT INTO Game(GID, name, genre, DID) VALUES (96, 'Devil Summoner', 'Action', 45);
INSERT INTO Game(GID, name, genre, DID) VALUES (97, 'Tokyo Mirage Sessions', 'Action', 45);
INSERT INTO Game(GID, name, genre, DID) VALUES (98, 'Etrian Odyssey', 'Simulation', 45);
INSERT INTO Game(GID, name, genre, DID) VALUES (99, 'Trauma Center', 'Simulation', 45);
INSERT INTO Game(GID, name, genre, DID) VALUES (100, 'Catherine', 'Action', 45);
INSERT INTO Developer(DID, name, since, CID) VALUES (46, 'Atomic Planet Entertainment', 2000, 8);
INSERT INTO Game(GID, name, genre, DID) VALUES (101, 'Taito Legends', 'Action', 46);
INSERT INTO Developer(DID, name, since, CID) VALUES (47, 'Attic Entertainment Software', 1990, 12);
INSERT INTO Game(GID, name, genre, DID) VALUES (102, 'Realms of Arkania: Blade of Destiny', 'Action', 47);
INSERT INTO Developer(DID, name, since, CID) VALUES (48, 'Audiogenic', 1985, 8);
INSERT INTO Game(GID, name, genre, DID) VALUES (103, 'Brian Lara Cricket', 'Simulation', 48);
INSERT INTO Country(CID, name, population) VALUES (13, 'Sweden', 10612086);
INSERT INTO Developer(DID, name, since, CID) VALUES (49, 'Avalanche Studios Group', 2003, 13);
INSERT INTO Game(GID, name, genre, DID) VALUES (104, 'Just Cause', 'Action', 49);
INSERT INTO Game(GID, name, genre, DID) VALUES (105, 'theHunter', 'Simulation', 49);
INSERT INTO Country(CID, name, population) VALUES (14, 'Greece', 10341277);
INSERT INTO Developer(DID, name, since, CID) VALUES (50, 'Aventurine SA', 2002, 14);
INSERT INTO Game(GID, name, genre, DID) VALUES (106, 'Darkfall', '', 50);
INSERT INTO Developer(DID, name, since, CID) VALUES (51, 'Backflip Studios', 2009, 4);
INSERT INTO Game(GID, name, genre, DID) VALUES (107, 'DragonVale', 'Action', 51);
INSERT INTO Developer(DID, name, since, CID) VALUES (52, 'Bandai Namco Studios', 2012, 0);
INSERT INTO Game(GID, name, genre, DID) VALUES (108, 'Pac-Man', 'Action', 52);
INSERT INTO Game(GID, name, genre, DID) VALUES (109, 'Tekken', 'Role-playing', 52);
INSERT INTO Game(GID, name, genre, DID) VALUES (110, 'Tekken Tag Tournament', 'Action', 52);
INSERT INTO Game(GID, name, genre, DID) VALUES (111, 'Soul Calibur', 'Sports', 52);
INSERT INTO Game(GID, name, genre, DID) VALUES (112, 'Tales', 'Action', 52);
INSERT INTO Game(GID, name, genre, DID) VALUES (113, 'Katamari', 'Action', 52);
INSERT INTO Game(GID, name, genre, DID) VALUES (114, 'Klonoa', '', 52);
INSERT INTO Game(GID, name, genre, DID) VALUES (115, 'Ace Combat', 'Action', 52);
INSERT INTO Game(GID, name, genre, DID) VALUES (116, 'The Idolmaster', 'Action', 52);
INSERT INTO Game(GID, name, genre, DID) VALUES (117, 'Taiko no Tatsujin', 'Action', 52);
INSERT INTO Game(GID, name, genre, DID) VALUES (118, 'God Eater', 'Puzzle', 52);
INSERT INTO Game(GID, name, genre, DID) VALUES (119, 'Super Smash Bros. for Nintendo 3DS and Wii U', 'Action-adventure', 52);
INSERT INTO Game(GID, name, genre, DID) VALUES (120, 'Pokkén Tournament', 'Puzzle', 52);
INSERT INTO Game(GID, name, genre, DID) VALUES (121, 'Mr. Driller', 'Adventure', 52);
INSERT INTO Game(GID, name, genre, DID) VALUES (122, 'Mojipittan', 'Puzzle', 52);
INSERT INTO Game(GID, name, genre, DID) VALUES (123, 'Family Stadium', 'Sports', 52);
INSERT INTO Game(GID, name, genre, DID) VALUES (124, 'Go Vacation', 'Strategy', 52);
INSERT INTO Game(GID, name, genre, DID) VALUES (125, 'Code Vein', 'Action', 52);
INSERT INTO Game(GID, name, genre, DID) VALUES (126, 'New Pokémon Snap', 'MMO', 52);
INSERT INTO Developer(DID, name, since, CID) VALUES (53, 'B.B. Studio', 1994, 0);
INSERT INTO Game(GID, name, genre, DID) VALUES (127, 'Digimon World', 'Action-adventure', 53);
INSERT INTO Game(GID, name, genre, DID) VALUES (128, 'Super Robot Wars', 'Simulation', 53);
INSERT INTO Developer(DID, name, since, CID) VALUES (54, 'Beamdog', 2009, 11);
INSERT INTO Game(GID, name, genre, DID) VALUES (129, 'Baldur''s Gate: Siege of Dragonspear', 'Action', 54);
INSERT INTO Developer(DID, name, since, CID) VALUES (55, 'Beenox', 2000, 11);
INSERT INTO Game(GID, name, genre, DID) VALUES (130, 'Spider-Man', 'Action', 55);
INSERT INTO Game(GID, name, genre, DID) VALUES (131, 'Crash Team Racing Nitro-Fueled', 'Action', 55);
INSERT INTO Game(GID, name, genre, DID) VALUES (132, 'Guitar Hero Smash Hits', 'Adventure', 55);
INSERT INTO Game(GID, name, genre, DID) VALUES (133, 'Skylanders: SuperChargers', 'Action', 55);
INSERT INTO Developer(DID, name, since, CID) VALUES (56, 'Behaviour Interactive', 1992, 11);
INSERT INTO Game(GID, name, genre, DID) VALUES (134, 'Dead by Daylight', 'Simulation', 56);
INSERT INTO Developer(DID, name, since, CID) VALUES (57, 'Behaviour Santiago', 2002, 6);
INSERT INTO Game(GID, name, genre, DID) VALUES (135, 'Assault Heroes', 'Action', 57);
INSERT INTO Developer(DID, name, since, CID) VALUES (58, 'Bethesda Game Studios', 2001, 4);
INSERT INTO Game(GID, name, genre, DID) VALUES (136, 'The Elder Scrolls', 'Sports', 58);
INSERT INTO Game(GID, name, genre, DID) VALUES (137, 'Fallout', 'Sports', 58);
INSERT INTO Developer(DID, name, since, CID) VALUES (59, 'Big Blue Bubble', 2004, 11);
INSERT INTO Game(GID, name, genre, DID) VALUES (138, 'My Singing Monsters', 'MMO', 59);
INSERT INTO Developer(DID, name, since, CID) VALUES (60, 'Big Finish Games', 2007, 4);
INSERT INTO Game(GID, name, genre, DID) VALUES (139, 'Tesla Effect: A Tex Murphy Adventure', '', 60);
INSERT INTO Developer(DID, name, since, CID) VALUES (61, 'Big Huge Games', 2000, 4);
INSERT INTO Game(GID, name, genre, DID) VALUES (140, 'Rise of Nations', 'Puzzle', 61);
INSERT INTO Game(GID, name, genre, DID) VALUES (141, 'DomiNations', '', 61);
INSERT INTO Developer(DID, name, since, CID) VALUES (62, 'BioWare', 1995, 11);
INSERT INTO Game(GID, name, genre, DID) VALUES (142, 'Baldur''s Gate', 'Strategy', 62);
INSERT INTO Game(GID, name, genre, DID) VALUES (143, 'Mass Effect', 'Sports', 62);
INSERT INTO Game(GID, name, genre, DID) VALUES (144, 'Dragon Age', 'Strategy', 62);
INSERT INTO Game(GID, name, genre, DID) VALUES (145, 'Neverwinter Nights', 'Adventure', 62);
INSERT INTO Game(GID, name, genre, DID) VALUES (146, 'Star Wars: The Old Republic', 'Strategy', 62);
INSERT INTO Game(GID, name, genre, DID) VALUES (147, 'Anthem', '', 62);
INSERT INTO Developer(DID, name, since, CID) VALUES (63, 'The Bitmap Brothers', 1987, 8);
INSERT INTO Game(GID, name, genre, DID) VALUES (148, 'Xenon', 'Action', 63);
INSERT INTO Developer(DID, name, since, CID) VALUES (64, 'Best Way', 1991, 7);
INSERT INTO Game(GID, name, genre, DID) VALUES (149, 'Men of War', 'Puzzle', 64);
INSERT INTO Developer(DID, name, since, CID) VALUES (65, 'Bits Studios', 1991, 8);
INSERT INTO Game(GID, name, genre, DID) VALUES (150, 'Spider-Man: Return of the Sinister Six', 'Action', 65);
INSERT INTO Developer(DID, name, since, CID) VALUES (66, 'Bizarre Creations', 1994, 8);
INSERT INTO Game(GID, name, genre, DID) VALUES (151, 'Project Gotham Racing', 'Action', 66);
INSERT INTO Game(GID, name, genre, DID) VALUES (152, 'Geometry Wars', 'Action', 66);
INSERT INTO Developer(DID, name, since, CID) VALUES (67, 'Black Forest Games', 2012, 12);
INSERT INTO Game(GID, name, genre, DID) VALUES (153, 'Giana Sisters: Twisted Dreams', 'Action', 67);
INSERT INTO Game(GID, name, genre, DID) VALUES (154, 'Destroy All Humans!', 'Adventure', 67);
INSERT INTO Developer(DID, name, since, CID) VALUES (68, 'Black Isle Studios', 1996, 4);
INSERT INTO Game(GID, name, genre, DID) VALUES (155, 'Fallout 2', 'Adventure', 68);
INSERT INTO Game(GID, name, genre, DID) VALUES (156, 'Planescape: Torment', 'Action', 68);
INSERT INTO Game(GID, name, genre, DID) VALUES (157, 'Icewind Dale', 'Action', 68);
INSERT INTO Developer(DID, name, since, CID) VALUES (69, 'Black Rock Studio', 1998, 8);
INSERT INTO Game(GID, name, genre, DID) VALUES (158, 'MotoGP 2', 'Simulation', 69);
INSERT INTO Game(GID, name, genre, DID) VALUES (159, 'ATV Offroad Fury 3', 'Sports', 69);
INSERT INTO Developer(DID, name, since, CID) VALUES (70, 'Blind Squirrel Games', 2010, 4);
INSERT INTO Game(GID, name, genre, DID) VALUES (160, 'BioShock: The Collection', 'Action', 70);
INSERT INTO Game(GID, name, genre, DID) VALUES (161, 'Sonic Colors: Ultimate', 'Action-adventure', 70);
INSERT INTO Developer(DID, name, since, CID) VALUES (71, 'Blitz Games Studios', 1990, 8);
INSERT INTO Game(GID, name, genre, DID) VALUES (162, 'Karaoke Revolution', 'Action', 71);
INSERT INTO Developer(DID, name, since, CID) VALUES (72, 'Blizzard Entertainment', 1991, 4);
INSERT INTO Game(GID, name, genre, DID) VALUES (163, 'Diablo', 'Action', 72);
INSERT INTO Game(GID, name, genre, DID) VALUES (164, 'StarCraft', 'Action-adventure', 72);
INSERT INTO Game(GID, name, genre, DID) VALUES (165, 'Warcraft', 'Sports', 72);
INSERT INTO Game(GID, name, genre, DID) VALUES (166, 'Hearthstone', 'Adventure', 72);
INSERT INTO Game(GID, name, genre, DID) VALUES (167, 'Heroes of the Storm', 'Action', 72);
INSERT INTO Game(GID, name, genre, DID) VALUES (168, 'Overwatch', 'MMO', 72);
INSERT INTO Developer(DID, name, since, CID) VALUES (73, 'Bloober Team', 2008, 1);
INSERT INTO Game(GID, name, genre, DID) VALUES (169, 'Layers of Fear', 'Action', 73);
INSERT INTO Game(GID, name, genre, DID) VALUES (170, 'Silent Hill 2', 'Action', 73);
INSERT INTO Developer(DID, name, since, CID) VALUES (74, 'Bluepoint Games', 2006, 4);
INSERT INTO Game(GID, name, genre, DID) VALUES (171, 'Shadow of the Colossus', 'Sports', 74);
INSERT INTO Game(GID, name, genre, DID) VALUES (172, 'Demon''s Souls', 'Puzzle', 74);
INSERT INTO Country(CID, name, population) VALUES (15, 'South Korea', 51784059);
INSERT INTO Developer(DID, name, since, CID) VALUES (75, 'Blueside', 2003, 15);
INSERT INTO Game(GID, name, genre, DID) VALUES (173, 'Kingdom Under Fire', 'Sports', 75);
INSERT INTO Developer(DID, name, since, CID) VALUES (76, 'Blue Fang Games', 1998, 4);
INSERT INTO Game(GID, name, genre, DID) VALUES (174, 'Zoo Tycoon', 'Action', 76);
INSERT INTO Country(CID, name, population) VALUES (16, 'Australia', 26439111);
INSERT INTO Developer(DID, name, since, CID) VALUES (77, 'Blue Tongue Entertainment', 1995, 16);
INSERT INTO Game(GID, name, genre, DID) VALUES (175, 'Jurassic Park: Operation Genesis', 'Puzzle', 77);
INSERT INTO Game(GID, name, genre, DID) VALUES (176, 'de Blob', 'Sports', 77);
INSERT INTO Game(GID, name, genre, DID) VALUES (177, 'Marvel Super Hero Squad', 'Action', 77);
INSERT INTO Developer(DID, name, since, CID) VALUES (78, 'Bluehole Studio', 2007, 15);
INSERT INTO Game(GID, name, genre, DID) VALUES (178, 'TERA', 'Action', 78);
INSERT INTO Developer(DID, name, since, CID) VALUES (79, 'Bohemia Interactive', 1999, 3);
INSERT INTO Game(GID, name, genre, DID) VALUES (179, 'Operation Flashpoint: Cold War Crisis', 'Action-adventure', 79);
INSERT INTO Game(GID, name, genre, DID) VALUES (180, 'Arma', 'Sports', 79);
INSERT INTO Game(GID, name, genre, DID) VALUES (181, 'Take On Helicopters', 'Role-playing', 79);
INSERT INTO Game(GID, name, genre, DID) VALUES (182, 'Carrier Command: Gaea Mission', 'Action', 79);
INSERT INTO Game(GID, name, genre, DID) VALUES (183, 'DayZ', 'Action', 79);
INSERT INTO Developer(DID, name, since, CID) VALUES (80, 'Boss Key Productions', 2014, 4);
INSERT INTO Game(GID, name, genre, DID) VALUES (184, 'LawBreakers', 'Action', 80);
INSERT INTO Developer(DID, name, since, CID) VALUES (81, 'Brøderbund', 1980, 4);
INSERT INTO Game(GID, name, genre, DID) VALUES (185, 'Prince of Persia', 'Sports', 81);
INSERT INTO Developer(DID, name, since, CID) VALUES (82, 'Budcat Creations', 2000, 4);
INSERT INTO Game(GID, name, genre, DID) VALUES (186, 'Madden NFL 2002', 'Action', 82);
INSERT INTO Game(GID, name, genre, DID) VALUES (187, 'handheld version', 'Action', 82);
INSERT INTO Country(CID, name, population) VALUES (17, 'Finland', 5545475);
INSERT INTO Developer(DID, name, since, CID) VALUES (83, 'Bugbear Entertainment', 2000, 17);
INSERT INTO Game(GID, name, genre, DID) VALUES (188, 'FlatOut', 'Action', 83);
INSERT INTO Game(GID, name, genre, DID) VALUES (189, 'Wreckfest', 'Sports', 83);
INSERT INTO Developer(DID, name, since, CID) VALUES (84, 'Bullfrog Productions', 1987, 8);
INSERT INTO Game(GID, name, genre, DID) VALUES (190, 'Theme Park', 'Puzzle', 84);
INSERT INTO Game(GID, name, genre, DID) VALUES (191, 'Magic Carpet', 'Action', 84);
INSERT INTO Game(GID, name, genre, DID) VALUES (192, 'Syndicate', 'Puzzle', 84);
INSERT INTO Game(GID, name, genre, DID) VALUES (193, 'Dungeon Keeper', 'Adventure', 84);
INSERT INTO Developer(DID, name, since, CID) VALUES (85, 'Bungie', 1991, 4);
INSERT INTO Game(GID, name, genre, DID) VALUES (194, 'Marathon', 'Action', 85);
INSERT INTO Game(GID, name, genre, DID) VALUES (195, 'Oni', 'MMO', 85);
INSERT INTO Game(GID, name, genre, DID) VALUES (196, 'Myth', 'Action', 85);
INSERT INTO Game(GID, name, genre, DID) VALUES (197, 'Pathways into Darkness', 'Puzzle', 85);
INSERT INTO Game(GID, name, genre, DID) VALUES (198, 'Minotaur: The Labyrinths of Crete', 'Simulation', 85);
INSERT INTO Game(GID, name, genre, DID) VALUES (199, 'Operation: Desert Storm', 'Puzzle', 85);
INSERT INTO Game(GID, name, genre, DID) VALUES (200, 'Destiny', 'Action', 85);
INSERT INTO Developer(DID, name, since, CID) VALUES (86, 'Camelot Software Planning', 1990, 0);
INSERT INTO Game(GID, name, genre, DID) VALUES (201, 'Shining', 'Action-adventure', 86);
INSERT INTO Game(GID, name, genre, DID) VALUES (202, 'Mario Golf', '', 86);
INSERT INTO Game(GID, name, genre, DID) VALUES (203, 'Mario Tennis', 'Action-adventure', 86);
INSERT INTO Game(GID, name, genre, DID) VALUES (204, 'Golden Sun', 'Action', 86);
INSERT INTO Developer(DID, name, since, CID) VALUES (87, 'Capcom', 1979, 0);
INSERT INTO Game(GID, name, genre, DID) VALUES (205, 'Mega Man', 'Adventure', 87);
INSERT INTO Game(GID, name, genre, DID) VALUES (206, 'Mega Man X', 'Action', 87);
INSERT INTO Game(GID, name, genre, DID) VALUES (207, 'Mega Man Legends', 'Action', 87);
INSERT INTO Game(GID, name, genre, DID) VALUES (208, 'Mega Man Battle Network', 'Simulation', 87);
INSERT INTO Game(GID, name, genre, DID) VALUES (209, 'Mega Man Zero', 'Action', 87);
INSERT INTO Game(GID, name, genre, DID) VALUES (210, 'Mega Man ZX', 'MMO', 87);
INSERT INTO Game(GID, name, genre, DID) VALUES (211, 'Mega Man Star', 'Role-playing', 87);
INSERT INTO Game(GID, name, genre, DID) VALUES (212, 'Force', 'Adventure', 87);
INSERT INTO Game(GID, name, genre, DID) VALUES (213, 'Street Fighter', 'Role-playing', 87);
INSERT INTO Game(GID, name, genre, DID) VALUES (214, 'Resident Evil', 'Action', 87);
INSERT INTO Game(GID, name, genre, DID) VALUES (215, 'Devil May Cry', 'Puzzle', 87);
INSERT INTO Game(GID, name, genre, DID) VALUES (216, 'Monster Hunter', 'Simulation', 87);
INSERT INTO Game(GID, name, genre, DID) VALUES (217, 'Ghost ''n Goblins', 'Role-playing', 87);
INSERT INTO Game(GID, name, genre, DID) VALUES (218, 'Strider', 'Role-playing', 87);
INSERT INTO Game(GID, name, genre, DID) VALUES (219, 'Final Fight', 'Simulation', 87);
INSERT INTO Game(GID, name, genre, DID) VALUES (220, 'Dino Crisis', 'Simulation', 87);
INSERT INTO Game(GID, name, genre, DID) VALUES (221, 'Darkstalkers', 'Sports', 87);
INSERT INTO Game(GID, name, genre, DID) VALUES (222, 'Ace Attorney', '', 87);
INSERT INTO Game(GID, name, genre, DID) VALUES (223, 'Onimusha', 'Puzzle', 87);
INSERT INTO Game(GID, name, genre, DID) VALUES (224, 'Sengoku BASARA', 'Action', 87);
INSERT INTO Game(GID, name, genre, DID) VALUES (225, 'Dragon''s Dogma', '', 87);
INSERT INTO Game(GID, name, genre, DID) VALUES (226, 'Viewtiful Joe', '', 87);
INSERT INTO Game(GID, name, genre, DID) VALUES (227, 'Ōkami', 'Action', 87);
INSERT INTO Game(GID, name, genre, DID) VALUES (228, 'Dead Rising', 'Action', 87);
INSERT INTO Game(GID, name, genre, DID) VALUES (229, 'Marvel vs. Capcom', 'Role-playing', 87);
INSERT INTO Game(GID, name, genre, DID) VALUES (230, 'Breath of Fire', 'Action', 87);
INSERT INTO Game(GID, name, genre, DID) VALUES (231, 'Bionic Commando', 'Role-playing', 87);
INSERT INTO Developer(DID, name, since, CID) VALUES (88, 'Carbine Studios', 2005, 4);
INSERT INTO Game(GID, name, genre, DID) VALUES (232, 'WildStar', 'Action', 88);
INSERT INTO Developer(DID, name, since, CID) VALUES (89, 'Cattle Call', 1998, 0);
INSERT INTO Game(GID, name, genre, DID) VALUES (233, 'Metal Max', '', 89);
INSERT INTO Game(GID, name, genre, DID) VALUES (234, 'Arc the Lad', 'Simulation', 89);
INSERT INTO Country(CID, name, population) VALUES (18, 'Slovakia', 5795199);
INSERT INTO Developer(DID, name, since, CID) VALUES (90, 'Cauldron', 1996, 18);
INSERT INTO Game(GID, name, genre, DID) VALUES (235, 'Chaser', 'Simulation', 90);
INSERT INTO Developer(DID, name, since, CID) VALUES (91, 'Cave', 1994, 0);
INSERT INTO Game(GID, name, genre, DID) VALUES (236, 'DoDonPachi', 'Simulation', 91);
INSERT INTO Developer(DID, name, since, CID) VALUES (92, 'Cavia', 2000, 0);
INSERT INTO Game(GID, name, genre, DID) VALUES (237, 'Drakengard', 'Action', 92);
INSERT INTO Game(GID, name, genre, DID) VALUES (238, 'Nier', '', 92);
INSERT INTO Country(CID, name, population) VALUES (19, 'Iceland', 375318);
INSERT INTO Developer(DID, name, since, CID) VALUES (93, 'CCP Games', 1997, 19);
INSERT INTO Game(GID, name, genre, DID) VALUES (239, 'Eve Online', 'Sports', 93);
INSERT INTO Developer(DID, name, since, CID) VALUES (94, 'CD Projekt Red', 2002, 1);
INSERT INTO Game(GID, name, genre, DID) VALUES (240, 'The Witcher', 'MMO', 94);
INSERT INTO Game(GID, name, genre, DID) VALUES (241, 'Cyberpunk 2077', 'Puzzle', 94);
INSERT INTO Developer(DID, name, since, CID) VALUES (95, 'Chair Entertainment', 2005, 4);
INSERT INTO Game(GID, name, genre, DID) VALUES (242, 'Undertow', 'Puzzle', 95);
INSERT INTO Game(GID, name, genre, DID) VALUES (243, 'Shadow Complex', '', 95);
INSERT INTO Game(GID, name, genre, DID) VALUES (244, 'Infinity Blade', 'Puzzle', 95);
INSERT INTO Developer(DID, name, since, CID) VALUES (96, 'Chunsoft', 1984, 0);
INSERT INTO Game(GID, name, genre, DID) VALUES (245, 'Mystery Dungeon', 'MMO', 96);
INSERT INTO Game(GID, name, genre, DID) VALUES (246, 'Dragon Quest', 'Sports', 96);
INSERT INTO Game(GID, name, genre, DID) VALUES (247, 'I–V', '', 96);
INSERT INTO Developer(DID, name, since, CID) VALUES (97, 'Cing', 1999, 0);
INSERT INTO Game(GID, name, genre, DID) VALUES (248, 'Another Code', 'Sports', 97);
INSERT INTO Game(GID, name, genre, DID) VALUES (249, 'Little King''s Story', 'Action', 97);
INSERT INTO Developer(DID, name, since, CID) VALUES (98, 'Clap Hanz', 1998, 0);
INSERT INTO Game(GID, name, genre, DID) VALUES (250, 'Everybody''s Golf', 'Sports', 98);
INSERT INTO Game(GID, name, genre, DID) VALUES (251, 'Everybody''s Tennis', 'Action-adventure', 98);
INSERT INTO Developer(DID, name, since, CID) VALUES (99, 'Climax Entertainment', 1990, 0);
INSERT INTO Game(GID, name, genre, DID) VALUES (252, 'Runabout', 'Action', 99);
INSERT INTO Developer(DID, name, since, CID) VALUES (100, 'Climax Studios', 1988, 8);
INSERT INTO Game(GID, name, genre, DID) VALUES (253, 'Silent Hill: Origins', 'Role-playing', 100);
INSERT INTO Game(GID, name, genre, DID) VALUES (254, 'Assassin''s Creed Chronicles', 'Action', 100);
INSERT INTO Developer(DID, name, since, CID) VALUES (101, 'Clover Studio', 2004, 0);
INSERT INTO Game(GID, name, genre, DID) VALUES (255, 'Okami', 'Adventure', 101);
INSERT INTO Game(GID, name, genre, DID) VALUES (256, 'God Hand', 'Action', 101);
INSERT INTO Developer(DID, name, since, CID) VALUES (102, 'Codemasters', 1985, 8);
INSERT INTO Game(GID, name, genre, DID) VALUES (257, 'Colin McRae Rally', 'Action-adventure', 102);
INSERT INTO Game(GID, name, genre, DID) VALUES (258, 'Operation Flashpoint', 'Action-adventure', 102);
INSERT INTO Game(GID, name, genre, DID) VALUES (259, 'Grid', 'Action', 102);
INSERT INTO Developer(DID, name, since, CID) VALUES (103, 'Coffee Stain Studios', 2010, 13);
INSERT INTO Game(GID, name, genre, DID) VALUES (260, 'Goat Simulator', 'Puzzle', 103);
INSERT INTO Game(GID, name, genre, DID) VALUES (261, 'Satisfactory', 'Role-playing', 103);
INSERT INTO Developer(DID, name, since, CID) VALUES (104, 'Cohort Studios', 2006, 8);
INSERT INTO Game(GID, name, genre, DID) VALUES (262, 'Buzz! Junior', 'Sports', 104);
INSERT INTO Developer(DID, name, since, CID) VALUES (105, 'Coktel Vision', 1985, 10);
INSERT INTO Game(GID, name, genre, DID) VALUES (263, 'Inca', '', 105);
INSERT INTO Developer(DID, name, since, CID) VALUES (106, 'Colossal Order', 2009, 17);
INSERT INTO Game(GID, name, genre, DID) VALUES (264, 'Cities in Motion', 'Action', 106);
INSERT INTO Game(GID, name, genre, DID) VALUES (265, 'Cities: Skylines', 'Sports', 106);
INSERT INTO Developer(DID, name, since, CID) VALUES (107, 'Compile Heart', 2006, 0);
INSERT INTO Game(GID, name, genre, DID) VALUES (266, 'Hyperdimension Neptunia', 'Simulation', 107);
INSERT INTO Game(GID, name, genre, DID) VALUES (267, 'Mary Skelter', 'Role-playing', 107);
INSERT INTO Game(GID, name, genre, DID) VALUES (268, 'Record of Agarest War', 'Sports', 107);
INSERT INTO Developer(DID, name, since, CID) VALUES (108, 'Compulsion Games', 2009, 11);
INSERT INTO Game(GID, name, genre, DID) VALUES (269, 'Contrast', 'Action-adventure', 108);
INSERT INTO Game(GID, name, genre, DID) VALUES (270, 'We Happy Few', 'Sports', 108);
INSERT INTO Developer(DID, name, since, CID) VALUES (109, 'Com2uS', 1998, 15);
INSERT INTO Game(GID, name, genre, DID) VALUES (271, 'Summoners War: Sky Arena', 'Action', 109);
INSERT INTO Game(GID, name, genre, DID) VALUES (272, 'Skylanders Ring of Heroes', '', 109);
INSERT INTO Developer(DID, name, since, CID) VALUES (110, '(formerly Gamevil)', 2000, 15);
INSERT INTO Game(GID, name, genre, DID) VALUES (273, 'Zenonia', 'Sports', 110);
INSERT INTO Developer(DID, name, since, CID) VALUES (111, 'Core Design', 1988, 8);
INSERT INTO Game(GID, name, genre, DID) VALUES (274, 'Tomb Raider', 'Sports', 111);
INSERT INTO Developer(DID, name, since, CID) VALUES (112, 'Crafts & Meister', 2004, 0);
INSERT INTO Game(GID, name, genre, DID) VALUES (275, 'Gundam Breaker', 'MMO', 112);
INSERT INTO Developer(DID, name, since, CID) VALUES (113, 'Creat Studios', 1990, 4);
INSERT INTO Game(GID, name, genre, DID) VALUES (276, 'American Chopper 2: Full Throttle', 'Action', 113);
INSERT INTO Game(GID, name, genre, DID) VALUES (277, 'Tony Hawk''s Motion', 'Simulation', 113);
INSERT INTO Developer(DID, name, since, CID) VALUES (114, 'Creative Assembly', 1987, 8);
INSERT INTO Game(GID, name, genre, DID) VALUES (278, 'Total War', 'Action', 114);
INSERT INTO Game(GID, name, genre, DID) VALUES (279, 'Alien: Isolation', 'Action', 114);
INSERT INTO Developer(DID, name, since, CID) VALUES (115, 'Creatures', 1995, 0);
INSERT INTO Game(GID, name, genre, DID) VALUES (280, 'Pokémon Ranger', 'Action', 115);
INSERT INTO Game(GID, name, genre, DID) VALUES (281, 'Detective Pikachu', 'MMO', 115);
INSERT INTO Developer(DID, name, since, CID) VALUES (116, 'Criterion Games', 1993, 8);
INSERT INTO Game(GID, name, genre, DID) VALUES (282, 'Burnout', 'Puzzle', 116);
INSERT INTO Country(CID, name, population) VALUES (20, 'Croatia', 4008617);
INSERT INTO Developer(DID, name, since, CID) VALUES (117, 'Croteam', 1993, 20);
INSERT INTO Game(GID, name, genre, DID) VALUES (283, 'Serious Sam', 'Sports', 117);
INSERT INTO Game(GID, name, genre, DID) VALUES (284, 'The Talos Principle', 'Sports', 117);
INSERT INTO Developer(DID, name, since, CID) VALUES (118, 'Cryo Interactive', 1992, 10);
INSERT INTO Game(GID, name, genre, DID) VALUES (285, 'Dune', 'Simulation', 118);
INSERT INTO Game(GID, name, genre, DID) VALUES (286, 'Egypt', 'Action', 118);
INSERT INTO Developer(DID, name, since, CID) VALUES (119, 'Culture Brain Excel', 1980, 0);
INSERT INTO Game(GID, name, genre, DID) VALUES (287, 'Hiryū no Ken', 'Strategy', 119);
INSERT INTO Game(GID, name, genre, DID) VALUES (288, 'Super Chinese', 'Simulation', 119);
INSERT INTO Developer(DID, name, since, CID) VALUES (120, 'Cryptic Studios', 2000, 4);
INSERT INTO Game(GID, name, genre, DID) VALUES (289, 'City of Heroes', 'Puzzle', 120);
INSERT INTO Game(GID, name, genre, DID) VALUES (290, 'Champions Online', 'MMO', 120);
INSERT INTO Game(GID, name, genre, DID) VALUES (291, 'Star Trek Online', 'Action', 120);
INSERT INTO Developer(DID, name, since, CID) VALUES (121, 'Crystal Dynamics', 1992, 4);
INSERT INTO Game(GID, name, genre, DID) VALUES (292, 'Legacy Of Kain', 'Role-playing', 121);
INSERT INTO Developer(DID, name, since, CID) VALUES (122, 'Crytek', 1999, 12);
INSERT INTO Game(GID, name, genre, DID) VALUES (293, 'Far Cry', 'Action', 122);
INSERT INTO Game(GID, name, genre, DID) VALUES (294, 'Crysis', 'Role-playing', 122);
INSERT INTO Game(GID, name, genre, DID) VALUES (295, 'Ryse: Son of Rome', 'Role-playing', 122);
INSERT INTO Developer(DID, name, since, CID) VALUES (123, 'Crytek UK', 1999, 8);
INSERT INTO Game(GID, name, genre, DID) VALUES (296, 'TimeSplitters', 'Action-adventure', 123);
INSERT INTO Developer(DID, name, since, CID) VALUES (124, 'Cyan Worlds', 1987, 4);
INSERT INTO Game(GID, name, genre, DID) VALUES (297, 'Myst', 'Action-adventure', 124);
INSERT INTO Developer(DID, name, since, CID) VALUES (125, 'Cyanide', 2000, 10);
INSERT INTO Game(GID, name, genre, DID) VALUES (298, 'Pro Cycling Manager', 'Action-adventure', 125);
INSERT INTO Developer(DID, name, since, CID) VALUES (126, 'CyberConnect2', 1996, 0);
INSERT INTO Game(GID, name, genre, DID) VALUES (299, '.hack', 'Action', 126);
INSERT INTO Game(GID, name, genre, DID) VALUES (300, '.hack//G.U.', 'Action', 126);
INSERT INTO Game(GID, name, genre, DID) VALUES (301, 'Naruto: Ultimate Ninja', 'Action', 126);
INSERT INTO Game(GID, name, genre, DID) VALUES (302, 'Dragon Ball Z: Kakarot', 'Puzzle', 126);
INSERT INTO Developer(DID, name, since, CID) VALUES (127, ')', 1992, 4);
INSERT INTO Game(GID, name, genre, DID) VALUES (303, 'Majesty: The Fantasy Kingdom Sim', 'Simulation', 127);
INSERT INTO Developer(DID, name, since, CID) VALUES (128, 'CyberStep', 2000, 0);
INSERT INTO Game(GID, name, genre, DID) VALUES (304, 'GetAmped', '', 128);
INSERT INTO Game(GID, name, genre, DID) VALUES (305, 'Cosmic Break', 'Action', 128);
INSERT INTO Game(GID, name, genre, DID) VALUES (306, 'GetAmped2', 'Simulation', 128);
INSERT INTO Game(GID, name, genre, DID) VALUES (307, 'Onigiri', 'MMO', 128);
INSERT INTO Developer(DID, name, since, CID) VALUES (129, 'Cygames', 2011, 0);
INSERT INTO Game(GID, name, genre, DID) VALUES (308, 'The Idolmaster Cinderella Girls', 'Action', 129);
INSERT INTO Game(GID, name, genre, DID) VALUES (309, 'Granblue Fantasy', 'Simulation', 129);
INSERT INTO Game(GID, name, genre, DID) VALUES (310, 'Shadowverse', 'Action', 129);
INSERT INTO Game(GID, name, genre, DID) VALUES (311, 'Princess Connect!', 'Puzzle', 129);
INSERT INTO Game(GID, name, genre, DID) VALUES (312, 'Dragalia Lost', 'Strategy', 129);
INSERT INTO Developer(DID, name, since, CID) VALUES (130, 'Daedalic Entertainment', 2007, 12);
INSERT INTO Game(GID, name, genre, DID) VALUES (313, 'Edna & Harvey', 'Action', 130);
INSERT INTO Game(GID, name, genre, DID) VALUES (314, 'Blackguards', 'Simulation', 130);
INSERT INTO Game(GID, name, genre, DID) VALUES (315, 'The Lord of the Rings: Gollum', 'Action-adventure', 130);
INSERT INTO Developer(DID, name, since, CID) VALUES (131, 'Dambuster Studios', 2014, 8);
INSERT INTO Game(GID, name, genre, DID) VALUES (316, 'Homefront: The Revolution', 'Action', 131);
INSERT INTO Game(GID, name, genre, DID) VALUES (317, 'Dead Island 2', 'Role-playing', 131);
INSERT INTO Developer(DID, name, since, CID) VALUES (132, 'Danger Close Games', 1995, 4);
INSERT INTO Game(GID, name, genre, DID) VALUES (318, 'Medal of Honor', 'Sports', 132);
INSERT INTO Developer(DID, name, since, CID) VALUES (133, 'Day 1 Studios', 2001, 4);
INSERT INTO Game(GID, name, genre, DID) VALUES (319, 'Axis & Allies', 'Action-adventure', 133);
INSERT INTO Game(GID, name, genre, DID) VALUES (320, 'MechAssault', 'Action', 133);
INSERT INTO Developer(DID, name, since, CID) VALUES (134, 'Daybreak Game Company', 1997, 4);
INSERT INTO Game(GID, name, genre, DID) VALUES (321, 'EverQuest', 'Simulation', 134);
INSERT INTO Game(GID, name, genre, DID) VALUES (322, 'PlanetSide', '', 134);
INSERT INTO Game(GID, name, genre, DID) VALUES (323, 'H1Z1', 'Sports', 134);
INSERT INTO Country(CID, name, population) VALUES (21, 'Denmark', 5910913);
INSERT INTO Developer(DID, name, since, CID) VALUES (135, 'Deadline Games', 1996, 21);
INSERT INTO Game(GID, name, genre, DID) VALUES (324, 'Total Overdose', 'Action', 135);
INSERT INTO Game(GID, name, genre, DID) VALUES (325, 'Watchmen: The End Is Nigh', 'Action', 135);
INSERT INTO Game(GID, name, genre, DID) VALUES (326, 'Faith and a .45', 'Action', 135);
INSERT INTO Developer(DID, name, since, CID) VALUES (136, 'Deck13', 2001, 12);
INSERT INTO Game(GID, name, genre, DID) VALUES (327, 'Ankh', 'Action-adventure', 136);
INSERT INTO Game(GID, name, genre, DID) VALUES (328, 'The Surge', 'Puzzle', 136);
INSERT INTO Developer(DID, name, since, CID) VALUES (137, 'DeNA', 1999, 0);
INSERT INTO Game(GID, name, genre, DID) VALUES (329, 'Final Fantasy Record Keeper', 'Action', 137);
INSERT INTO Game(GID, name, genre, DID) VALUES (330, 'Pokémon Masters', 'Adventure', 137);
INSERT INTO Game(GID, name, genre, DID) VALUES (331, 'Mario Kart Tour', 'Role-playing', 137);
INSERT INTO Developer(DID, name, since, CID) VALUES (138, '(Nexon development 3rd division)', 2001, 15);
INSERT INTO Game(GID, name, genre, DID) VALUES (332, 'Mabinogi', '', 138);
INSERT INTO Game(GID, name, genre, DID) VALUES (333, 'Vindictus', 'Simulation', 138);
INSERT INTO Developer(DID, name, since, CID) VALUES (139, 'Die Gute Fabrik', 2006, 21);
INSERT INTO Game(GID, name, genre, DID) VALUES (334, 'Where is my Heart?', 'Role-playing', 139);
INSERT INTO Game(GID, name, genre, DID) VALUES (335, 'Sportsfriends', 'Sports', 139);
INSERT INTO Developer(DID, name, since, CID) VALUES (140, 'Digital Extremes', 1993, 11);
INSERT INTO Game(GID, name, genre, DID) VALUES (336, 'Warframe', 'MMO', 140);
INSERT INTO Developer(DID, name, since, CID) VALUES (141, 'Digital Eclipse', 1992, 4);
INSERT INTO Game(GID, name, genre, DID) VALUES (337, 'Spyro', 'Simulation', 141);
INSERT INTO Country(CID, name, population) VALUES (22, 'Indonesia', 277534122);
INSERT INTO Developer(DID, name, since, CID) VALUES (142, 'Digital Happiness', 2013, 22);
INSERT INTO Game(GID, name, genre, DID) VALUES (338, 'DreadOut', 'Role-playing', 142);
INSERT INTO Country(CID, name, population) VALUES (23, 'Hungary', 10156239);
INSERT INTO Developer(DID, name, since, CID) VALUES (143, 'Digital Reality', 1991, 23);
INSERT INTO Game(GID, name, genre, DID) VALUES (339, 'Imperium Galactica', 'Adventure', 143);
INSERT INTO Developer(DID, name, since, CID) VALUES (144, 'Dimps', 2000, 0);
INSERT INTO Game(GID, name, genre, DID) VALUES (340, 'Street Fighter IV', 'Action', 144);
INSERT INTO Game(GID, name, genre, DID) VALUES (341, 'Crash Boom Bang!', 'Role-playing', 144);
INSERT INTO Game(GID, name, genre, DID) VALUES (342, 'Dragon Ball Z: Budokai', 'Action', 144);
INSERT INTO Game(GID, name, genre, DID) VALUES (343, 'Dragon Ball Xenoverse', 'Action', 144);
INSERT INTO Game(GID, name, genre, DID) VALUES (344, 'Sword Art Online: Fatal Bullet', 'Puzzle', 144);
INSERT INTO Country(CID, name, population) VALUES (24, 'Ireland', 5056935);
INSERT INTO Developer(DID, name, since, CID) VALUES (145, 'Don Bluth Entertainment', 1979, 24);
INSERT INTO Game(GID, name, genre, DID) VALUES (345, 'Dragon''s Lair II', 'Action', 145);
INSERT INTO Game(GID, name, genre, DID) VALUES (346, 'III', 'Puzzle', 145);
INSERT INTO Developer(DID, name, since, CID) VALUES (146, 'Don''t Nod', 2008, 10);
INSERT INTO Game(GID, name, genre, DID) VALUES (347, 'Life Is Strange', '', 146);
INSERT INTO Game(GID, name, genre, DID) VALUES (348, 'Tell Me Why', 'Action-adventure', 146);
INSERT INTO Developer(DID, name, since, CID) VALUES (147, 'DotEmu', 2007, 10);
INSERT INTO Game(GID, name, genre, DID) VALUES (349, 'Wonder Boy: The Dragon''s Trap', 'Action', 147);
INSERT INTO Game(GID, name, genre, DID) VALUES (350, 'Streets of Rage 4', 'Puzzle', 147);
INSERT INTO Developer(DID, name, since, CID) VALUES (148, 'Double Fine Productions', 2000, 4);
INSERT INTO Game(GID, name, genre, DID) VALUES (351, 'Psychonauts', 'Sports', 148);
INSERT INTO Game(GID, name, genre, DID) VALUES (352, 'Broken Age', 'Sports', 148);
INSERT INTO Game(GID, name, genre, DID) VALUES (353, 'Gang Beasts', 'Role-playing', 148);
INSERT INTO Developer(DID, name, since, CID) VALUES (149, 'Dovetail Games', 2008, 8);
INSERT INTO Game(GID, name, genre, DID) VALUES (354, 'Train Simulator', 'Action', 149);
INSERT INTO Developer(DID, name, since, CID) VALUES (150, 'Dynamix', 1984, 4);
INSERT INTO Game(GID, name, genre, DID) VALUES (355, 'Red Baron', 'Action', 150);
INSERT INTO Game(GID, name, genre, DID) VALUES (356, 'Front Page Sports', 'Action', 150);
INSERT INTO Game(GID, name, genre, DID) VALUES (357, 'Betrayal at Krondor', '', 150);
INSERT INTO Game(GID, name, genre, DID) VALUES (358, 'Tribes', 'Action-adventure', 150);
INSERT INTO Game(GID, name, genre, DID) VALUES (359, 'MechWarrior', 'Strategy', 150);
INSERT INTO Developer(DID, name, since, CID) VALUES (151, 'EA Black Box', 1998, 11);
INSERT INTO Game(GID, name, genre, DID) VALUES (360, 'Skate', 'Puzzle', 151);
INSERT INTO Game(GID, name, genre, DID) VALUES (361, 'NHL Hitz', 'Simulation', 151);
INSERT INTO Developer(DID, name, since, CID) VALUES (152, '(EA DICE)', 1992, 13);
INSERT INTO Game(GID, name, genre, DID) VALUES (362, 'Battlefield', 'Role-playing', 152);
INSERT INTO Game(GID, name, genre, DID) VALUES (363, 'Mirror''s Edge', 'MMO', 152);
INSERT INTO Developer(DID, name, since, CID) VALUES (153, 'EA Gothenburg', 2011, 13);
INSERT INTO Game(GID, name, genre, DID) VALUES (364, 'Need for Speed Payback', 'Strategy', 153);
INSERT INTO Developer(DID, name, since, CID) VALUES (154, 'EA Phenomic', 1997, 12);
INSERT INTO Game(GID, name, genre, DID) VALUES (365, 'SpellForce', 'Puzzle', 154);
INSERT INTO Game(GID, name, genre, DID) VALUES (366, 'BattleForge', '', 154);
INSERT INTO Game(GID, name, genre, DID) VALUES (367, 'Lord of Ultima', 'Action-adventure', 154);
INSERT INTO Game(GID, name, genre, DID) VALUES (368, 'Command and Conquer: Tiberium Alliances', 'Adventure', 154);
INSERT INTO Developer(DID, name, since, CID) VALUES (155, 'EA Salt Lake', 1992, 4);
INSERT INTO Game(GID, name, genre, DID) VALUES (369, 'Tiger Woods PGA Tour', 'Action', 155);
INSERT INTO Game(GID, name, genre, DID) VALUES (370, '2001–08', 'Action', 155);
INSERT INTO Game(GID, name, genre, DID) VALUES (371, 'Littlest Pet Shop', 'Action', 155);
INSERT INTO Game(GID, name, genre, DID) VALUES (372, 'Nerf N-Strike', 'Action', 155);
INSERT INTO Game(GID, name, genre, DID) VALUES (373, 'Monopoly Streets', 'Role-playing', 155);
INSERT INTO Developer(DID, name, since, CID) VALUES (156, 'EA Tiburon', 1994, 4);
INSERT INTO Game(GID, name, genre, DID) VALUES (374, 'Madden NFL', 'Action', 156);
INSERT INTO Game(GID, name, genre, DID) VALUES (375, 'NBA Live', 'Action', 156);
INSERT INTO Game(GID, name, genre, DID) VALUES (376, '(2013–)', 'Adventure', 156);
INSERT INTO Game(GID, name, genre, DID) VALUES (377, 'NFL Head Coach', 'Action-adventure', 156);
INSERT INTO Game(GID, name, genre, DID) VALUES (378, 'NCAA Football', 'Role-playing', 156);
INSERT INTO Game(GID, name, genre, DID) VALUES (379, 'EA Sports NASCAR', 'Simulation', 156);
INSERT INTO Game(GID, name, genre, DID) VALUES (380, 'SSX', 'MMO', 127);
INSERT INTO Game(GID, name, genre, DID) VALUES (381, 'NHL', 'Action-adventure', 127);
INSERT INTO Game(GID, name, genre, DID) VALUES (382, '(1994–2010)', 'Sports', 127);
INSERT INTO Developer(DID, name, since, CID) VALUES (157, 'Eagle Dynamics', 1991, 2);
INSERT INTO Game(GID, name, genre, DID) VALUES (383, 'Su-27 Flanker', 'Adventure', 157);
INSERT INTO Game(GID, name, genre, DID) VALUES (384, 'Flanker 2.0', 'Action-adventure', 157);
INSERT INTO Game(GID, name, genre, DID) VALUES (385, 'Lock On: Modern Air Combat', 'Strategy', 157);
INSERT INTO Game(GID, name, genre, DID) VALUES (386, 'DCS World', '', 157);
INSERT INTO Developer(DID, name, since, CID) VALUES (158, 'Eden Games', 1998, 10);
INSERT INTO Game(GID, name, genre, DID) VALUES (387, 'Test Drive Unlimited', 'Action', 158);
INSERT INTO Developer(DID, name, since, CID) VALUES (159, 'Eidos-Montréal', 2007, 11);
INSERT INTO Game(GID, name, genre, DID) VALUES (388, 'Deus Ex', 'Simulation', 159);
INSERT INTO Developer(DID, name, since, CID) VALUES (160, 'Eighting', 1993, 0);
INSERT INTO Game(GID, name, genre, DID) VALUES (389, 'Kururin', 'Puzzle', 160);
INSERT INTO Game(GID, name, genre, DID) VALUES (390, 'Kamen Rider: Climax', 'Action', 160);
INSERT INTO Game(GID, name, genre, DID) VALUES (391, 'Kamen Rider: Battride War', 'Action', 160);
INSERT INTO Game(GID, name, genre, DID) VALUES (392, 'Marvel vs. Capcom 3: Fate of Two Worlds', 'Puzzle', 160);
INSERT INTO Developer(DID, name, since, CID) VALUES (161, 'Electronic Arts', 1982, 4);
INSERT INTO Game(GID, name, genre, DID) VALUES (393, 'FIFA', 'Puzzle', 161);
INSERT INTO Game(GID, name, genre, DID) VALUES (394, 'Need For Speed', 'Action', 161);
INSERT INTO Game(GID, name, genre, DID) VALUES (395, 'Apex Legends', 'Adventure', 161);
INSERT INTO Developer(DID, name, since, CID) VALUES (162, 'Elemental Games', 1999, 2);
INSERT INTO Game(GID, name, genre, DID) VALUES (396, 'Space Rangers', 'Simulation', 162);
INSERT INTO Developer(DID, name, since, CID) VALUES (163, 'Elite Systems', 1984, 8);
INSERT INTO Game(GID, name, genre, DID) VALUES (397, 'Dragon''s Lair: The Legend', 'Adventure', 163);
INSERT INTO Developer(DID, name, since, CID) VALUES (164, 'Ensemble Studios', 1995, 4);
INSERT INTO Game(GID, name, genre, DID) VALUES (398, 'Age of Empires', 'Action-adventure', 164);
INSERT INTO Game(GID, name, genre, DID) VALUES (399, 'Age of Mythology', 'Action', 164);
INSERT INTO Game(GID, name, genre, DID) VALUES (400, 'Halo Wars', 'Role-playing', 164);
INSERT INTO Developer(DID, name, since, CID) VALUES (165, 'Epic Games', 1991, 4);
INSERT INTO Game(GID, name, genre, DID) VALUES (401, 'Unreal', 'Strategy', 165);
INSERT INTO Game(GID, name, genre, DID) VALUES (402, 'Gears of War', 'Action', 165);
INSERT INTO Game(GID, name, genre, DID) VALUES (403, 'Fortnite', 'Sports', 165);
INSERT INTO Developer(DID, name, since, CID) VALUES (166, 'Epics', 1987, 0);
INSERT INTO Game(GID, name, genre, DID) VALUES (404, 'PoPoLoCrois', 'Role-playing', 166);
INSERT INTO Developer(DID, name, since, CID) VALUES (167, 'Epicenter Studios', 2007, 4);
INSERT INTO Game(GID, name, genre, DID) VALUES (405, 'Real Heroes: Firefighter', 'Action', 167);
INSERT INTO Developer(DID, name, since, CID) VALUES (168, '(formerly Softmax)', 1994, 15);
INSERT INTO Game(GID, name, genre, DID) VALUES (406, 'TalesWeaver', 'Sports', 168);
INSERT INTO Developer(DID, name, since, CID) VALUES (169, 'Eric Barone', 2012, 4);
INSERT INTO Game(GID, name, genre, DID) VALUES (407, 'Stardew Valley', 'Simulation', 169);
INSERT INTO Developer(DID, name, since, CID) VALUES (170, 'Epyx', 1978, 4);
INSERT INTO Game(GID, name, genre, DID) VALUES (408, 'California Games', 'Adventure', 170);
INSERT INTO Game(GID, name, genre, DID) VALUES (409, 'Impossible Mission', 'Action', 170);
INSERT INTO Game(GID, name, genre, DID) VALUES (410, 'Jumpman', 'Puzzle', 170);
INSERT INTO Game(GID, name, genre, DID) VALUES (411, 'Pitstop', 'Action-adventure', 170);
INSERT INTO Game(GID, name, genre, DID) VALUES (412, 'Summer Games', 'Action-adventure', 170);
INSERT INTO Developer(DID, name, since, CID) VALUES (171, 'Étranges Libellules', 1994, 10);
INSERT INTO Game(GID, name, genre, DID) VALUES (413, 'Asterix & Obelix XXL', 'Role-playing', 171);
INSERT INTO Game(GID, name, genre, DID) VALUES (414, 'The Legend of Spyro: Dawn of the Dragon', 'Action', 171);
INSERT INTO Developer(DID, name, since, CID) VALUES (172, 'Eugen Systems', 2000, 10);
INSERT INTO Game(GID, name, genre, DID) VALUES (415, 'Act of War', 'Action-adventure', 172);
INSERT INTO Game(GID, name, genre, DID) VALUES (416, 'Wargame', 'Simulation', 172);
INSERT INTO Game(GID, name, genre, DID) VALUES (417, 'Steel Division', 'Action', 172);
INSERT INTO Developer(DID, name, since, CID) VALUES (173, 'Eurocom', 1988, 8);
INSERT INTO Game(GID, name, genre, DID) VALUES (418, 'GoldenEye 007', 'Action-adventure', 173);
INSERT INTO Game(GID, name, genre, DID) VALUES (419, 'Crash Bash', 'Action', 173);
INSERT INTO Game(GID, name, genre, DID) VALUES (420, 'Spyro: A Hero''s Tail', 'Puzzle', 173);
INSERT INTO Developer(DID, name, since, CID) VALUES (174, 'Evolution Studios', 1999, 8);
INSERT INTO Game(GID, name, genre, DID) VALUES (421, 'World Rally Championship', 'Simulation', 174);
INSERT INTO Game(GID, name, genre, DID) VALUES (422, 'MotorStorm', '', 174);
INSERT INTO Developer(DID, name, since, CID) VALUES (175, 'Examu', 2007, 0);
INSERT INTO Game(GID, name, genre, DID) VALUES (423, 'Arcana Heart', 'Role-playing', 175);
INSERT INTO Developer(DID, name, since, CID) VALUES (176, 'Eyedentity Games', 2007, 15);
INSERT INTO Game(GID, name, genre, DID) VALUES (424, 'Dragon Nest', '', 176);
INSERT INTO Developer(DID, name, since, CID) VALUES (177, 'Facepunch Studios', 2009, 8);
INSERT INTO Game(GID, name, genre, DID) VALUES (425, 'Garry''s Mod', 'Simulation', 177);
INSERT INTO Game(GID, name, genre, DID) VALUES (426, 'Rust', 'Action', 177);
INSERT INTO Developer(DID, name, since, CID) VALUES (178, 'FarSight Studios', 1989, 4);
INSERT INTO Game(GID, name, genre, DID) VALUES (427, 'The Pinball Arcade', 'Strategy', 178);
INSERT INTO Developer(DID, name, since, CID) VALUES (179, 'FASA Studio', 1994, 4);
INSERT INTO Game(GID, name, genre, DID) VALUES (428, 'MechCommander', 'Puzzle', 179);
INSERT INTO Game(GID, name, genre, DID) VALUES (429, 'MechWarrior 4', 'Sports', 179);
INSERT INTO Developer(DID, name, since, CID) VALUES (180, 'Fatshark', 2008, 13);
INSERT INTO Game(GID, name, genre, DID) VALUES (430, 'War of the Roses', 'Action', 180);
INSERT INTO Game(GID, name, genre, DID) VALUES (431, 'Bionic Commando Rearmed 2', 'Strategy', 180);
INSERT INTO Game(GID, name, genre, DID) VALUES (432, 'Warhammer: Vermintide', 'Adventure', 180);
INSERT INTO Developer(DID, name, since, CID) VALUES (181, 'feelplus', 1992, 0);
INSERT INTO Game(GID, name, genre, DID) VALUES (433, 'No More Heroes: Heroes'' Paradise', 'Simulation', 181);
INSERT INTO Developer(DID, name, since, CID) VALUES (182, 'Felistella', 2010, 0);
INSERT INTO Game(GID, name, genre, DID) VALUES (434, 'Summon Night 5', 'Action', 182);
INSERT INTO Developer(DID, name, since, CID) VALUES (183, 'Firaxis Games', 1996, 4);
INSERT INTO Game(GID, name, genre, DID) VALUES (435, 'Civilization', 'Sports', 183);
INSERT INTO Game(GID, name, genre, DID) VALUES (436, 'XCOM', '', 183);
INSERT INTO Developer(DID, name, since, CID) VALUES (184, 'Firefly Studios', 1999, 8);
INSERT INTO Game(GID, name, genre, DID) VALUES (437, 'Stronghold', 'Adventure', 184);
INSERT INTO Developer(DID, name, since, CID) VALUES (185, 'Flagship Studios', 2003, 4);
INSERT INTO Game(GID, name, genre, DID) VALUES (438, 'Hellgate:London', 'Puzzle', 185);
INSERT INTO Game(GID, name, genre, DID) VALUES (439, 'Mythos', 'MMO', 185);
INSERT INTO Developer(DID, name, since, CID) VALUES (186, 'Flight-Plan', 1989, 0);
INSERT INTO Game(GID, name, genre, DID) VALUES (440, 'Black/Matrix', 'Role-playing', 186);
INSERT INTO Game(GID, name, genre, DID) VALUES (441, 'Summon Night', 'Action', 186);
INSERT INTO Developer(DID, name, since, CID) VALUES (187, 'Flying Wild Hog', 2009, 1);
INSERT INTO Game(GID, name, genre, DID) VALUES (442, 'Hard Reset', 'Simulation', 187);
INSERT INTO Game(GID, name, genre, DID) VALUES (443, 'Shadow Warrior', '', 187);
INSERT INTO Developer(DID, name, since, CID) VALUES (188, 'Focus Entertainment', 1996, 10);
INSERT INTO Game(GID, name, genre, DID) VALUES (444, 'Cities XL', 'Action', 188);
INSERT INTO Developer(DID, name, since, CID) VALUES (189, 'FoxNext', 2017, 4);
INSERT INTO Game(GID, name, genre, DID) VALUES (445, 'Marvel Strike Force', '', 189);
INSERT INTO Developer(DID, name, since, CID) VALUES (190, 'Frictional Games', 2001, 13);
INSERT INTO Game(GID, name, genre, DID) VALUES (446, 'Penumbra', 'Action', 190);
INSERT INTO Game(GID, name, genre, DID) VALUES (447, 'Amnesia: The Dark Descent', 'Action', 190);
INSERT INTO Game(GID, name, genre, DID) VALUES (448, 'SOMA', 'Action', 190);
INSERT INTO Developer(DID, name, since, CID) VALUES (191, 'Frogwares', 2000, 7);
INSERT INTO Game(GID, name, genre, DID) VALUES (449, 'Adventures of Sherlock Holmes', 'Action', 191);
INSERT INTO Developer(DID, name, since, CID) VALUES (192, 'Frog City Software', 1994, 4);
INSERT INTO Game(GID, name, genre, DID) VALUES (450, 'Imperialism', 'Action', 192);
INSERT INTO Game(GID, name, genre, DID) VALUES (451, 'Tropico 2: Pirate Cove', 'Action', 192);
INSERT INTO Developer(DID, name, since, CID) VALUES (193, 'FromSoftware', 1986, 0);
INSERT INTO Game(GID, name, genre, DID) VALUES (452, 'Armored Core', 'Role-playing', 193);
INSERT INTO Game(GID, name, genre, DID) VALUES (453, 'Dark Souls', 'Simulation', 193);
INSERT INTO Game(GID, name, genre, DID) VALUES (454, 'Bloodborne', 'Role-playing', 193);
INSERT INTO Game(GID, name, genre, DID) VALUES (455, 'Sekiro', 'Action', 193);
INSERT INTO Game(GID, name, genre, DID) VALUES (456, 'Elden Ring', 'Simulation', 193);
INSERT INTO Developer(DID, name, since, CID) VALUES (194, 'Frontier Developments', 1994, 8);
INSERT INTO Game(GID, name, genre, DID) VALUES (457, 'Elite', 'Puzzle', 194);
INSERT INTO Game(GID, name, genre, DID) VALUES (458, 'Thrillville', 'Action', 194);
INSERT INTO Game(GID, name, genre, DID) VALUES (459, 'LostWinds', 'Action', 194);
INSERT INTO Game(GID, name, genre, DID) VALUES (460, 'Kinectimals', 'Adventure', 194);
INSERT INTO Game(GID, name, genre, DID) VALUES (461, 'RollerCoaster Tycoon 3', 'Action-adventure', 194);
INSERT INTO Game(GID, name, genre, DID) VALUES (462, 'Planet Coaster', 'MMO', 194);
INSERT INTO Developer(DID, name, since, CID) VALUES (195, 'Frozenbyte', 2001, 17);
INSERT INTO Game(GID, name, genre, DID) VALUES (463, 'Shadowgrounds', 'Puzzle', 195);
INSERT INTO Game(GID, name, genre, DID) VALUES (464, 'Trine', 'Action-adventure', 195);
INSERT INTO Developer(DID, name, since, CID) VALUES (196, 'FTL Games', 1982, 4);
INSERT INTO Game(GID, name, genre, DID) VALUES (465, 'Dungeon Master', 'Action', 196);
INSERT INTO Country(CID, name, population) VALUES (25, 'Romania', 19892812);
INSERT INTO Developer(DID, name, since, CID) VALUES (197, 'Fun Labs', 1999, 25);
INSERT INTO Game(GID, name, genre, DID) VALUES (466, 'MIB: Alien Crisis', 'Action', 197);
INSERT INTO Game(GID, name, genre, DID) VALUES (467, 'Cabela''s', 'Adventure', 197);
INSERT INTO Country(CID, name, population) VALUES (26, 'Norway', 5474360);
INSERT INTO Developer(DID, name, since, CID) VALUES (198, 'Funcom', 1993, 26);
INSERT INTO Game(GID, name, genre, DID) VALUES (468, 'The Longest Journey', 'MMO', 198);
INSERT INTO Game(GID, name, genre, DID) VALUES (469, 'Anarchy Online', 'Role-playing', 198);
INSERT INTO Game(GID, name, genre, DID) VALUES (470, 'Age of Conan', 'Action', 198);
INSERT INTO Game(GID, name, genre, DID) VALUES (471, 'The Secret World', 'Action', 198);
INSERT INTO Game(GID, name, genre, DID) VALUES (472, 'Conan Exiles', 'Action-adventure', 198);
INSERT INTO Developer(DID, name, since, CID) VALUES (199, 'FuRyu', 2007, 0);
INSERT INTO Game(GID, name, genre, DID) VALUES (473, 'Unchained Blades', 'Role-playing', 199);
INSERT INTO Game(GID, name, genre, DID) VALUES (474, 'Beyblade Burst', 'Action-adventure', 199);
INSERT INTO Game(GID, name, genre, DID) VALUES (475, 'Cardfight!! Vanguard', 'Strategy', 199);
INSERT INTO Developer(DID, name, since, CID) VALUES (200, 'Futuremark', 1997, 17);
INSERT INTO Game(GID, name, genre, DID) VALUES (476, 'Shattered Horizon', '', 200);
INSERT INTO Developer(DID, name, since, CID) VALUES (201, 'Gaijin Entertainment', 2002, 23);
INSERT INTO Game(GID, name, genre, DID) VALUES (477, 'War Thunder', 'Action', 201);
INSERT INTO Game(GID, name, genre, DID) VALUES (478, 'IL-2 Sturmovik: Birds of Prey', '', 201);
INSERT INTO Developer(DID, name, since, CID) VALUES (202, 'Game Arts', 1985, 0);
INSERT INTO Game(GID, name, genre, DID) VALUES (479, 'Thexder', 'Adventure', 202);
INSERT INTO Game(GID, name, genre, DID) VALUES (480, 'Lunar', 'Action', 202);
INSERT INTO Game(GID, name, genre, DID) VALUES (481, 'Grandia', 'Action', 202);
INSERT INTO Developer(DID, name, since, CID) VALUES (203, 'Game Freak', 1989, 0);
INSERT INTO Game(GID, name, genre, DID) VALUES (482, 'Pokémon', 'Action', 203);
INSERT INTO Game(GID, name, genre, DID) VALUES (483, 'Pocket Card Jockey', 'MMO', 203);
INSERT INTO Developer(DID, name, since, CID) VALUES (204, 'GameHouse', 1998, 4);
INSERT INTO Game(GID, name, genre, DID) VALUES (484, 'Delicious', 'Action', 204);
INSERT INTO Developer(DID, name, since, CID) VALUES (205, 'Gameloft', 1999, 10);
INSERT INTO Game(GID, name, genre, DID) VALUES (485, 'Modern Combat: Domination', 'Action', 205);
INSERT INTO Game(GID, name, genre, DID) VALUES (486, 'Order & Chaos Online', 'Puzzle', 205);
INSERT INTO Game(GID, name, genre, DID) VALUES (487, 'Assassin''s Creed', 'Adventure', 205);
INSERT INTO Game(GID, name, genre, DID) VALUES (488, '(for mobile)', 'Adventure', 205);
INSERT INTO Game(GID, name, genre, DID) VALUES (489, 'Asphalt', 'Puzzle', 205);
INSERT INTO Developer(DID, name, since, CID) VALUES (206, 'Ganbarion', 1999, 0);
INSERT INTO Game(GID, name, genre, DID) VALUES (490, 'One Piece', '', 206);
INSERT INTO Game(GID, name, genre, DID) VALUES (491, 'Jump Super Stars', 'Role-playing', 206);
INSERT INTO Game(GID, name, genre, DID) VALUES (492, 'Wii Fit U', 'Simulation', 206);
INSERT INTO Game(GID, name, genre, DID) VALUES (493, 'Dragon Ball Fusions', 'Action-adventure', 206);
INSERT INTO Developer(DID, name, since, CID) VALUES (207, 'Gearbox Software', 1999, 4);
INSERT INTO Game(GID, name, genre, DID) VALUES (494, 'Brothers In Arms', '', 207);
INSERT INTO Game(GID, name, genre, DID) VALUES (495, 'Borderlands', 'Action', 207);
INSERT INTO Game(GID, name, genre, DID) VALUES (496, 'Half-Life: Opposing Force', 'Action-adventure', 207);
INSERT INTO Game(GID, name, genre, DID) VALUES (497, 'Risk of Rain', 'Action', 207);
INSERT INTO Developer(DID, name, since, CID) VALUES (208, 'Genius Sonority', 2002, 0);
INSERT INTO Game(GID, name, genre, DID) VALUES (498, 'Pokémon Colosseum', 'Action', 208);
INSERT INTO Game(GID, name, genre, DID) VALUES (499, 'Pokémon Trozei!', 'Action-adventure', 208);
INSERT INTO Game(GID, name, genre, DID) VALUES (500, 'The Denpa Men', 'Action', 208);
INSERT INTO Developer(DID, name, since, CID) VALUES (209, 'Genki', 1990, 0);
INSERT INTO Game(GID, name, genre, DID) VALUES (501, 'Shutokou Battle', '', 209);
INSERT INTO Developer(DID, name, since, CID) VALUES (210, 'Glu Mobile', 2001, 4);
INSERT INTO Game(GID, name, genre, DID) VALUES (502, 'Deer Hunter', 'Action-adventure', 210);
INSERT INTO Developer(DID, name, since, CID) VALUES (211, 'Good-Feel', 2005, 0);
INSERT INTO Game(GID, name, genre, DID) VALUES (503, 'Kirby''s Epic Yarn', 'Action', 211);
INSERT INTO Game(GID, name, genre, DID) VALUES (504, 'Yoshi''s Woolly World', 'Action-adventure', 211);
INSERT INTO Game(GID, name, genre, DID) VALUES (505, 'Yoshi''s Crafted World', 'Sports', 211);
INSERT INTO Developer(DID, name, since, CID) VALUES (212, 'Granzella', 2011, 0);
INSERT INTO Game(GID, name, genre, DID) VALUES (506, 'Disaster Report 4 Plus', 'Action-adventure', 212);
INSERT INTO Developer(DID, name, since, CID) VALUES (213, 'Grasshopper Manufacture', 1998, 0);
INSERT INTO Game(GID, name, genre, DID) VALUES (507, 'The Silver Case', 'Action', 213);
INSERT INTO Game(GID, name, genre, DID) VALUES (508, 'Flower, Sun, and Rain', 'Strategy', 213);
INSERT INTO Game(GID, name, genre, DID) VALUES (509, 'killer7', 'Sports', 213);
INSERT INTO Game(GID, name, genre, DID) VALUES (510, 'No More Heroes', 'Action', 213);
INSERT INTO Game(GID, name, genre, DID) VALUES (511, 'Shadows of the Damned', 'Action', 213);
INSERT INTO Game(GID, name, genre, DID) VALUES (512, 'Lollipop Chainsaw', 'Puzzle', 213);
INSERT INTO Game(GID, name, genre, DID) VALUES (513, 'Killer Is Dead', '', 213);
INSERT INTO Game(GID, name, genre, DID) VALUES (514, 'Let It Die', 'Role-playing', 213);
INSERT INTO Developer(DID, name, since, CID) VALUES (214, 'Gravity', 2000, 15);
INSERT INTO Game(GID, name, genre, DID) VALUES (515, 'Ragnarok Online', 'Sports', 214);
INSERT INTO Developer(DID, name, since, CID) VALUES (215, 'Gray Matter Studios', 1993, 4);
INSERT INTO Game(GID, name, genre, DID) VALUES (516, 'Call of Duty: United Offensive', 'Action', 215);
INSERT INTO Developer(DID, name, since, CID) VALUES (216, 'Gremlin Interactive', 1984, 8);
INSERT INTO Game(GID, name, genre, DID) VALUES (517, 'Monopoly (1997)', 'Sports', 216);
INSERT INTO Game(GID, name, genre, DID) VALUES (518, 'Zool', 'Sports', 216);
INSERT INTO Game(GID, name, genre, DID) VALUES (519, 'Premier Manager', 'Action-adventure', 216);
INSERT INTO Developer(DID, name, since, CID) VALUES (217, 'Grezzo', 2006, 0);
INSERT INTO Game(GID, name, genre, DID) VALUES (520, 'The Legend of Zelda: Ocarina of Time 3D', '', 217);
INSERT INTO Game(GID, name, genre, DID) VALUES (521, 'The Legend of Zelda: Majora''s Mask 3D', 'Action', 217);
INSERT INTO Game(GID, name, genre, DID) VALUES (522, 'The Legend of Zelda: Tri Force Heroes', 'Action', 217);
INSERT INTO Game(GID, name, genre, DID) VALUES (523, 'Ever Oasis', 'Action', 217);
INSERT INTO Game(GID, name, genre, DID) VALUES (524, 'The Legend of Zelda: Link''s Awakening (2019 Remake)', 'Action', 217);
INSERT INTO Developer(DID, name, since, CID) VALUES (218, 'Grin', 1997, 13);
INSERT INTO Game(GID, name, genre, DID) VALUES (525, 'Bionic Commando Rearmed', 'Action', 218);
INSERT INTO Game(GID, name, genre, DID) VALUES (526, 'Bionic Commando (2009)', 'Action', 218);
INSERT INTO Country(CID, name, population) VALUES (27, 'New Zealand', 5228100);
INSERT INTO Developer(DID, name, since, CID) VALUES (219, 'Grinding Gear Games', 2006, 27);
INSERT INTO Game(GID, name, genre, DID) VALUES (527, 'Path of Exile', 'Sports', 219);
INSERT INTO Developer(DID, name, since, CID) VALUES (220, 'Griptonite Games', 1994, 4);
INSERT INTO Game(GID, name, genre, DID) VALUES (528, 'Marvel Super Hero Squad: Comic Combat', 'Adventure', 220);
INSERT INTO Developer(DID, name, since, CID) VALUES (221, 'GSC Game World', 1995, 7);
INSERT INTO Game(GID, name, genre, DID) VALUES (529, 'Cossacks', 'Adventure', 221);
INSERT INTO Game(GID, name, genre, DID) VALUES (530, 'S.T.A.L.K.E.R', 'Action-adventure', 221);
INSERT INTO Developer(DID, name, since, CID) VALUES (222, 'Guerrilla Cambridge', 1997, 8);
INSERT INTO Game(GID, name, genre, DID) VALUES (531, 'MediEvil', 'Simulation', 222);
INSERT INTO Country(CID, name, population) VALUES (28, 'Netherlands', 17618299);
INSERT INTO Developer(DID, name, since, CID) VALUES (223, 'Guerrilla Games', 2000, 28);
INSERT INTO Game(GID, name, genre, DID) VALUES (532, 'Killzone', 'Action-adventure', 223);
INSERT INTO Game(GID, name, genre, DID) VALUES (533, 'Horizon', 'Role-playing', 223);
INSERT INTO Developer(DID, name, since, CID) VALUES (224, 'Gunfire Games', 2014, 4);
INSERT INTO Game(GID, name, genre, DID) VALUES (534, 'Darksiders', 'Action', 224);
INSERT INTO Game(GID, name, genre, DID) VALUES (535, 'Remnant: From the Ashes', 'Action', 224);
INSERT INTO Developer(DID, name, since, CID) VALUES (225, 'GungHo Online Entertainment', 1998, 0);
INSERT INTO Game(GID, name, genre, DID) VALUES (536, 'Puzzle & Dragons', 'Puzzle', 225);
INSERT INTO Developer(DID, name, since, CID) VALUES (226, 'Gust', 1993, 0);
INSERT INTO Game(GID, name, genre, DID) VALUES (537, 'Atelier', 'Action', 226);
INSERT INTO Game(GID, name, genre, DID) VALUES (538, 'Blue Reflection', 'Action', 226);
INSERT INTO Game(GID, name, genre, DID) VALUES (539, 'Fairy Tail', 'Simulation', 226);
INSERT INTO Country(CID, name, population) VALUES (29, 'Bulgaria', 6687717);
INSERT INTO Developer(DID, name, since, CID) VALUES (227, 'Haemimont Games', 1997, 29);
INSERT INTO Game(GID, name, genre, DID) VALUES (540, 'Tropico 3', 'Action-adventure', 227);
INSERT INTO Developer(DID, name, since, CID) VALUES (228, 'HAL Laboratory', 1980, 0);
INSERT INTO Game(GID, name, genre, DID) VALUES (541, 'Kirby', 'Strategy', 228);
INSERT INTO Game(GID, name, genre, DID) VALUES (542, 'Earthbound/Mother', 'Sports', 228);
INSERT INTO Game(GID, name, genre, DID) VALUES (543, 'Pokémon Snap', '', 228);
INSERT INTO Developer(DID, name, since, CID) VALUES (229, 'Halfbrick', 2001, 16);
INSERT INTO Game(GID, name, genre, DID) VALUES (544, 'Fruit Ninja', 'Adventure', 229);
INSERT INTO Game(GID, name, genre, DID) VALUES (545, 'Jetpack Joyride', 'Action', 229);
INSERT INTO Developer(DID, name, since, CID) VALUES (230, 'h.a.n.d.', 1993, 0);
INSERT INTO Game(GID, name, genre, DID) VALUES (546, 'Aikatsu!', 'Action', 230);
INSERT INTO Game(GID, name, genre, DID) VALUES (547, 'Kingdom Hearts 358/2 Days', 'Simulation', 230);
INSERT INTO Game(GID, name, genre, DID) VALUES (548, 'Disney Magical World', 'Sports', 230);
INSERT INTO Developer(DID, name, since, CID) VALUES (231, 'Hangar 13', 2014, 4);
INSERT INTO Game(GID, name, genre, DID) VALUES (549, 'Mafia III', 'Adventure', 231);
INSERT INTO Developer(DID, name, since, CID) VALUES (232, 'Harebrained Schemes', 2011, 4);
INSERT INTO Game(GID, name, genre, DID) VALUES (550, 'Shadowrun Returns', 'Role-playing', 232);
INSERT INTO Game(GID, name, genre, DID) VALUES (551, 'Shadowrun: Dragonfall', 'Action', 232);
INSERT INTO Game(GID, name, genre, DID) VALUES (552, 'Shadowrun: Hong Kong', 'Action', 232);
INSERT INTO Developer(DID, name, since, CID) VALUES (233, 'Harmonix Music Systems', 1995, 4);
INSERT INTO Game(GID, name, genre, DID) VALUES (553, 'Guitar Hero', 'Sports', 233);
INSERT INTO Game(GID, name, genre, DID) VALUES (554, 'I–II', 'Action', 233);
INSERT INTO Game(GID, name, genre, DID) VALUES (555, 'Rock Band', 'Adventure', 233);
INSERT INTO Game(GID, name, genre, DID) VALUES (556, 'Dance Central', 'Sports', 233);
INSERT INTO Developer(DID, name, since, CID) VALUES (234, 'Hazelight Studios', 2014, 13);
INSERT INTO Game(GID, name, genre, DID) VALUES (557, 'It Takes Two', 'Puzzle', 234);
INSERT INTO Developer(DID, name, since, CID) VALUES (235, 'Headstrong Games', 2000, 8);
INSERT INTO Game(GID, name, genre, DID) VALUES (558, 'Battalion Wars', 'Action', 235);
INSERT INTO Game(GID, name, genre, DID) VALUES (559, 'Art Academy', 'Simulation', 235);
INSERT INTO Developer(DID, name, since, CID) VALUES (236, 'Heartbeat', 1992, 0);
INSERT INTO Game(GID, name, genre, DID) VALUES (560, 'VI–VII', 'Action-adventure', 236);
INSERT INTO Developer(DID, name, since, CID) VALUES (237, 'Heavy Iron Studios', 1999, 4);
INSERT INTO Game(GID, name, genre, DID) VALUES (561, 'SpongeBob''s Truth or Square', 'Adventure', 237);
INSERT INTO Game(GID, name, genre, DID) VALUES (562, 'UFC Personal Trainer', 'Action', 237);
INSERT INTO Game(GID, name, genre, DID) VALUES (563, 'Family Guy: Back to the Multiverse', 'Sports', 237);
INSERT INTO Developer(DID, name, since, CID) VALUES (238, 'HB Studios', 2000, 11);
INSERT INTO Game(GID, name, genre, DID) VALUES (564, 'PGA Tour 2K', 'Action', 238);
INSERT INTO Developer(DID, name, since, CID) VALUES (239, 'HeroCraft', 2001, 2);
INSERT INTO Game(GID, name, genre, DID) VALUES (565, 'Warhammer 40,000: Space Wolf', 'Role-playing', 239);
INSERT INTO Developer(DID, name, since, CID) VALUES (240, 'HexaDrive', 2007, 0);
INSERT INTO Game(GID, name, genre, DID) VALUES (566, 'Rez HD', 'Action-adventure', 240);
INSERT INTO Game(GID, name, genre, DID) VALUES (567, 'Ōkami HD', 'Puzzle', 240);
INSERT INTO Game(GID, name, genre, DID) VALUES (568, 'Super Bomberman R', 'Simulation', 240);
INSERT INTO Developer(DID, name, since, CID) VALUES (241, 'High Impact Games', 2003, 4);
INSERT INTO Game(GID, name, genre, DID) VALUES (569, 'Ratchet & Clank: Size Matters', 'Puzzle', 241);
INSERT INTO Game(GID, name, genre, DID) VALUES (570, 'Secret Agent Clank', 'Action', 241);
INSERT INTO Game(GID, name, genre, DID) VALUES (571, 'Jak and Daxter: The Lost Frontier', 'Strategy', 241);
INSERT INTO Developer(DID, name, since, CID) VALUES (242, 'High Moon Studios', 2005, 4);
INSERT INTO Game(GID, name, genre, DID) VALUES (572, 'Transformers: War for Cybertron', 'Adventure', 242);
INSERT INTO Game(GID, name, genre, DID) VALUES (573, 'Deadpool', 'Puzzle', 242);
INSERT INTO Developer(DID, name, since, CID) VALUES (243, 'High Voltage Software', 1993, 4);
INSERT INTO Game(GID, name, genre, DID) VALUES (574, 'The Conduit', '', 243);
INSERT INTO Developer(DID, name, since, CID) VALUES (244, 'Hothead Games', 2006, 11);
INSERT INTO Game(GID, name, genre, DID) VALUES (575, 'DeathSpank', 'Adventure', 244);
INSERT INTO Game(GID, name, genre, DID) VALUES (576, 'Swarm', 'Action', 244);
INSERT INTO Developer(DID, name, since, CID) VALUES (245, 'Housemarque', 1995, 17);
INSERT INTO Game(GID, name, genre, DID) VALUES (577, 'Super Stardust', 'Action', 245);
INSERT INTO Game(GID, name, genre, DID) VALUES (578, 'Returnal', 'Simulation', 245);
INSERT INTO Developer(DID, name, since, CID) VALUES (246, 'Hudson Soft', 1973, 0);
INSERT INTO Game(GID, name, genre, DID) VALUES (579, 'Bomberman', 'Adventure', 246);
INSERT INTO Game(GID, name, genre, DID) VALUES (580, 'Adventure Island', 'Adventure', 246);
INSERT INTO Game(GID, name, genre, DID) VALUES (581, 'Far East of Eden', 'Sports', 246);
INSERT INTO Game(GID, name, genre, DID) VALUES (582, 'Momotaro Dentetsu', 'Puzzle', 246);
INSERT INTO Game(GID, name, genre, DID) VALUES (583, 'Mario Party', 'Action', 246);
INSERT INTO Developer(DID, name, since, CID) VALUES (247, 'Human Entertainment', 1983, 0);
INSERT INTO Game(GID, name, genre, DID) VALUES (584, 'Fire Pro Wrestling', 'Strategy', 247);
INSERT INTO Game(GID, name, genre, DID) VALUES (585, 'Formation Soccer', 'MMO', 247);
INSERT INTO Game(GID, name, genre, DID) VALUES (586, 'Twilight Syndrome', 'Action-adventure', 247);
INSERT INTO Developer(DID, name, since, CID) VALUES (248, 'Human Head Studios', 1997, 4);
INSERT INTO Game(GID, name, genre, DID) VALUES (587, 'Rune', 'Action', 248);
INSERT INTO Developer(DID, name, since, CID) VALUES (249, 'Humongous Entertainment', 1992, 4);
INSERT INTO Game(GID, name, genre, DID) VALUES (588, 'Fatty Bear''s Birthday Surprise', 'Action', 249);
INSERT INTO Game(GID, name, genre, DID) VALUES (589, 'Putt-Putt', 'Role-playing', 249);
INSERT INTO Game(GID, name, genre, DID) VALUES (590, 'Freddi Fish', 'Simulation', 249);
INSERT INTO Game(GID, name, genre, DID) VALUES (591, 'Pajama Sam', 'Action', 249);
INSERT INTO Game(GID, name, genre, DID) VALUES (592, 'Spy Fox', 'Strategy', 249);
INSERT INTO Game(GID, name, genre, DID) VALUES (593, 'Backyard Sports', 'Action-adventure', 249);
INSERT INTO Developer(DID, name, since, CID) VALUES (250, 'Ice-Pick Lodge', 2002, 2);
INSERT INTO Game(GID, name, genre, DID) VALUES (594, 'Pathologic', 'Action', 250);
INSERT INTO Developer(DID, name, since, CID) VALUES (251, 'id Software', 1991, 4);
INSERT INTO Game(GID, name, genre, DID) VALUES (595, 'Wolfenstein', 'Action-adventure', 251);
INSERT INTO Game(GID, name, genre, DID) VALUES (596, 'Doom', 'Action', 251);
INSERT INTO Game(GID, name, genre, DID) VALUES (597, 'Quake', 'Adventure', 251);
INSERT INTO Developer(DID, name, since, CID) VALUES (252, 'Idea Factory', 1994, 0);
INSERT INTO Game(GID, name, genre, DID) VALUES (598, 'Amnesia', 'Action-adventure', 252);
INSERT INTO Developer(DID, name, since, CID) VALUES (253, 'Idol Minds', 1997, 4);
INSERT INTO Game(GID, name, genre, DID) VALUES (599, 'Cool Boarders', 'Sports', 253);
INSERT INTO Game(GID, name, genre, DID) VALUES (600, '3–4', 'Sports', 253);
INSERT INTO Game(GID, name, genre, DID) VALUES (601, 'Pain', 'Action', 253);
INSERT INTO Game(GID, name, genre, DID) VALUES (602, 'Neopets', 'Action', 253);
INSERT INTO Game(GID, name, genre, DID) VALUES (603, ': Darkest Faerie', 'Action-adventure', 253);
INSERT INTO Game(GID, name, genre, DID) VALUES (604, 'Rally Cross', 'Sports', 253);
INSERT INTO Developer(DID, name, since, CID) VALUES (254, 'Imageepoch', 2005, 0);
INSERT INTO Game(GID, name, genre, DID) VALUES (605, 'Luminous Arc', 'Role-playing', 254);
INSERT INTO Game(GID, name, genre, DID) VALUES (606, 'Fate/Extra', 'Action-adventure', 254);
INSERT INTO Developer(DID, name, since, CID) VALUES (255, 'Image & Form', 1997, 13);
INSERT INTO Game(GID, name, genre, DID) VALUES (607, 'SteamWorld', 'Action', 255);
INSERT INTO Developer(DID, name, since, CID) VALUES (256, 'Imagineer', 1986, 0);
INSERT INTO Game(GID, name, genre, DID) VALUES (608, 'Shape Boxing', 'Simulation', 256);
INSERT INTO Developer(DID, name, since, CID) VALUES (257, 'Infocom', 1979, 4);
INSERT INTO Game(GID, name, genre, DID) VALUES (609, 'Zork', 'Puzzle', 257);
INSERT INTO Game(GID, name, genre, DID) VALUES (610, 'Planetfall', 'Role-playing', 257);
INSERT INTO Game(GID, name, genre, DID) VALUES (611, 'The Hitchhiker''s Guide to the Galaxy', 'Action', 257);
INSERT INTO Game(GID, name, genre, DID) VALUES (612, 'Leather Goddesses of Phobos', 'Action-adventure', 257);
INSERT INTO Developer(DID, name, since, CID) VALUES (258, 'Incognito Entertainment', 1999, 4);
INSERT INTO Game(GID, name, genre, DID) VALUES (613, 'Warhawk (2007)', 'Action-adventure', 258);
INSERT INTO Developer(DID, name, since, CID) VALUES (259, 'Incredible Technologies', 1985, 4);
INSERT INTO Game(GID, name, genre, DID) VALUES (614, 'Golden Tee Golf', 'Action', 259);
INSERT INTO Developer(DID, name, since, CID) VALUES (260, 'indieszero', 1997, 0);
INSERT INTO Game(GID, name, genre, DID) VALUES (615, 'Cooking Guide: Can''t Decide What to Eat?', 'Simulation', 260);
INSERT INTO Game(GID, name, genre, DID) VALUES (616, 'Theatrhythm', 'Action', 260);
INSERT INTO Game(GID, name, genre, DID) VALUES (617, 'Kingdom Hearts: Melody of Memory', 'Strategy', 260);
INSERT INTO Developer(DID, name, since, CID) VALUES (261, 'Innerloop Studios', 1996, 26);
INSERT INTO Game(GID, name, genre, DID) VALUES (618, 'Project I.G.I.', 'Puzzle', 261);
INSERT INTO Developer(DID, name, since, CID) VALUES (262, 'Insomniac Games', 1994, 4);
INSERT INTO Game(GID, name, genre, DID) VALUES (619, 'Spyro the Dragon', 'Action', 262);
INSERT INTO Game(GID, name, genre, DID) VALUES (620, 'Ratchet & Clank', 'Action-adventure', 262);
INSERT INTO Game(GID, name, genre, DID) VALUES (621, 'Resistance', 'Strategy', 262);
INSERT INTO Game(GID, name, genre, DID) VALUES (622, 'Sunset Overdrive', 'Adventure', 262);
INSERT INTO Game(GID, name, genre, DID) VALUES (623, 'Spider-Man (2018)', 'Role-playing', 262);
INSERT INTO Developer(DID, name, since, CID) VALUES (263, 'Intelligent Systems', 1986, 0);
INSERT INTO Game(GID, name, genre, DID) VALUES (624, 'Fire Emblem', 'Role-playing', 263);
INSERT INTO Game(GID, name, genre, DID) VALUES (625, 'Advance Wars', 'Strategy', 263);
INSERT INTO Game(GID, name, genre, DID) VALUES (626, 'Paper Mario', '', 263);
INSERT INTO Game(GID, name, genre, DID) VALUES (627, 'Puzzle League', 'Action', 263);
INSERT INTO Developer(DID, name, since, CID) VALUES (264, 'Interplay Entertainment', 1983, 4);
INSERT INTO Game(GID, name, genre, DID) VALUES (628, 'Earthworm Jim', 'Simulation', 264);
INSERT INTO Game(GID, name, genre, DID) VALUES (629, 'ClayFighter', 'Action', 264);
INSERT INTO Game(GID, name, genre, DID) VALUES (630, 'Wasteland', 'Simulation', 264);
INSERT INTO Game(GID, name, genre, DID) VALUES (631, 'The Bard''s Tale', 'Action', 264);
INSERT INTO Developer(DID, name, since, CID) VALUES (265, 'Inti Creates', 1996, 0);
INSERT INTO Game(GID, name, genre, DID) VALUES (632, 'Gunvolt', 'Sports', 265);
INSERT INTO Game(GID, name, genre, DID) VALUES (633, 'Azure Striker Gunvolt', 'Action', 265);
INSERT INTO Game(GID, name, genre, DID) VALUES (634, 'Gunvolt Chronicles', 'Role-playing', 265);
INSERT INTO Game(GID, name, genre, DID) VALUES (635, 'Gal Gun', '', 265);
INSERT INTO Game(GID, name, genre, DID) VALUES (636, 'Bloodstained: Curse of the Moon', 'Action', 265);
INSERT INTO Game(GID, name, genre, DID) VALUES (637, 'Blaster Master Zero', 'Role-playing', 265);
INSERT INTO Game(GID, name, genre, DID) VALUES (638, 'trilogy', 'Adventure', 265);
INSERT INTO Game(GID, name, genre, DID) VALUES (639, 'Dragon Marked for Death', 'Adventure', 265);
INSERT INTO Game(GID, name, genre, DID) VALUES (640, 'Gal Guardians: Demon Purge', 'Adventure', 265);
INSERT INTO Game(GID, name, genre, DID) VALUES (641, 'Mighty Gunvolt', 'Simulation', 265);
INSERT INTO Game(GID, name, genre, DID) VALUES (642, 'Mega Man 9', 'Role-playing', 265);
INSERT INTO Game(GID, name, genre, DID) VALUES (643, 'Mega Man 10', 'Adventure', 265);
INSERT INTO Developer(DID, name, since, CID) VALUES (266, 'Introversion Software', 2002, 8);
INSERT INTO Game(GID, name, genre, DID) VALUES (644, 'Darwinia', 'Action', 266);
INSERT INTO Game(GID, name, genre, DID) VALUES (645, 'DEFCON', 'Action-adventure', 266);
INSERT INTO Developer(DID, name, since, CID) VALUES (267, 'inXile Entertainment', 2002, 4);
INSERT INTO Game(GID, name, genre, DID) VALUES (646, 'Wasteland 2', 'Adventure', 267);
INSERT INTO Game(GID, name, genre, DID) VALUES (647, 'The Bard''s Tale IV: Barrows Deep', 'Action', 267);
INSERT INTO Developer(DID, name, since, CID) VALUES (268, 'IO Interactive', 1998, 21);
INSERT INTO Game(GID, name, genre, DID) VALUES (648, 'Hitman', '', 268);
INSERT INTO Developer(DID, name, since, CID) VALUES (269, 'Ion Storm', 1996, 4);
INSERT INTO Game(GID, name, genre, DID) VALUES (649, 'Daikatana', 'Action', 269);
INSERT INTO Game(GID, name, genre, DID) VALUES (650, 'Anachronox', 'Adventure', 269);
INSERT INTO Developer(DID, name, since, CID) VALUES (270, 'Austin', 1997, 4);
INSERT INTO Game(GID, name, genre, DID) VALUES (651, 'Thief: Deadly Shadows', 'MMO', 270);
INSERT INTO Developer(DID, name, since, CID) VALUES (271, 'Irem', 1974, 0);
INSERT INTO Game(GID, name, genre, DID) VALUES (652, 'R-Type', '', 271);
INSERT INTO Game(GID, name, genre, DID) VALUES (653, 'Disaster Report', 'Adventure', 271);
INSERT INTO Game(GID, name, genre, DID) VALUES (654, '1–3', 'Action', 271);
INSERT INTO Developer(DID, name, since, CID) VALUES (272, 'Iron Galaxy Studios', 2008, 4);
INSERT INTO Game(GID, name, genre, DID) VALUES (655, 'Divekick', '', 272);
INSERT INTO Game(GID, name, genre, DID) VALUES (656, 'Borderlands 2', 'Sports', 272);
INSERT INTO Game(GID, name, genre, DID) VALUES (657, '(PSVita)', 'Action-adventure', 272);
INSERT INTO Developer(DID, name, since, CID) VALUES (273, 'Iron Lore Entertainment', 2000, 4);
INSERT INTO Game(GID, name, genre, DID) VALUES (658, 'Titan Quest', 'Puzzle', 273);
INSERT INTO Game(GID, name, genre, DID) VALUES (659, 'Warhammer 40,000: Dawn of War – Soulstorm', 'Strategy', 273);
INSERT INTO Developer(DID, name, since, CID) VALUES (274, 'Irrational Games', 1996, 4);
INSERT INTO Game(GID, name, genre, DID) VALUES (660, 'System Shock 2', 'Sports', 274);
INSERT INTO Game(GID, name, genre, DID) VALUES (661, 'Freedom Force', 'Action', 274);
INSERT INTO Game(GID, name, genre, DID) VALUES (662, 'BioShock', 'Sports', 274);
INSERT INTO Developer(DID, name, since, CID) VALUES (275, 'Ivory Tower', 2007, 10);
INSERT INTO Game(GID, name, genre, DID) VALUES (663, 'The Crew', 'Action', 275);
INSERT INTO Developer(DID, name, since, CID) VALUES (276, 'Jackbox Games', 1989, 4);
INSERT INTO Game(GID, name, genre, DID) VALUES (664, 'The Jackbox Party Pack', 'Action', 276);
INSERT INTO Developer(DID, name, since, CID) VALUES (277, 'Jagex', 2001, 8);
INSERT INTO Game(GID, name, genre, DID) VALUES (665, 'RuneScape', 'Simulation', 277);
INSERT INTO Developer(DID, name, since, CID) VALUES (278, 'Jaleco', 1974, 0);
INSERT INTO Game(GID, name, genre, DID) VALUES (666, 'Idol Janshi Suchie-Pai', 'Adventure', 278);
INSERT INTO Developer(DID, name, since, CID) VALUES (279, 'Jam City', 2007, 4);
INSERT INTO Game(GID, name, genre, DID) VALUES (667, 'Harry Potter: Hogwarts Mystery', 'Action-adventure', 279);
INSERT INTO Developer(DID, name, since, CID) VALUES (280, 'Javaground', 2001, 4);
INSERT INTO Game(GID, name, genre, DID) VALUES (668, 'God of War: Betrayal', 'Action-adventure', 280);
INSERT INTO Developer(DID, name, since, CID) VALUES (281, 'Jupiter', 1996, 0);
INSERT INTO Game(GID, name, genre, DID) VALUES (669, 'Picross', '', 281);
INSERT INTO Game(GID, name, genre, DID) VALUES (670, 'Pokémon Pinball', 'Adventure', 281);
INSERT INTO Developer(DID, name, since, CID) VALUES (282, 'Kairosoft', 1996, 0);
INSERT INTO Game(GID, name, genre, DID) VALUES (671, 'Game Dev Story', 'Role-playing', 282);
INSERT INTO Developer(DID, name, since, CID) VALUES (283, 'Kalypso Media', 2006, 12);
INSERT INTO Game(GID, name, genre, DID) VALUES (672, 'Tropico', 'Adventure', 283);
INSERT INTO Developer(DID, name, since, CID) VALUES (284, 'Kaos Studios', 2006, 4);
INSERT INTO Game(GID, name, genre, DID) VALUES (673, 'Frontlines: Fuel of War', 'Action', 284);
INSERT INTO Game(GID, name, genre, DID) VALUES (674, 'Homefront', 'Sports', 284);
INSERT INTO Developer(DID, name, since, CID) VALUES (285, 'Keen Software House', 2010, 3);
INSERT INTO Game(GID, name, genre, DID) VALUES (675, 'Space Engineers', 'Adventure', 285);
INSERT INTO Developer(DID, name, since, CID) VALUES (286, 'Kesmai', 1981, 4);
INSERT INTO Game(GID, name, genre, DID) VALUES (676, 'Island of Kesmai', 'Adventure', 286);
INSERT INTO Developer(DID, name, since, CID) VALUES (287, 'Kiloo Games', 2000, 21);
INSERT INTO Game(GID, name, genre, DID) VALUES (677, 'Subway Surfers', 'Action', 287);
INSERT INTO Game(GID, name, genre, DID) VALUES (678, 'Frisbee Forever', 'Action', 287);
INSERT INTO Developer(DID, name, since, CID) VALUES (288, 'King', 2003, 13);
INSERT INTO Game(GID, name, genre, DID) VALUES (679, 'Candy Crush', 'Action', 288);
INSERT INTO Developer(DID, name, since, CID) VALUES (289, 'Klei Entertainment', 2005, 11);
INSERT INTO Game(GID, name, genre, DID) VALUES (680, 'Shank', 'Role-playing', 289);
INSERT INTO Game(GID, name, genre, DID) VALUES (681, 'Don''t Starve', 'Action', 289);
INSERT INTO Developer(DID, name, since, CID) VALUES (290, '(formerly Koei)', 1978, 0);
INSERT INTO Game(GID, name, genre, DID) VALUES (682, 'Warriors', 'Action', 290);
INSERT INTO Game(GID, name, genre, DID) VALUES (683, 'Dynasty Warriors', '', 290);
INSERT INTO Game(GID, name, genre, DID) VALUES (684, 'Samurai Warriors', 'Sports', 290);
INSERT INTO Game(GID, name, genre, DID) VALUES (685, 'Warriors Orochi', 'Action', 290);
INSERT INTO Game(GID, name, genre, DID) VALUES (686, 'Trilogy of Histories', 'Action', 290);
INSERT INTO Game(GID, name, genre, DID) VALUES (687, 'Nobunaga''s Ambition', 'Adventure', 290);
INSERT INTO Game(GID, name, genre, DID) VALUES (688, 'Romance of the Three Kingdoms', 'Action', 290);
INSERT INTO Game(GID, name, genre, DID) VALUES (689, 'Genghis Khan', '', 290);
INSERT INTO Game(GID, name, genre, DID) VALUES (690, 'Ninja Gaiden', 'MMO', 290);
INSERT INTO Game(GID, name, genre, DID) VALUES (691, 'Dead or Alive', 'Adventure', 290);
INSERT INTO Game(GID, name, genre, DID) VALUES (692, 'Nioh', 'Action-adventure', 290);
INSERT INTO Game(GID, name, genre, DID) VALUES (693, 'Haruka', 'Action', 290);
INSERT INTO Game(GID, name, genre, DID) VALUES (694, 'Fire Emblem: Three Houses', 'Action', 290);
INSERT INTO Developer(DID, name, since, CID) VALUES (291, 'KOG Studios', 2000, 15);
INSERT INTO Game(GID, name, genre, DID) VALUES (695, 'Elsword', 'MMO', 291);
INSERT INTO Developer(DID, name, since, CID) VALUES (292, 'Kojima Productions', 2005, 0);
INSERT INTO Game(GID, name, genre, DID) VALUES (696, 'Death Stranding', 'Action', 292);
INSERT INTO Developer(DID, name, since, CID) VALUES (293, 'Konami', 1969, 0);
INSERT INTO Game(GID, name, genre, DID) VALUES (697, 'Gradius', 'Simulation', 293);
INSERT INTO Game(GID, name, genre, DID) VALUES (698, 'Contra', 'Action', 293);
INSERT INTO Game(GID, name, genre, DID) VALUES (699, 'Metal Gear', 'Simulation', 293);
INSERT INTO Game(GID, name, genre, DID) VALUES (700, 'Castlevania', 'Role-playing', 293);
INSERT INTO Game(GID, name, genre, DID) VALUES (701, 'Pro Evolution Soccer', 'Puzzle', 293);
INSERT INTO Game(GID, name, genre, DID) VALUES (702, 'Silent Hill', '', 293);
INSERT INTO Game(GID, name, genre, DID) VALUES (703, 'TwinBee', '', 293);
INSERT INTO Game(GID, name, genre, DID) VALUES (704, 'Bemani', 'MMO', 293);
INSERT INTO Game(GID, name, genre, DID) VALUES (705, 'Power Pros', 'Puzzle', 293);
INSERT INTO Game(GID, name, genre, DID) VALUES (706, 'Professional Baseball Spirits', 'Sports', 293);
INSERT INTO Game(GID, name, genre, DID) VALUES (707, 'Ganbare Goemon', 'Action', 293);
INSERT INTO Game(GID, name, genre, DID) VALUES (708, 'Tokimeki Memorial', 'Action-adventure', 293);
INSERT INTO Game(GID, name, genre, DID) VALUES (709, 'LovePlus', 'Role-playing', 293);
INSERT INTO Game(GID, name, genre, DID) VALUES (710, 'Suikoden', 'Puzzle', 293);
INSERT INTO Game(GID, name, genre, DID) VALUES (711, 'Bombergirl', 'Adventure', 293);
INSERT INTO Game(GID, name, genre, DID) VALUES (712, ': Showa, Heisei, Reiwa Mo Teiban!', 'Action-adventure', 293);
INSERT INTO Developer(DID, name, since, CID) VALUES (294, 'Krome Studios', 1999, 16);
INSERT INTO Game(GID, name, genre, DID) VALUES (713, 'The Legend of Spyro', 'Action-adventure', 294);
INSERT INTO Developer(DID, name, since, CID) VALUES (295, 'Krome Studios Melbourne', 1988, 16);
INSERT INTO Game(GID, name, genre, DID) VALUES (714, 'Horace', 'Action-adventure', 295);
INSERT INTO Developer(DID, name, since, CID) VALUES (296, 'Kuju Entertainment', 1998, 8);
INSERT INTO Game(GID, name, genre, DID) VALUES (715, 'Microsoft Train Simulator', 'Adventure', 296);
INSERT INTO Country(CID, name, population) VALUES (30, 'Italy', 58870762);
INSERT INTO Developer(DID, name, since, CID) VALUES (297, 'Kunos Simulazioni', 2005, 30);
INSERT INTO Game(GID, name, genre, DID) VALUES (716, 'Assetto Corsa', 'Simulation', 297);
INSERT INTO Developer(DID, name, since, CID) VALUES (298, 'Kylotonn', 2002, 10);
INSERT INTO Game(GID, name, genre, DID) VALUES (717, 'WRC 5–', 'Role-playing', 298);
INSERT INTO Game(GID, name, genre, DID) VALUES (718, 'V-Rally 4', 'Action', 298);
INSERT INTO Country(CID, name, population) VALUES (31, 'Belgium', 11686140);
INSERT INTO Developer(DID, name, since, CID) VALUES (299, 'Larian Studios', 1996, 31);
INSERT INTO Game(GID, name, genre, DID) VALUES (719, 'Divinity', 'Puzzle', 299);
INSERT INTO Game(GID, name, genre, DID) VALUES (720, 'Baldur''s Gate III', 'Action', 299);
INSERT INTO Developer(DID, name, since, CID) VALUES (300, 'Left Field Productions', 1994, 4);
INSERT INTO Game(GID, name, genre, DID) VALUES (721, 'Excitebike 64', 'Role-playing', 300);
INSERT INTO Developer(DID, name, since, CID) VALUES (301, 'Legacy Interactive', 1998, 4);
INSERT INTO Game(GID, name, genre, DID) VALUES (722, 'Emergency Room', 'Action', 301);
INSERT INTO Developer(DID, name, since, CID) VALUES (302, 'Legend Entertainment', 1989, 4);
INSERT INTO Game(GID, name, genre, DID) VALUES (723, 'Spellcasting', 'Action', 302);
INSERT INTO Game(GID, name, genre, DID) VALUES (724, 'Superhero League of Hoboken', 'Action', 302);
INSERT INTO Game(GID, name, genre, DID) VALUES (725, 'The Wheel of Time', 'Action', 302);
INSERT INTO Game(GID, name, genre, DID) VALUES (726, 'Unreal II', 'Action', 302);
INSERT INTO Developer(DID, name, since, CID) VALUES (303, 'Level-5', 1998, 0);
INSERT INTO Game(GID, name, genre, DID) VALUES (727, 'Dark Cloud', 'Action', 303);
INSERT INTO Game(GID, name, genre, DID) VALUES (728, 'Rogue Galaxy', 'Sports', 303);
INSERT INTO Game(GID, name, genre, DID) VALUES (729, 'Professor Layton', '', 303);
INSERT INTO Game(GID, name, genre, DID) VALUES (730, 'Inazuma Eleven', 'Action', 303);
INSERT INTO Game(GID, name, genre, DID) VALUES (731, 'Ni no Kuni', 'Adventure', 303);
INSERT INTO Game(GID, name, genre, DID) VALUES (732, 'Yo-Kai Watch', 'Adventure', 303);
INSERT INTO Game(GID, name, genre, DID) VALUES (733, 'Fantasy Life', 'Action', 303);
INSERT INTO Game(GID, name, genre, DID) VALUES (734, 'The Snack World', 'Simulation', 303);
INSERT INTO Game(GID, name, genre, DID) VALUES (735, 'VIII–IX', 'Strategy', 303);
INSERT INTO Developer(DID, name, since, CID) VALUES (304, 'Lift London', 2012, 8);
INSERT INTO Game(GID, name, genre, DID) VALUES (736, 'Microsoft Hololens', 'Role-playing', 304);
INSERT INTO Developer(DID, name, since, CID) VALUES (305, 'Limbic Entertainment', 2002, 12);
INSERT INTO Game(GID, name, genre, DID) VALUES (737, 'Might & Magic X: Legacy', 'Simulation', 305);
INSERT INTO Game(GID, name, genre, DID) VALUES (738, 'Might & Magic Heroes VII', 'MMO', 305);
INSERT INTO Game(GID, name, genre, DID) VALUES (739, 'Tropico 6', 'Action', 305);
INSERT INTO Developer(DID, name, since, CID) VALUES (306, 'Lionhead Studios', 1997, 8);
INSERT INTO Game(GID, name, genre, DID) VALUES (740, 'Black & White', 'Action', 306);
INSERT INTO Game(GID, name, genre, DID) VALUES (741, 'Fable', '', 306);
INSERT INTO Developer(DID, name, since, CID) VALUES (307, 'Liquid Entertainment', 1999, 4);
INSERT INTO Game(GID, name, genre, DID) VALUES (742, 'Battle Realms', 'Strategy', 307);
INSERT INTO Developer(DID, name, since, CID) VALUES (308, 'Little Green Men Games', 2006, 20);
INSERT INTO Game(GID, name, genre, DID) VALUES (743, 'Starpoint Gemini', 'Action', 308);
INSERT INTO Developer(DID, name, since, CID) VALUES (309, 'LK Avalon', 1989, 1);
INSERT INTO Game(GID, name, genre, DID) VALUES (744, 'Hans Kloss', 'Action', 309);
INSERT INTO Game(GID, name, genre, DID) VALUES (745, 'Schizm: Mysterious Journey', 'Adventure', 309);
INSERT INTO Developer(DID, name, since, CID) VALUES (310, 'Linden Lab', 1999, 4);
INSERT INTO Game(GID, name, genre, DID) VALUES (746, 'Second Life', 'Role-playing', 310);
INSERT INTO Developer(DID, name, since, CID) VALUES (311, 'Locomotive Games', 1997, 4);
INSERT INTO Game(GID, name, genre, DID) VALUES (747, 'Jet Moto 3', 'Simulation', 311);
INSERT INTO Developer(DID, name, since, CID) VALUES (312, 'Looking Glass Studios', 1990, 4);
INSERT INTO Game(GID, name, genre, DID) VALUES (748, 'Ultima Underworld', 'Action', 312);
INSERT INTO Game(GID, name, genre, DID) VALUES (749, 'System Shock', 'Simulation', 312);
INSERT INTO Game(GID, name, genre, DID) VALUES (750, 'Thief', 'Simulation', 312);
INSERT INTO Developer(DID, name, since, CID) VALUES (313, 'Love-de-Lic', 1995, 0);
INSERT INTO Game(GID, name, genre, DID) VALUES (751, 'Moon: Remix RPG Adventure', 'Action', 313);
INSERT INTO Developer(DID, name, since, CID) VALUES (314, 'LucasArts', 1982, 4);
INSERT INTO Game(GID, name, genre, DID) VALUES (752, 'Maniac Mansion', 'Role-playing', 314);
INSERT INTO Game(GID, name, genre, DID) VALUES (753, 'Sam & Max Hit the Road', 'Action', 314);
INSERT INTO Game(GID, name, genre, DID) VALUES (754, 'Day of the Tentacle', 'Sports', 314);
INSERT INTO Game(GID, name, genre, DID) VALUES (755, 'Monkey Island', 'Action', 314);
INSERT INTO Game(GID, name, genre, DID) VALUES (756, 'The Dig', 'Role-playing', 314);
INSERT INTO Game(GID, name, genre, DID) VALUES (757, 'Full Throttle', 'Adventure', 314);
INSERT INTO Game(GID, name, genre, DID) VALUES (758, 'Grim Fandango', 'Action-adventure', 314);
INSERT INTO Game(GID, name, genre, DID) VALUES (759, 'Star Wars: The Force Unleashed', 'Role-playing', 314);
INSERT INTO Game(GID, name, genre, DID) VALUES (760, 'Star Wars: Battlefront', 'Adventure', 314);
INSERT INTO Developer(DID, name, since, CID) VALUES (315, 'Luxoflux', 1998, 4);
INSERT INTO Game(GID, name, genre, DID) VALUES (761, 'True Crime', 'Action', 315);
INSERT INTO Developer(DID, name, since, CID) VALUES (316, 'MAGES.', 2005, 0);
INSERT INTO Game(GID, name, genre, DID) VALUES (762, 'Science Adventure', 'Action-adventure', 316);
INSERT INTO Game(GID, name, genre, DID) VALUES (763, 'Steins;Gate', 'Puzzle', 316);
INSERT INTO Game(GID, name, genre, DID) VALUES (764, 'Robotics;Notes', 'Action-adventure', 316);
INSERT INTO Game(GID, name, genre, DID) VALUES (765, 'Chaos;Child', '', 316);
INSERT INTO Developer(DID, name, since, CID) VALUES (317, 'Marvelous', 1997, 0);
INSERT INTO Game(GID, name, genre, DID) VALUES (766, 'Senran Kagura', 'Action', 317);
INSERT INTO Game(GID, name, genre, DID) VALUES (767, 'Soul Sacrifice', 'Action', 317);
INSERT INTO Game(GID, name, genre, DID) VALUES (768, 'Story of Seasons', 'Action', 317);
INSERT INTO Game(GID, name, genre, DID) VALUES (769, 'Rune Factory', 'Role-playing', 317);
INSERT INTO Game(GID, name, genre, DID) VALUES (770, 'Fate/Extella', '', 317);
INSERT INTO Game(GID, name, genre, DID) VALUES (771, 'Kandagawa Jet Girls', 'Action', 317);
INSERT INTO Game(GID, name, genre, DID) VALUES (772, 'Daemon X Machina', 'Action-adventure', 317);
INSERT INTO Game(GID, name, genre, DID) VALUES (773, 'Super Monkey Ball: Banana Splitz', 'Puzzle', 317);
INSERT INTO Developer(DID, name, since, CID) VALUES (318, 'Massive Entertainment', 1997, 13);
INSERT INTO Game(GID, name, genre, DID) VALUES (774, 'Ground Control', 'Action', 318);
INSERT INTO Game(GID, name, genre, DID) VALUES (775, 'World In Conflict', 'Role-playing', 318);
INSERT INTO Game(GID, name, genre, DID) VALUES (776, 'Tom Clancy''s The Division', 'Action', 318);
INSERT INTO Developer(DID, name, since, CID) VALUES (319, 'Masthead Studios', 2005, 29);
INSERT INTO Game(GID, name, genre, DID) VALUES (777, 'Earthrise', 'Action-adventure', 319);
INSERT INTO Developer(DID, name, since, CID) VALUES (320, 'Matrix Software', 1994, 0);
INSERT INTO Game(GID, name, genre, DID) VALUES (778, 'Omega Labyrinth', 'Action', 320);
INSERT INTO Game(GID, name, genre, DID) VALUES (779, 'Brigandine: The Legend of Runersia', 'Simulation', 320);
INSERT INTO Developer(DID, name, since, CID) VALUES (321, 'Maxis', 1987, 4);
INSERT INTO Game(GID, name, genre, DID) VALUES (780, 'The Sims', 'Action', 321);
INSERT INTO Game(GID, name, genre, DID) VALUES (781, 'SimCity', '', 321);
INSERT INTO Developer(DID, name, since, CID) VALUES (322, 'Media Molecule', 2006, 8);
INSERT INTO Game(GID, name, genre, DID) VALUES (782, 'LittleBigPlanet', 'Sports', 322);
INSERT INTO Game(GID, name, genre, DID) VALUES (783, 'Tereaway', 'Role-playing', 322);
INSERT INTO Developer(DID, name, since, CID) VALUES (323, 'Media.Vision', 1993, 0);
INSERT INTO Game(GID, name, genre, DID) VALUES (784, 'Wild Arms', 'Sports', 323);
INSERT INTO Game(GID, name, genre, DID) VALUES (785, 'Chaos Rings', 'MMO', 323);
INSERT INTO Game(GID, name, genre, DID) VALUES (786, 'Digimon Story: Cyber Sleuth', 'Adventure', 323);
INSERT INTO Game(GID, name, genre, DID) VALUES (787, 'Summon Night 6', 'Adventure', 323);
INSERT INTO Developer(DID, name, since, CID) VALUES (324, 'Mediatonic', 2005, 8);
INSERT INTO Game(GID, name, genre, DID) VALUES (788, 'Robot Unicorn Attack', 'Action', 324);
INSERT INTO Game(GID, name, genre, DID) VALUES (789, 'Fable Fortune', '', 324);
INSERT INTO Country(CID, name, population) VALUES (32, 'Spain', 47519628);
INSERT INTO Developer(DID, name, since, CID) VALUES (325, 'Mercury Steam', 2002, 32);
INSERT INTO Game(GID, name, genre, DID) VALUES (790, 'Castlevania: Lords of Shadow', 'Action-adventure', 325);
INSERT INTO Game(GID, name, genre, DID) VALUES (791, 'Metroid: Samus Returns', 'Role-playing', 325);
INSERT INTO Game(GID, name, genre, DID) VALUES (792, 'Metroid Dread', 'Action', 325);
INSERT INTO Developer(DID, name, since, CID) VALUES (326, 'Metropolis Software', 1992, 1);
INSERT INTO Game(GID, name, genre, DID) VALUES (793, 'Teenagent', 'Strategy', 326);
INSERT INTO Game(GID, name, genre, DID) VALUES (794, 'Gorky 17', 'Simulation', 326);
INSERT INTO Game(GID, name, genre, DID) VALUES (795, 'Infernal', 'Puzzle', 326);
INSERT INTO Developer(DID, name, since, CID) VALUES (327, 'MicroProse Software', 1982, 4);
INSERT INTO Game(GID, name, genre, DID) VALUES (796, 'Silent Service', 'Action', 327);
INSERT INTO Game(GID, name, genre, DID) VALUES (797, 'Gunship', 'Action', 327);
INSERT INTO Game(GID, name, genre, DID) VALUES (798, 'Pirates!', 'Action', 327);
INSERT INTO Game(GID, name, genre, DID) VALUES (799, 'Railroad Tycoon', 'Action', 327);
INSERT INTO Developer(DID, name, since, CID) VALUES (328, 'Microsoft Casual Games', 2013, 4);
INSERT INTO Game(GID, name, genre, DID) VALUES (800, 'Solitaire', 'Simulation', 328);
INSERT INTO Game(GID, name, genre, DID) VALUES (801, 'Mahjong', 'MMO', 328);
INSERT INTO Game(GID, name, genre, DID) VALUES (802, 'Minesweeper', 'Sports', 328);
INSERT INTO Game(GID, name, genre, DID) VALUES (803, 'Wordament', '', 328);
INSERT INTO Developer(DID, name, since, CID) VALUES (329, 'Midway Games', 1988, 4);
INSERT INTO Game(GID, name, genre, DID) VALUES (804, 'Mortal Kombat', 'Action', 329);
INSERT INTO Game(GID, name, genre, DID) VALUES (805, 'NFL Blitz', 'Simulation', 329);
INSERT INTO Developer(DID, name, since, CID) VALUES (330, 'Midway Studios – Newcastle', 1996, 8);
INSERT INTO Game(GID, name, genre, DID) VALUES (806, '4–6', 'Simulation', 330);
INSERT INTO Developer(DID, name, since, CID) VALUES (331, 'Might and Delight', 2010, 13);
INSERT INTO Game(GID, name, genre, DID) VALUES (807, 'Shelter', 'Strategy', 331);
INSERT INTO Country(CID, name, population) VALUES (33, 'China', 1425671352);
INSERT INTO Developer(DID, name, since, CID) VALUES (332, 'miHoYo', 2012, 33);
INSERT INTO Game(GID, name, genre, DID) VALUES (808, 'Guns Girl', 'Action', 332);
INSERT INTO Game(GID, name, genre, DID) VALUES (809, 'Honkai Impact 3rd', 'Adventure', 332);
INSERT INTO Game(GID, name, genre, DID) VALUES (810, 'Genshin Impact', 'Action', 332);
INSERT INTO Game(GID, name, genre, DID) VALUES (811, 'Honkai: Star Rail', 'Strategy', 332);
INSERT INTO Developer(DID, name, since, CID) VALUES (333, 'Milestone', 2003, 0);
INSERT INTO Game(GID, name, genre, DID) VALUES (812, 'Chaos Field', 'Action', 333);
INSERT INTO Developer(DID, name, since, CID) VALUES (334, 'Milestone srl', 1996, 30);
INSERT INTO Game(GID, name, genre, DID) VALUES (813, 'Superbike', 'Adventure', 334);
INSERT INTO Game(GID, name, genre, DID) VALUES (814, 'MotoGP', 'Strategy', 334);
INSERT INTO Game(GID, name, genre, DID) VALUES (815, 'WRC 1–4', 'Simulation', 334);
INSERT INTO Game(GID, name, genre, DID) VALUES (816, 'MXGP', 'Action', 334);
INSERT INTO Game(GID, name, genre, DID) VALUES (817, 'Ride', 'Action', 334);
INSERT INTO Developer(DID, name, since, CID) VALUES (335, 'Millennium Kitchen', 1997, 0);
INSERT INTO Game(GID, name, genre, DID) VALUES (818, 'Boku no Natsuyasumi', 'Action', 335);
INSERT INTO Developer(DID, name, since, CID) VALUES (336, 'Mimimi Games', 2011, 12);
INSERT INTO Game(GID, name, genre, DID) VALUES (819, 'Desperados', 'Action-adventure', 336);
INSERT INTO Developer(DID, name, since, CID) VALUES (337, 'Minakuchi Engineering', 1984, 0);
INSERT INTO Game(GID, name, genre, DID) VALUES (820, 'Solar Striker', 'Simulation', 337);
INSERT INTO Developer(DID, name, since, CID) VALUES (338, 'Mistwalker', 2004, 0);
INSERT INTO Game(GID, name, genre, DID) VALUES (821, 'Blue Dragon', 'Action-adventure', 338);
INSERT INTO Developer(DID, name, since, CID) VALUES (339, 'Mitchell Corporation', 1960, 0);
INSERT INTO Game(GID, name, genre, DID) VALUES (822, 'Polarium', '', 339);
INSERT INTO Game(GID, name, genre, DID) VALUES (823, 'Puzz Loop', 'Role-playing', 339);
INSERT INTO Developer(DID, name, since, CID) VALUES (340, 'MLB Advanced Media', 2000, 4);
INSERT INTO Game(GID, name, genre, DID) VALUES (824, 'R.B.I. Baseball', 'Action', 340);
INSERT INTO Developer(DID, name, since, CID) VALUES (341, 'Mode 7 Games', 2005, 8);
INSERT INTO Game(GID, name, genre, DID) VALUES (825, 'Frozen Synapse', 'Action', 341);
INSERT INTO Game(GID, name, genre, DID) VALUES (826, 'Tokyo 42', '', 341);
INSERT INTO Developer(DID, name, since, CID) VALUES (342, 'Mojang AB', 2009, 13);
INSERT INTO Game(GID, name, genre, DID) VALUES (827, 'Minecraft', 'Adventure', 342);
INSERT INTO Game(GID, name, genre, DID) VALUES (828, 'Scrolls', 'MMO', 342);
INSERT INTO Game(GID, name, genre, DID) VALUES (829, 'Cobalt', 'Action', 342);
INSERT INTO Developer(DID, name, since, CID) VALUES (343, 'Monolith Productions', 1994, 4);
INSERT INTO Game(GID, name, genre, DID) VALUES (830, 'F.E.A.R.', 'Action', 343);
INSERT INTO Game(GID, name, genre, DID) VALUES (831, 'Middle-earth: Shadow of Mordor', 'Sports', 343);
INSERT INTO Game(GID, name, genre, DID) VALUES (832, 'Middle-earth: Shadow of War', 'Action-adventure', 343);
INSERT INTO Developer(DID, name, since, CID) VALUES (344, 'Monolith Soft', 1999, 0);
INSERT INTO Game(GID, name, genre, DID) VALUES (833, 'Xenosaga', 'Puzzle', 344);
INSERT INTO Game(GID, name, genre, DID) VALUES (834, 'Baten Kaitos', 'Adventure', 344);
INSERT INTO Game(GID, name, genre, DID) VALUES (835, 'Xenoblade Chronicles', 'MMO', 344);
INSERT INTO Game(GID, name, genre, DID) VALUES (836, 'Project X Zone', 'Puzzle', 344);
INSERT INTO Developer(DID, name, since, CID) VALUES (345, 'Monster Games', 1996, 4);
INSERT INTO Game(GID, name, genre, DID) VALUES (837, 'NASCAR Heat', 'Action', 345);
INSERT INTO Game(GID, name, genre, DID) VALUES (838, 'Excite Truck', 'MMO', 345);
INSERT INTO Game(GID, name, genre, DID) VALUES (839, 'Pilotwings Resort', 'Action', 345);
INSERT INTO Developer(DID, name, since, CID) VALUES (346, 'Monte Cristo', 1995, 10);
INSERT INTO Game(GID, name, genre, DID) VALUES (840, 'City Life', 'Puzzle', 346);
INSERT INTO Developer(DID, name, since, CID) VALUES (347, 'Moonton', 2015, 33);
INSERT INTO Game(GID, name, genre, DID) VALUES (841, 'Mobile Legends: Bang Bang', 'Action', 347);
INSERT INTO Country(CID, name, population) VALUES (34, 'Austria', 8958960);
INSERT INTO Developer(DID, name, since, CID) VALUES (348, 'Moon Studios', 2010, 34);
INSERT INTO Game(GID, name, genre, DID) VALUES (842, 'Ori', 'Strategy', 348);
INSERT INTO Developer(DID, name, since, CID) VALUES (349, 'Motion Twin', 2001, 10);
INSERT INTO Game(GID, name, genre, DID) VALUES (843, 'Dead Cells', 'Action', 349);
INSERT INTO Developer(DID, name, since, CID) VALUES (350, 'MTO', 1996, 0);
INSERT INTO Game(GID, name, genre, DID) VALUES (844, 'GT Advance', 'Action', 350);
INSERT INTO Developer(DID, name, since, CID) VALUES (351, 'Mythic Entertainment', 1995, 4);
INSERT INTO Game(GID, name, genre, DID) VALUES (845, 'Dark Age of Camelot', 'Adventure', 351);
INSERT INTO Developer(DID, name, since, CID) VALUES (352, 'Nadeo', 2000, 10);
INSERT INTO Game(GID, name, genre, DID) VALUES (846, 'TrackMania', 'Sports', 352);
INSERT INTO Developer(DID, name, since, CID) VALUES (353, 'NAPS team', 1993, 30);
INSERT INTO Game(GID, name, genre, DID) VALUES (847, 'Gekido', 'Strategy', 353);
INSERT INTO Developer(DID, name, since, CID) VALUES (354, 'Natsume Atari', 1987, 0);
INSERT INTO Game(GID, name, genre, DID) VALUES (848, 'Metabots', 'Action', 354);
INSERT INTO Game(GID, name, genre, DID) VALUES (849, 'Tony Hawk''s Pro Skater (GBC version)', 'Adventure', 354);
INSERT INTO Game(GID, name, genre, DID) VALUES (850, 'Pocky and Rocky', 'Puzzle', 354);
INSERT INTO Developer(DID, name, since, CID) VALUES (355, 'Natsume Inc.', 1988, 4);
INSERT INTO Game(GID, name, genre, DID) VALUES (851, 'Harvest Moon', 'Sports', 355);
INSERT INTO Game(GID, name, genre, DID) VALUES (852, 'Reel Fishing', 'Simulation', 355);
INSERT INTO Game(GID, name, genre, DID) VALUES (853, 'River King', 'Adventure', 355);
INSERT INTO Developer(DID, name, since, CID) VALUES (356, 'NaturalMotion', 2001, 8);
INSERT INTO Game(GID, name, genre, DID) VALUES (854, 'Backbreaker', '', 356);
INSERT INTO Developer(DID, name, since, CID) VALUES (357, 'Naughty Dog', 1986, 4);
INSERT INTO Game(GID, name, genre, DID) VALUES (855, 'Crash Bandicoot', 'Action-adventure', 357);
INSERT INTO Game(GID, name, genre, DID) VALUES (856, 'Crash Team Racing', 'Role-playing', 357);
INSERT INTO Game(GID, name, genre, DID) VALUES (857, 'Jak and Daxter', 'Sports', 357);
INSERT INTO Game(GID, name, genre, DID) VALUES (858, 'Uncharted', 'Adventure', 357);
INSERT INTO Game(GID, name, genre, DID) VALUES (859, 'The Last of Us', 'Puzzle', 357);
INSERT INTO Developer(DID, name, since, CID) VALUES (358, 'NCSoft', 1997, 15);
INSERT INTO Game(GID, name, genre, DID) VALUES (860, 'Aion', 'Puzzle', 358);
INSERT INTO Game(GID, name, genre, DID) VALUES (861, 'Lineage', 'Simulation', 358);
INSERT INTO Game(GID, name, genre, DID) VALUES (862, 'Blade & Soul', 'Action-adventure', 358);
INSERT INTO Developer(DID, name, since, CID) VALUES (359, 'NDcube', 2000, 0);
INSERT INTO Game(GID, name, genre, DID) VALUES (863, 'Wii Party', 'Role-playing', 359);
INSERT INTO Game(GID, name, genre, DID) VALUES (864, 'Clubhouse Games: 51 Worldwide Classics', 'MMO', 359);
INSERT INTO Developer(DID, name, since, CID) VALUES (360, 'NDOORS Corporation', 1999, 15);
INSERT INTO Game(GID, name, genre, DID) VALUES (865, 'Atlantica Online', 'Action', 360);
INSERT INTO Developer(DID, name, since, CID) VALUES (361, 'Neko Entertainment', 1998, 10);
INSERT INTO Game(GID, name, genre, DID) VALUES (866, 'Cocoto', 'Action-adventure', 361);
INSERT INTO Game(GID, name, genre, DID) VALUES (867, 'The Mysterious Cities of Gold: Secret Paths', 'Simulation', 361);
INSERT INTO Game(GID, name, genre, DID) VALUES (868, 'Kung Fu Rabbit', 'Simulation', 361);
INSERT INTO Game(GID, name, genre, DID) VALUES (869, 'Puddle', 'Action', 361);
INSERT INTO Developer(DID, name, since, CID) VALUES (362, 'NetDevil', 1997, 4);
INSERT INTO Game(GID, name, genre, DID) VALUES (870, 'LEGO Universe', 'Sports', 362);
INSERT INTO Developer(DID, name, since, CID) VALUES (363, 'NetDragon Websoft', 1999, 33);
INSERT INTO Game(GID, name, genre, DID) VALUES (871, 'Disney Fantasy Online', 'Sports', 363);
INSERT INTO Developer(DID, name, since, CID) VALUES (364, 'NetEase', 1997, 33);
INSERT INTO Game(GID, name, genre, DID) VALUES (872, 'Fantasy Westward Journey', 'Adventure', 364);
INSERT INTO Game(GID, name, genre, DID) VALUES (873, 'Cyber Hunter', 'Action-adventure', 364);
INSERT INTO Game(GID, name, genre, DID) VALUES (874, 'Identity V', 'Adventure', 364);
INSERT INTO Game(GID, name, genre, DID) VALUES (875, 'Rules of Survival', 'MMO', 364);
INSERT INTO Game(GID, name, genre, DID) VALUES (876, 'Marvel Duel', 'Sports', 364);
INSERT INTO Game(GID, name, genre, DID) VALUES (877, 'Marvel Super War', 'Action', 364);
INSERT INTO Game(GID, name, genre, DID) VALUES (878, 'Revelation Online', 'Simulation', 364);
INSERT INTO Developer(DID, name, since, CID) VALUES (365, 'NetherRealm Studios', 2010, 4);
INSERT INTO Game(GID, name, genre, DID) VALUES (879, 'Injustice: Gods Among Us', 'Adventure', 365);
INSERT INTO Game(GID, name, genre, DID) VALUES (880, 'Injustice 2', 'Action', 365);
INSERT INTO Developer(DID, name, since, CID) VALUES (366, 'Neversoft', 1994, 4);
INSERT INTO Game(GID, name, genre, DID) VALUES (881, 'III–Metallica', 'Action', 366);
INSERT INTO Game(GID, name, genre, DID) VALUES (882, 'Tony Hawk', 'MMO', 366);
INSERT INTO Game(GID, name, genre, DID) VALUES (883, 'Tony Hawk''s Pro Skater', 'Action', 366);
INSERT INTO Game(GID, name, genre, DID) VALUES (884, '1–4', 'Action', 366);
INSERT INTO Game(GID, name, genre, DID) VALUES (885, 'Tony Hawk''s Underground', 'Adventure', 366);
INSERT INTO Game(GID, name, genre, DID) VALUES (886, 'Gun', 'Action', 366);
INSERT INTO Developer(DID, name, since, CID) VALUES (367, 'New World Computing', 1984, 4);
INSERT INTO Game(GID, name, genre, DID) VALUES (887, 'Might and Magic', 'Action', 367);
INSERT INTO Game(GID, name, genre, DID) VALUES (888, 'Heroes of Might and Magic', 'Action', 367);
INSERT INTO Developer(DID, name, since, CID) VALUES (368, 'New World Interactive', 2010, 4);
INSERT INTO Game(GID, name, genre, DID) VALUES (889, 'Insurgency', 'Action', 368);
INSERT INTO Developer(DID, name, since, CID) VALUES (369, 'Nexon', 1994, 15);
INSERT INTO Game(GID, name, genre, DID) VALUES (890, 'MapleStory', 'Action', 369);
INSERT INTO Developer(DID, name, since, CID) VALUES (370, 'Next Level Games', 2002, 11);
INSERT INTO Game(GID, name, genre, DID) VALUES (891, 'Super Mario Strikers', 'Strategy', 370);
INSERT INTO Game(GID, name, genre, DID) VALUES (892, 'Luigi''s Mansion: Dark Moon', 'Action-adventure', 370);
INSERT INTO Game(GID, name, genre, DID) VALUES (893, 'Luigi''s Mansion 3', 'Action', 370);
INSERT INTO Game(GID, name, genre, DID) VALUES (894, 'Spider-Man: Friend or Foe', 'Action', 370);
INSERT INTO Developer(DID, name, since, CID) VALUES (371, 'Niantic', 2010, 4);
INSERT INTO Game(GID, name, genre, DID) VALUES (895, 'Ingress', 'Role-playing', 371);
INSERT INTO Game(GID, name, genre, DID) VALUES (896, 'Pokémon Go', 'Sports', 371);
INSERT INTO Developer(DID, name, since, CID) VALUES (372, 'Nicalis', 2007, 4);
INSERT INTO Game(GID, name, genre, DID) VALUES (897, 'VVVVVV', 'Sports', 372);
INSERT INTO Game(GID, name, genre, DID) VALUES (898, 'Cave Story', 'Simulation', 372);
INSERT INTO Game(GID, name, genre, DID) VALUES (899, 'NightSky', 'Action-adventure', 372);
INSERT INTO Game(GID, name, genre, DID) VALUES (900, '1001 Spikes', 'Action', 372);
INSERT INTO Game(GID, name, genre, DID) VALUES (901, 'The Binding of Isaac: Rebirth', 'Role-playing', 372);
INSERT INTO Game(GID, name, genre, DID) VALUES (902, 'Crystal Crisis', 'Action', 372);
INSERT INTO Developer(DID, name, since, CID) VALUES (373, 'Night School Studio', 2014, 4);
INSERT INTO Game(GID, name, genre, DID) VALUES (903, 'Oxenfree', '', 373);
INSERT INTO Game(GID, name, genre, DID) VALUES (904, 'Afterparty', 'MMO', 373);
INSERT INTO Developer(DID, name, since, CID) VALUES (374, 'Nihon Falcom', 1981, 0);
INSERT INTO Game(GID, name, genre, DID) VALUES (905, 'Xanadu', 'Action', 374);
INSERT INTO Game(GID, name, genre, DID) VALUES (906, 'The Legend of Heroes', 'Puzzle', 374);
INSERT INTO Game(GID, name, genre, DID) VALUES (907, 'Dragon Slayer', 'MMO', 374);
INSERT INTO Game(GID, name, genre, DID) VALUES (908, 'Trails', '', 374);
INSERT INTO Country(CID, name, population) VALUES (35, 'Argentina', 45773884);
INSERT INTO Developer(DID, name, since, CID) VALUES (375, 'Nimble Giant Entertainment', 2002, 35);
INSERT INTO Game(GID, name, genre, DID) VALUES (909, 'Regnum Online', 'Strategy', 375);
INSERT INTO Game(GID, name, genre, DID) VALUES (910, 'Master of Orion: Conquer the Stars', 'Action', 375);
INSERT INTO Developer(DID, name, since, CID) VALUES (376, 'Ninja Theory', 2000, 8);
INSERT INTO Game(GID, name, genre, DID) VALUES (911, 'Heavenly Sword', 'Sports', 376);
INSERT INTO Game(GID, name, genre, DID) VALUES (912, 'Enslaved: Odyssey to the West', 'Action', 376);
INSERT INTO Game(GID, name, genre, DID) VALUES (913, 'DmC: Devil May Cry', 'MMO', 376);
INSERT INTO Game(GID, name, genre, DID) VALUES (914, 'Hellblade: Senua''s Sacrifice', 'MMO', 376);
INSERT INTO Developer(DID, name, since, CID) VALUES (377, 'Nintendo', 1889, 0);
INSERT INTO Game(GID, name, genre, DID) VALUES (915, 'Super Mario', 'Action-adventure', 377);
INSERT INTO Game(GID, name, genre, DID) VALUES (916, 'The Legend of Zelda', 'Strategy', 377);
INSERT INTO Game(GID, name, genre, DID) VALUES (917, 'Splatoon', 'Action-adventure', 377);
INSERT INTO Game(GID, name, genre, DID) VALUES (918, 'Metroid', 'Action-adventure', 377);
INSERT INTO Game(GID, name, genre, DID) VALUES (919, 'Kid Icarus', 'MMO', 377);
INSERT INTO Game(GID, name, genre, DID) VALUES (920, 'Pikmin', 'Action', 377);
INSERT INTO Game(GID, name, genre, DID) VALUES (921, 'Animal Crossing', 'Action', 377);
INSERT INTO Game(GID, name, genre, DID) VALUES (922, 'F-Zero', 'Action', 377);
INSERT INTO Game(GID, name, genre, DID) VALUES (923, 'Star Fox', 'Action', 377);
INSERT INTO Game(GID, name, genre, DID) VALUES (924, 'Mother', 'Simulation', 377);
INSERT INTO Game(GID, name, genre, DID) VALUES (925, 'Super Smash Bros.', 'Puzzle', 377);
INSERT INTO Game(GID, name, genre, DID) VALUES (926, 'Tomodachi', 'Role-playing', 377);
INSERT INTO Game(GID, name, genre, DID) VALUES (927, 'Brain Age', 'Action-adventure', 377);
INSERT INTO Game(GID, name, genre, DID) VALUES (928, 'Big Brain Academy', 'Action', 377);
INSERT INTO Game(GID, name, genre, DID) VALUES (929, 'Nintendogs', 'Role-playing', 377);
INSERT INTO Game(GID, name, genre, DID) VALUES (930, 'Wave Race', 'Adventure', 377);
INSERT INTO Game(GID, name, genre, DID) VALUES (931, 'Famicom Detective Club', 'Action', 377);
INSERT INTO Game(GID, name, genre, DID) VALUES (932, 'Excitebike', 'Adventure', 377);
INSERT INTO Game(GID, name, genre, DID) VALUES (933, 'Pilotwings', 'Sports', 377);
INSERT INTO Game(GID, name, genre, DID) VALUES (934, 'Tetris Attack', 'Adventure', 377);
INSERT INTO Game(GID, name, genre, DID) VALUES (935, '1-2-Switch', 'Action', 377);
INSERT INTO Developer(DID, name, since, CID) VALUES (378, 'Nintendo Software Technology', 1998, 4);
INSERT INTO Game(GID, name, genre, DID) VALUES (936, 'Bionic Commando: Elite Forces', 'Simulation', 378);
INSERT INTO Game(GID, name, genre, DID) VALUES (937, 'Wave Race: Blue Storm', 'Action', 378);
INSERT INTO Game(GID, name, genre, DID) VALUES (938, 'Mario vs. Donkey Kong', '', 378);
INSERT INTO Developer(DID, name, since, CID) VALUES (379, 'Nippon Ichi Software', 1991, 0);
INSERT INTO Game(GID, name, genre, DID) VALUES (939, 'Rhapsody: A Musical Adventure', 'Puzzle', 379);
INSERT INTO Game(GID, name, genre, DID) VALUES (940, 'La Pucelle: Tactics', '', 379);
INSERT INTO Game(GID, name, genre, DID) VALUES (941, 'Disgaea', 'Action', 379);
INSERT INTO Game(GID, name, genre, DID) VALUES (942, 'Phantom Brave', 'Action-adventure', 379);
INSERT INTO Game(GID, name, genre, DID) VALUES (943, 'GrimGrimoire', 'Simulation', 379);
INSERT INTO Game(GID, name, genre, DID) VALUES (944, 'Hotaru no Nikki', 'Action', 379);
INSERT INTO Developer(DID, name, since, CID) VALUES (380, 'Nival', 1996, 2);
INSERT INTO Game(GID, name, genre, DID) VALUES (945, 'Etherlords', 'Puzzle', 380);
INSERT INTO Game(GID, name, genre, DID) VALUES (946, 'Blitzkrieg', 'Adventure', 380);
INSERT INTO Game(GID, name, genre, DID) VALUES (947, 'Heroes of Might and Magic V', 'Simulation', 380);
INSERT INTO Country(CID, name, population) VALUES (36, 'Serbia', 7149077);
INSERT INTO Developer(DID, name, since, CID) VALUES (381, 'Nordeus', 2009, 36);
INSERT INTO Game(GID, name, genre, DID) VALUES (948, 'Top Eleven Football Manager', 'Action', 381);
INSERT INTO Developer(DID, name, since, CID) VALUES (382, 'NovaLogic', 1985, 4);
INSERT INTO Game(GID, name, genre, DID) VALUES (949, 'Delta Force', 'Strategy', 382);
INSERT INTO Game(GID, name, genre, DID) VALUES (950, 'Joint Operations', '', 382);
INSERT INTO Developer(DID, name, since, CID) VALUES (383, 'Novarama', 2003, 32);
INSERT INTO Game(GID, name, genre, DID) VALUES (951, 'Invizimals', 'Puzzle', 383);
INSERT INTO Developer(DID, name, since, CID) VALUES (384, 'Now Production', 1986, 0);
INSERT INTO Game(GID, name, genre, DID) VALUES (952, 'Mario Super Sluggers', 'Role-playing', 384);
INSERT INTO Game(GID, name, genre, DID) VALUES (953, 'Sonic Riders', 'Puzzle', 384);
INSERT INTO Developer(DID, name, since, CID) VALUES (385, 'Nude Maker', 2002, 0);
INSERT INTO Game(GID, name, genre, DID) VALUES (954, 'Steel Battalion', 'Action', 385);
INSERT INTO Game(GID, name, genre, DID) VALUES (955, 'Infinite Space', 'Action-adventure', 385);
INSERT INTO Game(GID, name, genre, DID) VALUES (956, 'NightCry', 'Role-playing', 385);
INSERT INTO Developer(DID, name, since, CID) VALUES (386, 'n-Space', 1994, 4);
INSERT INTO Game(GID, name, genre, DID) VALUES (957, 'Heroes of Ruin', 'Role-playing', 386);
INSERT INTO Game(GID, name, genre, DID) VALUES (958, 'Port for various video games, include', 'Puzzle', 386);
INSERT INTO Developer(DID, name, since, CID) VALUES (387, 'Obsidian Entertainment', 2004, 4);
INSERT INTO Game(GID, name, genre, DID) VALUES (959, 'Fallout New Vegas', 'Action', 387);
INSERT INTO Game(GID, name, genre, DID) VALUES (960, 'Neverwinter Nights 2', 'Action', 387);
INSERT INTO Game(GID, name, genre, DID) VALUES (961, 'Dungeon Siege III', 'Action', 387);
INSERT INTO Game(GID, name, genre, DID) VALUES (962, 'South Park: The Stick of Truth', 'Action', 387);
INSERT INTO Game(GID, name, genre, DID) VALUES (963, 'Pillars of Eternity', 'Sports', 387);
INSERT INTO Game(GID, name, genre, DID) VALUES (964, 'The Outer Worlds', '', 387);
INSERT INTO Developer(DID, name, since, CID) VALUES (388, 'Oddworld Inhabitants', 1994, 4);
INSERT INTO Game(GID, name, genre, DID) VALUES (965, 'Oddworld', 'Action', 388);
INSERT INTO Developer(DID, name, since, CID) VALUES (389, 'Omega Force', 1997, 0);
INSERT INTO Game(GID, name, genre, DID) VALUES (966, 'Dynasty Warriors: Gundam', 'Role-playing', 389);
INSERT INTO Game(GID, name, genre, DID) VALUES (967, 'One Piece: Pirate Warriors', 'Adventure', 389);
INSERT INTO Game(GID, name, genre, DID) VALUES (968, 'Hyrule Warriors', 'Role-playing', 389);
INSERT INTO Game(GID, name, genre, DID) VALUES (969, 'Fire Emblem Warriors', 'Action', 389);
INSERT INTO Game(GID, name, genre, DID) VALUES (970, 'Toukiden', 'Sports', 389);
INSERT INTO Game(GID, name, genre, DID) VALUES (971, 'Dragon Quest Heroes', 'Role-playing', 389);
INSERT INTO Game(GID, name, genre, DID) VALUES (972, 'Dragon Quest Builders 2', 'Puzzle', 389);
INSERT INTO Game(GID, name, genre, DID) VALUES (973, 'Persona 5 Strikers', 'Action', 389);
INSERT INTO Developer(DID, name, since, CID) VALUES (390, 'Origin Systems', 1983, 4);
INSERT INTO Game(GID, name, genre, DID) VALUES (974, 'Ultima', 'Action', 390);
INSERT INTO Game(GID, name, genre, DID) VALUES (975, 'Ultima Online', '', 390);
INSERT INTO Game(GID, name, genre, DID) VALUES (976, 'Wing Commander', 'Action', 390);
INSERT INTO Developer(DID, name, since, CID) VALUES (391, 'OtherSide Entertainment', 2013, 4);
INSERT INTO Game(GID, name, genre, DID) VALUES (977, 'Underworld Ascendant', 'Simulation', 391);
INSERT INTO Country(CID, name, population) VALUES (37, 'Slovenia', 2119675);
INSERT INTO Developer(DID, name, since, CID) VALUES (392, 'Outfit7', 2010, 37);
INSERT INTO Game(GID, name, genre, DID) VALUES (978, 'Talking Tom and Friends', 'Role-playing', 392);
INSERT INTO Developer(DID, name, since, CID) VALUES (393, 'Outrage Entertainment', 1996, 4);
INSERT INTO Game(GID, name, genre, DID) VALUES (979, 'Descent 3', 'Role-playing', 393);
INSERT INTO Developer(DID, name, since, CID) VALUES (394, 'Out of the Park Developments', 1999, 12);
INSERT INTO Game(GID, name, genre, DID) VALUES (980, 'Out of the Park Baseball', 'Adventure', 394);
INSERT INTO Developer(DID, name, since, CID) VALUES (395, 'Overkill Software', 2009, 13);
INSERT INTO Game(GID, name, genre, DID) VALUES (981, 'Payday', 'Action', 395);
INSERT INTO Developer(DID, name, since, CID) VALUES (396, 'Oxygen Studios', 2006, 8);
INSERT INTO Game(GID, name, genre, DID) VALUES (982, 'King of Clubs', 'Adventure', 396);
INSERT INTO Developer(DID, name, since, CID) VALUES (397, 'Page 44 Studios', 1998, 4);
INSERT INTO Game(GID, name, genre, DID) VALUES (983, 'Freekstyle', 'Simulation', 397);
INSERT INTO Game(GID, name, genre, DID) VALUES (984, 'High School Musical 3: Senior Year Dance', 'Adventure', 397);
INSERT INTO Game(GID, name, genre, DID) VALUES (985, 'Madden NFL 11', 'Action', 397);
INSERT INTO Game(GID, name, genre, DID) VALUES (986, 'iOS', '', 397);
INSERT INTO Game(GID, name, genre, DID) VALUES (987, 'uDraw Pictionary', 'Action-adventure', 397);
INSERT INTO Game(GID, name, genre, DID) VALUES (988, 'World of Goo', 'Action', 397);
INSERT INTO Developer(DID, name, since, CID) VALUES (398, 'Paradigm Entertainment', 1997, 4);
INSERT INTO Game(GID, name, genre, DID) VALUES (989, 'F-1 World Grand Prix', 'Puzzle', 398);
INSERT INTO Game(GID, name, genre, DID) VALUES (990, 'Pilotwings 64', '', 398);
INSERT INTO Developer(DID, name, since, CID) VALUES (399, 'People Can Fly', 2002, 1);
INSERT INTO Game(GID, name, genre, DID) VALUES (991, 'Bulletstorm', 'Role-playing', 399);
INSERT INTO Game(GID, name, genre, DID) VALUES (992, 'Painkiller', 'Strategy', 399);
INSERT INTO Developer(DID, name, since, CID) VALUES (400, 'Project Sora', 2009, 0);
INSERT INTO Game(GID, name, genre, DID) VALUES (993, 'Kid Icarus: Uprising', 'Simulation', 400);
INSERT INTO Developer(DID, name, since, CID) VALUES (401, 'Purple Lamp Studios', 2018, 34);
INSERT INTO Game(GID, name, genre, DID) VALUES (994, 'SpongeBob SquarePants: Battle for Bikini Bottom – Rehydrated', 'Adventure', 401);
INSERT INTO Developer(DID, name, since, CID) VALUES (402, 'Project Soul', 1996, 0);
INSERT INTO Game(GID, name, genre, DID) VALUES (995, 'Soul', 'MMO', 402);
INSERT INTO Developer(DID, name, since, CID) VALUES (403, 'Panther Games Pty Ltd', 1985, 16);
INSERT INTO Game(GID, name, genre, DID) VALUES (996, 'Fire-Brigade', 'Action', 403);
INSERT INTO Game(GID, name, genre, DID) VALUES (997, 'Command Ops: Battles from the Bulge', 'Adventure', 403);
INSERT INTO Developer(DID, name, since, CID) VALUES (404, 'Paradox Development Studio', 1995, 13);
INSERT INTO Game(GID, name, genre, DID) VALUES (998, 'Europa Universalis', 'Action', 404);
INSERT INTO Game(GID, name, genre, DID) VALUES (999, 'Hearts of Iron', 'Adventure', 404);
INSERT INTO Game(GID, name, genre, DID) VALUES (1000, 'Crusader Kings', 'Action', 404);
INSERT INTO Developer(DID, name, since, CID) VALUES (405, 'Parallax Software', 1993, 4);
INSERT INTO Game(GID, name, genre, DID) VALUES (1001, 'Descent', 'Puzzle', 405);
INSERT INTO Developer(DID, name, since, CID) VALUES (406, 'Pandemic Studios', 1998, 4);
INSERT INTO Game(GID, name, genre, DID) VALUES (1002, 'Full Spectrum Warrior', 'Simulation', 406);
INSERT INTO Game(GID, name, genre, DID) VALUES (1003, 'Mercenaries: Playground of Destruction', 'Simulation', 406);
INSERT INTO Game(GID, name, genre, DID) VALUES (1004, 'The Saboteur', 'Adventure', 406);
INSERT INTO Developer(DID, name, since, CID) VALUES (407, 'Pendulo Studios', 1993, 32);
INSERT INTO Game(GID, name, genre, DID) VALUES (1005, 'Hollywood Monsters', 'Action', 407);
INSERT INTO Game(GID, name, genre, DID) VALUES (1006, 'Runaway', 'Action', 407);
INSERT INTO Game(GID, name, genre, DID) VALUES (1007, 'Yesterday', 'Puzzle', 407);
INSERT INTO Developer(DID, name, since, CID) VALUES (408, 'Penguin Software', 1978, 4);
INSERT INTO Game(GID, name, genre, DID) VALUES (1008, 'Transylvania', 'Action', 408);
INSERT INTO Developer(DID, name, since, CID) VALUES (409, 'Perfect World', 2004, 33);
INSERT INTO Game(GID, name, genre, DID) VALUES (1009, 'Perfect World', 'Sports', 409);
INSERT INTO Developer(DID, name, since, CID) VALUES (410, 'Petroglyph', 2003, 4);
INSERT INTO Game(GID, name, genre, DID) VALUES (1010, 'Star Wars: Empire at War', 'Action-adventure', 410);
INSERT INTO Game(GID, name, genre, DID) VALUES (1011, 'Universe at War: Earth Assault', 'Action', 410);
INSERT INTO Game(GID, name, genre, DID) VALUES (1012, 'Grey Goo', 'Adventure', 410);
INSERT INTO Game(GID, name, genre, DID) VALUES (1013, 'Command & Conquer Remastered Collection', 'Sports', 410);
INSERT INTO Developer(DID, name, since, CID) VALUES (411, 'Pipeworks Studios', 1999, 4);
INSERT INTO Game(GID, name, genre, DID) VALUES (1014, 'Godzilla: Destroy All Monsters Melee', 'Adventure', 411);
INSERT INTO Game(GID, name, genre, DID) VALUES (1015, 'Deadliest Warrior', 'Adventure', 411);
INSERT INTO Game(GID, name, genre, DID) VALUES (1016, 'Zumba Fitness', 'Adventure', 411);
INSERT INTO Developer(DID, name, since, CID) VALUES (412, 'Piranha Bytes', 1997, 12);
INSERT INTO Game(GID, name, genre, DID) VALUES (1017, 'Gothic', 'Action', 412);
INSERT INTO Game(GID, name, genre, DID) VALUES (1018, 'Risen', 'Simulation', 412);
INSERT INTO Game(GID, name, genre, DID) VALUES (1019, 'ELEX', 'Action-adventure', 412);
INSERT INTO Developer(DID, name, since, CID) VALUES (413, 'Piranha Games', 2000, 11);
INSERT INTO Game(GID, name, genre, DID) VALUES (1020, 'MechWarrior 5', 'Action', 413);
INSERT INTO Game(GID, name, genre, DID) VALUES (1021, 'MechWarrior Online', 'Action', 413);
INSERT INTO Game(GID, name, genre, DID) VALUES (1022, 'Bass Pro Shops: The Strike', 'Action', 413);
INSERT INTO Game(GID, name, genre, DID) VALUES (1023, 'Die Hard: Nakatomi Plaza', 'Action', 413);
INSERT INTO Developer(DID, name, since, CID) VALUES (414, 'Pi Studios', 2002, 4);
INSERT INTO Game(GID, name, genre, DID) VALUES (1024, 'Bomberman Live: Battlefest', '', 414);
INSERT INTO Developer(DID, name, since, CID) VALUES (415, 'Pivotal Games', 2000, 8);
INSERT INTO Game(GID, name, genre, DID) VALUES (1025, 'Conflict', 'Adventure', 415);
INSERT INTO Game(GID, name, genre, DID) VALUES (1026, 'The Great Escape', '', 415);
INSERT INTO Developer(DID, name, since, CID) VALUES (416, 'Pixel Federation', 2007, 18);
INSERT INTO Game(GID, name, genre, DID) VALUES (1027, 'Galactic Junk League', 'Action', 416);
INSERT INTO Developer(DID, name, since, CID) VALUES (417, 'Playfish', 2007, 8);
INSERT INTO Game(GID, name, genre, DID) VALUES (1028, 'The Sims Social', 'Action', 417);
INSERT INTO Developer(DID, name, since, CID) VALUES (418, 'Playground Games', 2009, 8);
INSERT INTO Game(GID, name, genre, DID) VALUES (1029, 'Forza Horizon', 'Puzzle', 418);
INSERT INTO Game(GID, name, genre, DID) VALUES (1030, 'Fable (2020)', 'Action', 418);
INSERT INTO Developer(DID, name, since, CID) VALUES (419, 'PlatinumGames', 2006, 0);
INSERT INTO Game(GID, name, genre, DID) VALUES (1031, 'MadWorld', '', 419);
INSERT INTO Game(GID, name, genre, DID) VALUES (1032, 'Bayonetta', '', 419);
INSERT INTO Game(GID, name, genre, DID) VALUES (1033, 'Vanquish', 'Sports', 419);
INSERT INTO Game(GID, name, genre, DID) VALUES (1034, 'Anarchy Reigns', 'Puzzle', 419);
INSERT INTO Game(GID, name, genre, DID) VALUES (1035, 'Metal Gear Rising: Revengeance', 'MMO', 419);
INSERT INTO Game(GID, name, genre, DID) VALUES (1036, 'The Wonderful 101', '', 419);
INSERT INTO Game(GID, name, genre, DID) VALUES (1037, 'Star Fox Zero', 'Adventure', 419);
INSERT INTO Game(GID, name, genre, DID) VALUES (1038, 'Nier: Automata', 'Puzzle', 419);
INSERT INTO Game(GID, name, genre, DID) VALUES (1039, 'Astral Chain', '', 419);
INSERT INTO Developer(DID, name, since, CID) VALUES (420, 'Polyphony Digital', 1998, 0);
INSERT INTO Game(GID, name, genre, DID) VALUES (1040, 'Gran Turismo', 'Simulation', 420);
INSERT INTO Game(GID, name, genre, DID) VALUES (1041, 'Tourist Trophy', 'Puzzle', 420);
INSERT INTO Developer(DID, name, since, CID) VALUES (421, 'PopCap Games', 2000, 4);
INSERT INTO Game(GID, name, genre, DID) VALUES (1042, 'Bejeweled', 'Action', 421);
INSERT INTO Game(GID, name, genre, DID) VALUES (1043, 'Plants vs. Zombies', 'Action', 421);
INSERT INTO Game(GID, name, genre, DID) VALUES (1044, 'Peggle', 'Action', 421);
INSERT INTO Game(GID, name, genre, DID) VALUES (1045, 'Zuma', 'Sports', 421);
INSERT INTO Developer(DID, name, since, CID) VALUES (422, 'Press Play', 2006, 21);
INSERT INTO Game(GID, name, genre, DID) VALUES (1046, 'Max & the Magic Marker', 'Strategy', 422);
INSERT INTO Game(GID, name, genre, DID) VALUES (1047, 'Max: The Curse of Brotherhood', 'Adventure', 422);
INSERT INTO Developer(DID, name, since, CID) VALUES (423, 'Private Division', 2017, 4);
INSERT INTO Game(GID, name, genre, DID) VALUES (1048, 'Kerbal Space Program 2', 'Action', 423);
INSERT INTO Developer(DID, name, since, CID) VALUES (424, 'Psyonix', 2001, 4);
INSERT INTO Game(GID, name, genre, DID) VALUES (1049, 'Rocket League', 'Action', 424);
INSERT INTO Game(GID, name, genre, DID) VALUES (1050, 'XCOM: Enemy Unknown', 'Simulation', 424);
INSERT INTO Developer(DID, name, since, CID) VALUES (425, 'PUBG Studios', 2009, 15);
INSERT INTO Game(GID, name, genre, DID) VALUES (1051, 'Devilian', 'Action', 425);
INSERT INTO Game(GID, name, genre, DID) VALUES (1052, 'PlayerUnknown''s Battlegrounds', 'Adventure', 425);
INSERT INTO Developer(DID, name, since, CID) VALUES (426, 'Pyro Mobile', 1996, 32);
INSERT INTO Game(GID, name, genre, DID) VALUES (1053, 'Commandos', 'Simulation', 426);
INSERT INTO Developer(DID, name, since, CID) VALUES (427, 'Q Entertainment', 2003, 0);
INSERT INTO Game(GID, name, genre, DID) VALUES (1054, 'Lumines', 'Simulation', 427);
INSERT INTO Developer(DID, name, since, CID) VALUES (428, 'Q-Games', 2001, 0);
INSERT INTO Game(GID, name, genre, DID) VALUES (1055, 'Star Fox Command', 'Simulation', 428);
INSERT INTO Game(GID, name, genre, DID) VALUES (1056, 'PixelJunk', 'Simulation', 428);
INSERT INTO Game(GID, name, genre, DID) VALUES (1057, 'The Tomorrow Children', 'MMO', 428);
INSERT INTO Developer(DID, name, since, CID) VALUES (429, 'Quantic Dream', 1997, 10);
INSERT INTO Game(GID, name, genre, DID) VALUES (1058, 'Fahrenheit', 'Action', 429);
INSERT INTO Game(GID, name, genre, DID) VALUES (1059, 'Heavy Rain', 'Role-playing', 429);
INSERT INTO Game(GID, name, genre, DID) VALUES (1060, 'Beyond: Two Souls', 'Role-playing', 429);
INSERT INTO Game(GID, name, genre, DID) VALUES (1061, 'Detroit: Become Human', 'Sports', 429);
INSERT INTO Developer(DID, name, since, CID) VALUES (430, 'Quest Corporation', 1988, 0);
INSERT INTO Game(GID, name, genre, DID) VALUES (1062, 'Ogre Battle', 'Sports', 430);
INSERT INTO Developer(DID, name, since, CID) VALUES (431, 'Quintet', 1989, 0);
INSERT INTO Game(GID, name, genre, DID) VALUES (1063, 'ActRaiser', 'Adventure', 431);
INSERT INTO Game(GID, name, genre, DID) VALUES (1064, 'Soul Blazer', 'Role-playing', 431);
INSERT INTO Game(GID, name, genre, DID) VALUES (1065, 'Illusion of Gaia', 'Role-playing', 431);
INSERT INTO Game(GID, name, genre, DID) VALUES (1066, 'Terranigma', 'Action', 431);
INSERT INTO Game(GID, name, genre, DID) VALUES (1067, 'Robotrek', 'Puzzle', 431);
INSERT INTO Developer(DID, name, since, CID) VALUES (432, 'Radical Entertainment', 1991, 11);
INSERT INTO Game(GID, name, genre, DID) VALUES (1068, 'Prototype', 'Puzzle', 432);
INSERT INTO Game(GID, name, genre, DID) VALUES (1069, 'Mario Is Missing!', 'Simulation', 432);
INSERT INTO Game(GID, name, genre, DID) VALUES (1070, 'Crash Tag Team Racing', 'Action', 432);
INSERT INTO Game(GID, name, genre, DID) VALUES (1071, 'Crash of the Titans', 'Action', 432);
INSERT INTO Developer(DID, name, since, CID) VALUES (433, 'Rage Games', 1992, 8);
INSERT INTO Game(GID, name, genre, DID) VALUES (1072, 'Incoming', 'Puzzle', 433);
INSERT INTO Developer(DID, name, since, CID) VALUES (434, 'Rainbow Studios', 1996, 4);
INSERT INTO Game(GID, name, genre, DID) VALUES (1073, 'MX vs. ATV', 'Action', 434);
INSERT INTO Developer(DID, name, since, CID) VALUES (435, 'Rare', 1985, 8);
INSERT INTO Game(GID, name, genre, DID) VALUES (1074, 'Battletoads', 'Action', 435);
INSERT INTO Game(GID, name, genre, DID) VALUES (1075, 'Donkey Kong Country', 'Puzzle', 435);
INSERT INTO Game(GID, name, genre, DID) VALUES (1076, 'Banjo-Kazooie', 'Adventure', 435);
INSERT INTO Game(GID, name, genre, DID) VALUES (1077, 'Donkey Kong 64', 'MMO', 435);
INSERT INTO Game(GID, name, genre, DID) VALUES (1078, 'Conker''s Bad Fur Day', 'Role-playing', 435);
INSERT INTO Game(GID, name, genre, DID) VALUES (1079, 'Perfect Dark', 'Action-adventure', 435);
INSERT INTO Game(GID, name, genre, DID) VALUES (1080, 'Sea of Thieves', 'Action', 435);
INSERT INTO Developer(DID, name, since, CID) VALUES (436, 'Raven Software', 1990, 4);
INSERT INTO Game(GID, name, genre, DID) VALUES (1081, 'Heretic', 'MMO', 436);
INSERT INTO Game(GID, name, genre, DID) VALUES (1082, 'Hexen', 'Adventure', 436);
INSERT INTO Game(GID, name, genre, DID) VALUES (1083, 'Singularity', 'Sports', 436);
INSERT INTO Game(GID, name, genre, DID) VALUES (1084, 'Star Wars Jedi Knight II: Jedi Outcast', 'Sports', 436);
INSERT INTO Game(GID, name, genre, DID) VALUES (1085, 'Soldier of Fortune II: Double Helix', 'Adventure', 436);
INSERT INTO Game(GID, name, genre, DID) VALUES (1086, 'Marvel: Ultimate Alliance', 'Sports', 436);
INSERT INTO Developer(DID, name, since, CID) VALUES (437, 'RDI Video Systems', 1982, 4);
INSERT INTO Game(GID, name, genre, DID) VALUES (1087, 'Dragon''s Lair', 'Role-playing', 437);
INSERT INTO Developer(DID, name, since, CID) VALUES (438, 'Ready at Dawn', 2003, 4);
INSERT INTO Game(GID, name, genre, DID) VALUES (1088, 'Daxter', 'Puzzle', 438);
INSERT INTO Game(GID, name, genre, DID) VALUES (1089, 'The Order: 1886', 'Adventure', 438);
INSERT INTO Game(GID, name, genre, DID) VALUES (1090, 'Deformers', '', 438);
INSERT INTO Game(GID, name, genre, DID) VALUES (1091, 'Lone Echo', '', 438);
INSERT INTO Developer(DID, name, since, CID) VALUES (439, 'Red Entertainment', 1976, 0);
INSERT INTO Game(GID, name, genre, DID) VALUES (1092, 'Sakura Wars', 'Action', 439);
INSERT INTO Game(GID, name, genre, DID) VALUES (1093, 'Gungrave', 'Sports', 439);
INSERT INTO Developer(DID, name, since, CID) VALUES (440, 'Reality Pump Studios', 1995, 1);
INSERT INTO Game(GID, name, genre, DID) VALUES (1094, 'Two Worlds', 'Adventure', 440);
INSERT INTO Developer(DID, name, since, CID) VALUES (441, 'Realtime Worlds', 2002, 8);
INSERT INTO Game(GID, name, genre, DID) VALUES (1095, 'Crackdown', 'Adventure', 441);
INSERT INTO Developer(DID, name, since, CID) VALUES (442, 'Rebellion Developments', 1992, 8);
INSERT INTO Game(GID, name, genre, DID) VALUES (1096, 'Aliens vs. Predator', 'Sports', 442);
INSERT INTO Game(GID, name, genre, DID) VALUES (1097, 'Sniper Elite', 'Action', 442);
INSERT INTO Developer(DID, name, since, CID) VALUES (443, 'Rebellion Warwick', 2013, 8);
INSERT INTO Game(GID, name, genre, DID) VALUES (1098, 'SkySaga: Infinite Isles', 'Simulation', 443);
INSERT INTO Developer(DID, name, since, CID) VALUES (444, 'RedLynx', 2000, 17);
INSERT INTO Game(GID, name, genre, DID) VALUES (1099, 'Trials', 'Action', 444);
INSERT INTO Developer(DID, name, since, CID) VALUES (445, 'Red Thread Games', 2012, 26);
INSERT INTO Game(GID, name, genre, DID) VALUES (1100, 'Dreamfall Chapters: The Longest Journey', 'Action', 445);
INSERT INTO Developer(DID, name, since, CID) VALUES (446, 'Red Storm Entertainment', 1996, 4);
INSERT INTO Game(GID, name, genre, DID) VALUES (1101, 'Tom Clancy''s Ghost Recon', 'Role-playing', 446);
INSERT INTO Game(GID, name, genre, DID) VALUES (1102, 'Tom Clancy''s Rainbow Six', 'Action-adventure', 446);
INSERT INTO Developer(DID, name, since, CID) VALUES (447, 'Reflexive Entertainment', 1997, 4);
INSERT INTO Game(GID, name, genre, DID) VALUES (1103, 'Airport Mania', '', 447);
INSERT INTO Developer(DID, name, since, CID) VALUES (448, 'Relic Entertainment', 1997, 11);
INSERT INTO Game(GID, name, genre, DID) VALUES (1104, 'Company of Heroes', 'Puzzle', 448);
INSERT INTO Game(GID, name, genre, DID) VALUES (1105, 'Warhammer 40000: Dawn of War', 'Action', 448);
INSERT INTO Game(GID, name, genre, DID) VALUES (1106, 'Homeworld', 'Action', 448);
INSERT INTO Developer(DID, name, since, CID) VALUES (449, 'Remedy Entertainment', 1995, 17);
INSERT INTO Game(GID, name, genre, DID) VALUES (1107, 'Max Payne', 'Action', 449);
INSERT INTO Game(GID, name, genre, DID) VALUES (1108, 'Alan Wake', 'Adventure', 449);
INSERT INTO Game(GID, name, genre, DID) VALUES (1109, 'Control', 'Action', 449);
INSERT INTO Developer(DID, name, since, CID) VALUES (450, 'Respawn Entertainment', 2010, 4);
INSERT INTO Game(GID, name, genre, DID) VALUES (1110, 'Titanfall', 'Action', 450);
INSERT INTO Game(GID, name, genre, DID) VALUES (1111, 'Star Wars Jedi: Fallen Order', 'Adventure', 450);
INSERT INTO Developer(DID, name, since, CID) VALUES (451, 'Reto-Moto', 2008, 21);
INSERT INTO Game(GID, name, genre, DID) VALUES (1112, 'Heroes & Generals', 'Action', 451);
INSERT INTO Developer(DID, name, since, CID) VALUES (452, 'Retro Studios', 1998, 4);
INSERT INTO Game(GID, name, genre, DID) VALUES (1113, 'Metroid Prime', 'Action', 452);
INSERT INTO Developer(DID, name, since, CID) VALUES (453, 'Revolution Software', 1990, 8);
INSERT INTO Game(GID, name, genre, DID) VALUES (1114, 'Broken Sword', 'Action', 453);
INSERT INTO Game(GID, name, genre, DID) VALUES (1115, 'Beneath a Steel Sky', 'Action', 453);
INSERT INTO Developer(DID, name, since, CID) VALUES (454, 'Riot Games', 2006, 4);
INSERT INTO Game(GID, name, genre, DID) VALUES (1116, 'League of Legends', 'Role-playing', 454);
INSERT INTO Game(GID, name, genre, DID) VALUES (1117, 'Legends of Runeterra', 'Puzzle', 454);
INSERT INTO Game(GID, name, genre, DID) VALUES (1118, 'Valorant', 'Action', 454);
INSERT INTO Developer(DID, name, since, CID) VALUES (455, 'Robomodo', 2008, 4);
INSERT INTO Game(GID, name, genre, DID) VALUES (1119, 'Tony Hawk''s Pro Skater HD', 'Sports', 455);
INSERT INTO Game(GID, name, genre, DID) VALUES (1120, 'Tony Hawk''s Pro Skater 5', 'Sports', 455);
INSERT INTO Developer(DID, name, since, CID) VALUES (456, 'Robot Entertainment', 2009, 4);
INSERT INTO Game(GID, name, genre, DID) VALUES (1121, 'Orcs Must Die!', 'Action-adventure', 456);
INSERT INTO Game(GID, name, genre, DID) VALUES (1122, 'Hero Academy', 'Role-playing', 456);
INSERT INTO Game(GID, name, genre, DID) VALUES (1123, 'Age of Empires Online', '', 456);
INSERT INTO Developer(DID, name, since, CID) VALUES (457, 'Rockstar Toronto', 1999, 11);
INSERT INTO Game(GID, name, genre, DID) VALUES (1124, 'Grand Theft Auto', 'Sports', 457);
INSERT INTO Game(GID, name, genre, DID) VALUES (1125, 'Manhunt', 'MMO', 457);
INSERT INTO Game(GID, name, genre, DID) VALUES (1126, 'Midnight Club', 'Puzzle', 457);
INSERT INTO Game(GID, name, genre, DID) VALUES (1127, 'Red Dead', 'Action', 457);
INSERT INTO Game(GID, name, genre, DID) VALUES (1128, 'Bully', 'Simulation', 457);
INSERT INTO Developer(DID, name, since, CID) VALUES (458, 'Rockstar Dundee', 2008, 8);
INSERT INTO Game(GID, name, genre, DID) VALUES (1129, 'Crackdown 2', 'Sports', 458);
INSERT INTO Developer(DID, name, since, CID) VALUES (459, 'Rocksteady Studios', 2005, 8);
INSERT INTO Game(GID, name, genre, DID) VALUES (1130, 'Batman: Arkham', 'Simulation', 459);
INSERT INTO Game(GID, name, genre, DID) VALUES (1131, 'Suicide Squad: Kill the Justice League', 'MMO', 459);
INSERT INTO Developer(DID, name, since, CID) VALUES (460, 'Robinson Technologies', 1989, 0);
INSERT INTO Game(GID, name, genre, DID) VALUES (1132, 'Dink Smallwood', 'Action', 460);
INSERT INTO Developer(DID, name, since, CID) VALUES (461, 'Romero Games', 2015, 24);
INSERT INTO Game(GID, name, genre, DID) VALUES (1133, 'Empire of Sin', '', 461);
INSERT INTO Developer(DID, name, since, CID) VALUES (462, 'Rovio Entertainment', 2003, 17);
INSERT INTO Game(GID, name, genre, DID) VALUES (1134, 'Angry Birds', 'Strategy', 462);
INSERT INTO Developer(DID, name, since, CID) VALUES (463, 'Runic Games', 2008, 4);
INSERT INTO Game(GID, name, genre, DID) VALUES (1135, 'Torchlight', 'Role-playing', 463);
INSERT INTO Developer(DID, name, since, CID) VALUES (464, 'Running with Scissors', 1997, 4);
INSERT INTO Game(GID, name, genre, DID) VALUES (1136, 'Postal', 'Action', 464);
INSERT INTO Developer(DID, name, since, CID) VALUES (465, 'Saber Interactive', 2001, 4);
INSERT INTO Game(GID, name, genre, DID) VALUES (1137, 'World War Z', 'Action', 465);
INSERT INTO Developer(DID, name, since, CID) VALUES (466, 'Sandlot', 2001, 0);
INSERT INTO Game(GID, name, genre, DID) VALUES (1138, 'Robot Alchemic Drive', 'Sports', 466);
INSERT INTO Game(GID, name, genre, DID) VALUES (1139, 'Earth Defense Force', 'Puzzle', 466);
INSERT INTO Game(GID, name, genre, DID) VALUES (1140, 'Zangeki no Reginleiv', 'Adventure', 466);
INSERT INTO Developer(DID, name, since, CID) VALUES (467, 'Sanzaru Games', 2006, 4);
INSERT INTO Game(GID, name, genre, DID) VALUES (1141, 'Sly Cooper: Thieves in Time', 'Action', 467);
INSERT INTO Game(GID, name, genre, DID) VALUES (1142, 'Sonic Boom: Shattered Crystal', 'Puzzle', 467);
INSERT INTO Game(GID, name, genre, DID) VALUES (1143, 'Sonic Boom: Fire & Ice', 'Action', 467);
INSERT INTO Developer(DID, name, since, CID) VALUES (468, 'Sir-Tech', 1979, 11);
INSERT INTO Game(GID, name, genre, DID) VALUES (1144, 'Wizardry', 'Action', 468);
INSERT INTO Game(GID, name, genre, DID) VALUES (1145, 'Jagged Alliance', '', 468);
INSERT INTO Developer(DID, name, since, CID) VALUES (469, 'Schell Games', 2002, 4);
INSERT INTO Game(GID, name, genre, DID) VALUES (1146, 'I Expect You To Die', 'Action', 469);
INSERT INTO Developer(DID, name, since, CID) VALUES (470, 'SCS Software', 1997, 3);
INSERT INTO Game(GID, name, genre, DID) VALUES (1147, '18 Wheels of Steel', 'Simulation', 470);
INSERT INTO Game(GID, name, genre, DID) VALUES (1148, 'Euro Truck Simulator', 'Role-playing', 470);
INSERT INTO Developer(DID, name, since, CID) VALUES (471, 'Sega', 1960, 0);
INSERT INTO Game(GID, name, genre, DID) VALUES (1149, 'Sonic the Hedgehog', 'Simulation', 471);
INSERT INTO Game(GID, name, genre, DID) VALUES (1150, 'Crazy Taxi', 'Role-playing', 471);
INSERT INTO Game(GID, name, genre, DID) VALUES (1151, 'Golden Axe', 'Action', 471);
INSERT INTO Game(GID, name, genre, DID) VALUES (1152, 'Streets of Rage', 'Simulation', 471);
INSERT INTO Game(GID, name, genre, DID) VALUES (1153, 'The House of the Dead', 'Simulation', 471);
INSERT INTO Game(GID, name, genre, DID) VALUES (1154, 'Super Monkey Ball', 'Action', 471);
INSERT INTO Game(GID, name, genre, DID) VALUES (1155, 'Puyo Puyo', 'Action', 471);
INSERT INTO Game(GID, name, genre, DID) VALUES (1156, 'Jet Set Radio', 'Action', 471);
INSERT INTO Game(GID, name, genre, DID) VALUES (1157, 'Phantasy Star', 'Action', 471);
INSERT INTO Game(GID, name, genre, DID) VALUES (1158, 'Panzer Dragoon', 'MMO', 471);
INSERT INTO Game(GID, name, genre, DID) VALUES (1159, 'Let''s Make a Soccer Team!', 'Action', 471);
INSERT INTO Game(GID, name, genre, DID) VALUES (1160, 'Mario & Sonic at the Olympic Games', '', 471);
INSERT INTO Game(GID, name, genre, DID) VALUES (1161, 'Shenmue', 'Action-adventure', 471);
INSERT INTO Game(GID, name, genre, DID) VALUES (1162, 'Yakuza', 'Role-playing', 471);
INSERT INTO Game(GID, name, genre, DID) VALUES (1163, 'Valkyria Chronicles', 'Role-playing', 471);
INSERT INTO Game(GID, name, genre, DID) VALUES (1164, 'Mushiking', 'Action', 471);
INSERT INTO Game(GID, name, genre, DID) VALUES (1165, 'Border Break', 'Action', 471);
INSERT INTO Game(GID, name, genre, DID) VALUES (1166, 'Hatsune Miku: Project DIVA', 'Adventure', 471);
INSERT INTO Game(GID, name, genre, DID) VALUES (1167, 'Virtua Fighter', 'Role-playing', 471);
INSERT INTO Game(GID, name, genre, DID) VALUES (1168, 'Virtua Tennis', 'Action', 471);
INSERT INTO Game(GID, name, genre, DID) VALUES (1169, 'World Club Champion Football', 'Strategy', 471);
INSERT INTO Game(GID, name, genre, DID) VALUES (1170, 'Samba de Amigo', 'Action-adventure', 471);
INSERT INTO Developer(DID, name, since, CID) VALUES (472, 'Sensible Software', 1986, 8);
INSERT INTO Game(GID, name, genre, DID) VALUES (1171, 'Sensible Soccer', 'MMO', 472);
INSERT INTO Game(GID, name, genre, DID) VALUES (1172, 'Cannon Fodder', 'Adventure', 472);
INSERT INTO Game(GID, name, genre, DID) VALUES (1173, 'Mega Lo Mania', '', 472);
INSERT INTO Game(GID, name, genre, DID) VALUES (1174, 'Wizball', 'Action', 472);
INSERT INTO Game(GID, name, genre, DID) VALUES (1175, 'Wizkid', 'Puzzle', 472);
INSERT INTO Game(GID, name, genre, DID) VALUES (1176, 'Microprose Soccer', 'Action', 472);
INSERT INTO Game(GID, name, genre, DID) VALUES (1177, 'Shoot-''Em-Up Construction Kit', 'Strategy', 472);
INSERT INTO Game(GID, name, genre, DID) VALUES (1178, 'Parallax', 'Puzzle', 472);
INSERT INTO Game(GID, name, genre, DID) VALUES (1179, 'Sensible Golf', '', 472);
INSERT INTO Developer(DID, name, since, CID) VALUES (473, 'Bend Studio', 1993, 4);
INSERT INTO Game(GID, name, genre, DID) VALUES (1180, 'Syphon Filter', 'Strategy', 473);
INSERT INTO Game(GID, name, genre, DID) VALUES (1181, 'Days Gone', 'Puzzle', 473);
INSERT INTO Developer(DID, name, since, CID) VALUES (474, 'Japan Studio', 1993, 0);
INSERT INTO Game(GID, name, genre, DID) VALUES (1182, 'Ape Escape', 'Action', 474);
INSERT INTO Game(GID, name, genre, DID) VALUES (1183, 'Ico', 'Action', 474);
INSERT INTO Game(GID, name, genre, DID) VALUES (1184, 'Siren', 'Action', 474);
INSERT INTO Game(GID, name, genre, DID) VALUES (1185, 'Patapon', 'Action', 474);
INSERT INTO Game(GID, name, genre, DID) VALUES (1186, 'Loco Roco', 'MMO', 474);
INSERT INTO Game(GID, name, genre, DID) VALUES (1187, 'Gravity Rush', 'Sports', 474);
INSERT INTO Game(GID, name, genre, DID) VALUES (1188, 'Knack', 'Adventure', 474);
INSERT INTO Game(GID, name, genre, DID) VALUES (1189, 'The Last Guardian', '', 474);
INSERT INTO Game(GID, name, genre, DID) VALUES (1190, 'Fantavision', 'Sports', 474);
INSERT INTO Developer(DID, name, since, CID) VALUES (475, 'London Studio', 2002, 8);
INSERT INTO Game(GID, name, genre, DID) VALUES (1191, 'SingStar', 'Action', 475);
INSERT INTO Developer(DID, name, since, CID) VALUES (476, 'San Diego Studio', 2001, 4);
INSERT INTO Game(GID, name, genre, DID) VALUES (1192, 'MLB: The Show', 'Action-adventure', 476);
INSERT INTO Developer(DID, name, since, CID) VALUES (477, 'Santa Monica Studio', 1999, 4);
INSERT INTO Game(GID, name, genre, DID) VALUES (1193, 'God of War', 'Puzzle', 477);
INSERT INTO Developer(DID, name, since, CID) VALUES (478, 'Studio Liverpool', 1984, 8);
INSERT INTO Game(GID, name, genre, DID) VALUES (1194, 'Wipeout', 'Action', 478);
INSERT INTO Game(GID, name, genre, DID) VALUES (1195, 'Formula One', 'Role-playing', 478);
INSERT INTO Game(GID, name, genre, DID) VALUES (1196, 'Colony Wars', 'Action-adventure', 478);
INSERT INTO Developer(DID, name, since, CID) VALUES (479, 'Shaba Games', 1997, 4);
INSERT INTO Game(GID, name, genre, DID) VALUES (1197, 'Tony Hawk''s Underground 2: Remix', 'Action', 479);
INSERT INTO Game(GID, name, genre, DID) VALUES (1198, 'Spider-Man: Web of Shadows', 'Role-playing', 479);
INSERT INTO Developer(DID, name, since, CID) VALUES (480, 'SingleTrac', 1994, 4);
INSERT INTO Game(GID, name, genre, DID) VALUES (1199, '1–2', 'Sports', 480);
INSERT INTO Game(GID, name, genre, DID) VALUES (1200, 'Jet Moto', 'Action', 480);
INSERT INTO Game(GID, name, genre, DID) VALUES (1201, 'Warhawk (1995)', '', 480);
INSERT INTO Country(CID, name, population) VALUES (38, 'Malaysia', 34308525);
INSERT INTO Developer(DID, name, since, CID) VALUES (481, 'Sherman3D', 2003, 38);
INSERT INTO Game(GID, name, genre, DID) VALUES (1202, 'Alpha Kimori', 'Action', 481);
INSERT INTO Developer(DID, name, since, CID) VALUES (482, 'Shin''en Multimedia', 1999, 12);
INSERT INTO Game(GID, name, genre, DID) VALUES (1203, 'Fast Racing League', 'Action-adventure', 482);
INSERT INTO Developer(DID, name, since, CID) VALUES (483, 'Sierra Entertainment', 1979, 4);
INSERT INTO Game(GID, name, genre, DID) VALUES (1204, 'Mystery House', 'MMO', 483);
INSERT INTO Game(GID, name, genre, DID) VALUES (1205, 'King''s Quest', 'Sports', 483);
INSERT INTO Game(GID, name, genre, DID) VALUES (1206, 'Space Quest', 'Adventure', 483);
INSERT INTO Game(GID, name, genre, DID) VALUES (1207, 'Police Quest', 'Action', 483);
INSERT INTO Game(GID, name, genre, DID) VALUES (1208, 'Leisure Suit Larry', 'Simulation', 483);
INSERT INTO Game(GID, name, genre, DID) VALUES (1209, 'Quest for Glory', 'Simulation', 483);
INSERT INTO Game(GID, name, genre, DID) VALUES (1210, 'Gabriel Knight', '', 483);
INSERT INTO Developer(DID, name, since, CID) VALUES (484, 'Silicon Knights', 1992, 11);
INSERT INTO Game(GID, name, genre, DID) VALUES (1211, 'Blood Omen: Legacy of Kain', '', 484);
INSERT INTO Game(GID, name, genre, DID) VALUES (1212, 'Eternal Darkness: Sanity''s Requiem', 'Action', 484);
INSERT INTO Game(GID, name, genre, DID) VALUES (1213, 'Too Human', 'Action', 484);
INSERT INTO Developer(DID, name, since, CID) VALUES (485, 'Silicon Studio', 2000, 0);
INSERT INTO Game(GID, name, genre, DID) VALUES (1214, 'Bravely Default', 'Role-playing', 485);
INSERT INTO Developer(DID, name, since, CID) VALUES (486, 'Simtex', 1988, 4);
INSERT INTO Game(GID, name, genre, DID) VALUES (1215, 'Master of Orion', 'Action', 486);
INSERT INTO Game(GID, name, genre, DID) VALUES (1216, 'Master of Magic', 'Action-adventure', 486);
INSERT INTO Developer(DID, name, since, CID) VALUES (487, 'skip Ltd.', 2000, 0);
INSERT INTO Game(GID, name, genre, DID) VALUES (1217, 'bit Generations', 'Action', 487);
INSERT INTO Game(GID, name, genre, DID) VALUES (1218, 'Chibi-Robo!', 'Action', 487);
INSERT INTO Developer(DID, name, since, CID) VALUES (488, 'SkyBox Labs', 2011, 11);
INSERT INTO Game(GID, name, genre, DID) VALUES (1219, 'Kinect Nat Geo TV', 'Action', 488);
INSERT INTO Game(GID, name, genre, DID) VALUES (1220, 'Project Spark', 'Simulation', 488);
INSERT INTO Developer(DID, name, since, CID) VALUES (489, 'Slant Six Games', 2005, 11);
INSERT INTO Game(GID, name, genre, DID) VALUES (1221, 'SOCOM U.S. Navy SEALs', 'Strategy', 489);
INSERT INTO Game(GID, name, genre, DID) VALUES (1222, 'Resident Evil: Operation Raccoon City', 'Action', 489);
INSERT INTO Developer(DID, name, since, CID) VALUES (490, 'Sledgehammer Games', 2009, 4);
INSERT INTO Game(GID, name, genre, DID) VALUES (1223, 'Call of Duty: Advanced Warfare', 'Action', 490);
INSERT INTO Game(GID, name, genre, DID) VALUES (1224, 'Call of Duty: Modern Warfare 3', 'Puzzle', 490);
INSERT INTO Developer(DID, name, since, CID) VALUES (491, 'Snail', 2000, 33);
INSERT INTO Game(GID, name, genre, DID) VALUES (1225, 'Voyage Century Online', 'Action', 491);
INSERT INTO Developer(DID, name, since, CID) VALUES (492, 'Snapshot Games', 2013, 29);
INSERT INTO Game(GID, name, genre, DID) VALUES (1226, 'Chaos Reborn', 'Simulation', 492);
INSERT INTO Developer(DID, name, since, CID) VALUES (493, 'Slightly Mad Studios', 2008, 8);
INSERT INTO Game(GID, name, genre, DID) VALUES (1227, 'Project CARS', 'Role-playing', 493);
INSERT INTO Developer(DID, name, since, CID) VALUES (494, 'Slipgate Ironworks', 2017, 21);
INSERT INTO Game(GID, name, genre, DID) VALUES (1228, 'Rad Rodgers', 'Action-adventure', 494);
INSERT INTO Developer(DID, name, since, CID) VALUES (495, 'Slitherine Software', 2000, 8);
INSERT INTO Game(GID, name, genre, DID) VALUES (1229, 'Horrible Histories: Ruthless Romans', '', 495);
INSERT INTO Developer(DID, name, since, CID) VALUES (496, 'Smilegate', 2002, 15);
INSERT INTO Game(GID, name, genre, DID) VALUES (1230, 'Crossfire', 'Adventure', 496);
INSERT INTO Developer(DID, name, since, CID) VALUES (497, 'SNK', 2001, 0);
INSERT INTO Game(GID, name, genre, DID) VALUES (1231, 'Fatal Fury', 'Action', 497);
INSERT INTO Game(GID, name, genre, DID) VALUES (1232, 'The King of Fighters', 'Action', 497);
INSERT INTO Game(GID, name, genre, DID) VALUES (1233, 'Metal Slug', '', 497);
INSERT INTO Game(GID, name, genre, DID) VALUES (1234, 'Samurai Showdown', 'Action-adventure', 497);
INSERT INTO Game(GID, name, genre, DID) VALUES (1235, 'The Last Blade', 'Puzzle', 497);
INSERT INTO Game(GID, name, genre, DID) VALUES (1236, 'World Heroes', 'Strategy', 497);
INSERT INTO Country(CID, name, population) VALUES (39, 'Turkey', 85816199);
INSERT INTO Developer(DID, name, since, CID) VALUES (498, 'Sobee Studios', 2000, 39);
INSERT INTO Game(GID, name, genre, DID) VALUES (1237, 'I Can Football', 'Sports', 498);
INSERT INTO Game(GID, name, genre, DID) VALUES (1238, 'Süpercan', 'Action', 498);
INSERT INTO Developer(DID, name, since, CID) VALUES (499, 'Snowblind Studios', 1997, 4);
INSERT INTO Game(GID, name, genre, DID) VALUES (1239, 'Top Gear Overdrive', 'Simulation', 499);
INSERT INTO Game(GID, name, genre, DID) VALUES (1240, 'Champions of Norrath', 'Simulation', 499);
INSERT INTO Developer(DID, name, since, CID) VALUES (500, 'Software 2000', 1987, 12);
INSERT INTO Game(GID, name, genre, DID) VALUES (1241, 'Pizza Tycoon', 'Action', 500);
INSERT INTO Developer(DID, name, since, CID) VALUES (501, 'Sony Interactive Entertainment', 1994, 4);
INSERT INTO Game(GID, name, genre, DID) VALUES (1242, 'Various titles', 'Simulation', 501);
INSERT INTO Developer(DID, name, since, CID) VALUES (502, 'Sora Ltd.', 2005, 0);
INSERT INTO Game(GID, name, genre, DID) VALUES (1243, 'Super Smash Bros. Ultimate', 'Role-playing', 502);
INSERT INTO Developer(DID, name, since, CID) VALUES (503, 'Spellbound Entertainment', 1994, 12);
INSERT INTO Game(GID, name, genre, DID) VALUES (1244, 'Arcania: Gothic 4', 'Strategy', 503);
INSERT INTO Developer(DID, name, since, CID) VALUES (504, 'Spiders', 2008, 10);
INSERT INTO Game(GID, name, genre, DID) VALUES (1245, 'The Technomancer', 'MMO', 504);
INSERT INTO Game(GID, name, genre, DID) VALUES (1246, 'GreedFall', 'Simulation', 504);
INSERT INTO Developer(DID, name, since, CID) VALUES (505, 'Spike', 1991, 0);
INSERT INTO Game(GID, name, genre, DID) VALUES (1247, 'Dragon Ball Z: Budokai Tenkaichi', 'MMO', 505);
INSERT INTO Developer(DID, name, since, CID) VALUES (506, 'Spike Chunsoft', 2012, 0);
INSERT INTO Game(GID, name, genre, DID) VALUES (1248, 'Zero Escape', 'Sports', 506);
INSERT INTO Game(GID, name, genre, DID) VALUES (1249, 'Danganronpa', 'Action', 506);
INSERT INTO Game(GID, name, genre, DID) VALUES (1250, 'AI: The Somnium Files', 'Action-adventure', 506);
INSERT INTO Game(GID, name, genre, DID) VALUES (1251, 'Pokémon Mystery Dungeon', 'Simulation', 506);
INSERT INTO Game(GID, name, genre, DID) VALUES (1252, 'Jump Force', 'Action-adventure', 506);
INSERT INTO Developer(DID, name, since, CID) VALUES (507, 'Splash Damage', 2001, 8);
INSERT INTO Game(GID, name, genre, DID) VALUES (1253, 'Enemy Territory: Quake Wars', 'Sports', 507);
INSERT INTO Game(GID, name, genre, DID) VALUES (1254, 'Brink', 'Simulation', 507);
INSERT INTO Game(GID, name, genre, DID) VALUES (1255, 'Dirty Bomb', 'Action', 507);
INSERT INTO Developer(DID, name, since, CID) VALUES (508, 'Sports Interactive', 1994, 8);
INSERT INTO Game(GID, name, genre, DID) VALUES (1256, 'Championship Manager', 'Role-playing', 508);
INSERT INTO Game(GID, name, genre, DID) VALUES (1257, 'Football Manager', 'Simulation', 508);
INSERT INTO Game(GID, name, genre, DID) VALUES (1258, 'Eastside Hockey Manager', 'Puzzle', 508);
INSERT INTO Developer(DID, name, since, CID) VALUES (509, 'Sproing Interactive Media', 2001, 34);
INSERT INTO Game(GID, name, genre, DID) VALUES (1259, 'Cursed Mountain', 'Action', 509);
INSERT INTO Developer(DID, name, since, CID) VALUES (510, 'Square Enix', 1975, 0);
INSERT INTO Game(GID, name, genre, DID) VALUES (1260, 'Final Fantasy', 'Role-playing', 510);
INSERT INTO Game(GID, name, genre, DID) VALUES (1261, 'Mana', 'MMO', 510);
INSERT INTO Game(GID, name, genre, DID) VALUES (1262, 'SaGa', 'Adventure', 510);
INSERT INTO Game(GID, name, genre, DID) VALUES (1263, 'Chrono Trigger', 'Sports', 510);
INSERT INTO Game(GID, name, genre, DID) VALUES (1264, 'Brave Fencer Musashi', 'Action', 510);
INSERT INTO Game(GID, name, genre, DID) VALUES (1265, 'Star Ocean', 'Action-adventure', 510);
INSERT INTO Game(GID, name, genre, DID) VALUES (1266, 'Valkyrie Profile', 'MMO', 510);
INSERT INTO Game(GID, name, genre, DID) VALUES (1267, 'Kingdom Hearts', '', 510);
INSERT INTO Game(GID, name, genre, DID) VALUES (1268, 'Front Mission', '', 510);
INSERT INTO Country(CID, name, population) VALUES (40, 'Mexico', 128455567);
INSERT INTO Developer(DID, name, since, CID) VALUES (511, 'Squad', 2009, 40);
INSERT INTO Game(GID, name, genre, DID) VALUES (1269, 'Kerbal Space Program', 'Adventure', 511);
INSERT INTO Developer(DID, name, since, CID) VALUES (512, 'Stainless Games', 1993, 8);
INSERT INTO Game(GID, name, genre, DID) VALUES (1270, 'Magic: The Gathering – Duels of the Planeswalkers', 'Role-playing', 512);
INSERT INTO Developer(DID, name, since, CID) VALUES (513, 'Stainless Steel Studios', 1998, 4);
INSERT INTO Game(GID, name, genre, DID) VALUES (1271, 'Empire Earth', 'Action', 513);
INSERT INTO Developer(DID, name, since, CID) VALUES (514, 'Starbreeze Studios', 1998, 13);
INSERT INTO Game(GID, name, genre, DID) VALUES (1272, 'Enclave', 'Strategy', 514);
INSERT INTO Game(GID, name, genre, DID) VALUES (1273, 'Riddick', '', 514);
INSERT INTO Game(GID, name, genre, DID) VALUES (1274, 'Brothers: A Tale of Two Sons', 'Action', 514);
INSERT INTO Developer(DID, name, since, CID) VALUES (515, 'Stardock', 1991, 4);
INSERT INTO Game(GID, name, genre, DID) VALUES (1275, 'Galactic Civilizations', 'Role-playing', 515);
INSERT INTO Developer(DID, name, since, CID) VALUES (516, 'Sting Entertainment', 1989, 0);
INSERT INTO Game(GID, name, genre, DID) VALUES (1276, 'Baroque', 'Simulation', 516);
INSERT INTO Game(GID, name, genre, DID) VALUES (1277, 'Dungeon Travelers', 'Adventure', 516);
INSERT INTO Developer(DID, name, since, CID) VALUES (517, 'Strategic Simulations', 1979, 4);
INSERT INTO Game(GID, name, genre, DID) VALUES (1278, 'Gold Box', 'Action-adventure', 517);
INSERT INTO Game(GID, name, genre, DID) VALUES (1279, 'Panzer General', 'Puzzle', 517);
INSERT INTO Developer(DID, name, since, CID) VALUES (518, 'Stoic Studio', 2011, 4);
INSERT INTO Game(GID, name, genre, DID) VALUES (1280, 'The Banner Saga', 'MMO', 518);
INSERT INTO Developer(DID, name, since, CID) VALUES (519, 'Strawdog Studios', 2003, 8);
INSERT INTO Game(GID, name, genre, DID) VALUES (1281, 'Geon', 'Action', 519);
INSERT INTO Developer(DID, name, since, CID) VALUES (520, 'Success', 1978, 0);
INSERT INTO Game(GID, name, genre, DID) VALUES (1282, 'Cotton', 'Strategy', 520);
INSERT INTO Developer(DID, name, since, CID) VALUES (521, 'Sucker Punch Productions', 1997, 4);
INSERT INTO Game(GID, name, genre, DID) VALUES (1283, 'Rocket: Robot on Wheels', 'Action', 521);
INSERT INTO Game(GID, name, genre, DID) VALUES (1284, 'Sly Cooper', 'Action', 521);
INSERT INTO Game(GID, name, genre, DID) VALUES (1285, 'Infamous', 'Action', 521);
INSERT INTO Game(GID, name, genre, DID) VALUES (1286, 'Ghost of Tsushima', 'Sports', 521);
INSERT INTO Developer(DID, name, since, CID) VALUES (522, 'Sumo Digital', 2003, 8);
INSERT INTO Game(GID, name, genre, DID) VALUES (1287, 'LittleBigPlanet 3', 'Sports', 522);
INSERT INTO Game(GID, name, genre, DID) VALUES (1288, 'Crackdown 3', 'Strategy', 522);
INSERT INTO Developer(DID, name, since, CID) VALUES (523, 'Sunsoft', 1978, 0);
INSERT INTO Game(GID, name, genre, DID) VALUES (1289, 'Blaster Master', 'Action', 523);
INSERT INTO Developer(DID, name, since, CID) VALUES (524, 'Supercell', 2010, 17);
INSERT INTO Game(GID, name, genre, DID) VALUES (1290, 'Clash of Clans', 'Adventure', 524);
INSERT INTO Game(GID, name, genre, DID) VALUES (1291, 'Hay Day', 'Action', 524);
INSERT INTO Game(GID, name, genre, DID) VALUES (1292, 'Boom Beach', 'Action', 524);
INSERT INTO Game(GID, name, genre, DID) VALUES (1293, 'Clash Royale', 'Action', 524);
INSERT INTO Developer(DID, name, since, CID) VALUES (525, 'Supermassive Games', 2008, 8);
INSERT INTO Game(GID, name, genre, DID) VALUES (1294, 'Until Dawn', 'Adventure', 525);
INSERT INTO Developer(DID, name, since, CID) VALUES (526, 'Supergiant Games', 2009, 4);
INSERT INTO Game(GID, name, genre, DID) VALUES (1295, 'Hades', 'Action-adventure', 526);
INSERT INTO Developer(DID, name, since, CID) VALUES (527, 'SuperVillain Studios', 2004, 4);
INSERT INTO Game(GID, name, genre, DID) VALUES (1296, 'Order Up!', 'Action', 527);
INSERT INTO Developer(DID, name, since, CID) VALUES (528, 'Studio Wildcard', 2014, 4);
INSERT INTO Game(GID, name, genre, DID) VALUES (1297, 'Ark: Survival Evolved', 'Sports', 528);
INSERT INTO Developer(DID, name, since, CID) VALUES (529, 'Swordfish Studios', 2002, 8);
INSERT INTO Game(GID, name, genre, DID) VALUES (1298, 'Brian Lara International Cricket 2005', 'Action', 529);
INSERT INTO Developer(DID, name, since, CID) VALUES (530, 'Swingin'' Ape Studios', 2000, 4);
INSERT INTO Game(GID, name, genre, DID) VALUES (1299, 'Metal Arms: Glitch in the System', 'MMO', 530);
INSERT INTO Developer(DID, name, since, CID) VALUES (531, 'StormRegion', 2001, 23);
INSERT INTO Game(GID, name, genre, DID) VALUES (1300, 'S.W.I.N.E.', 'Action-adventure', 531);
INSERT INTO Game(GID, name, genre, DID) VALUES (1301, 'Codename: Panzers', 'Strategy', 531);
INSERT INTO Developer(DID, name, since, CID) VALUES (532, 'Syn Sophia', 1995, 0);
INSERT INTO Game(GID, name, genre, DID) VALUES (1302, 'WCW/nWo Revenge', 'Role-playing', 532);
INSERT INTO Game(GID, name, genre, DID) VALUES (1303, 'SimCity DS', 'Action', 532);
INSERT INTO Game(GID, name, genre, DID) VALUES (1304, 'Style Savvy', 'Action', 532);
INSERT INTO Game(GID, name, genre, DID) VALUES (1305, 'Pretty Series', 'Sports', 532);
INSERT INTO Game(GID, name, genre, DID) VALUES (1306, 'Pretty Rhythm', 'Action', 532);
INSERT INTO Game(GID, name, genre, DID) VALUES (1307, 'PriPara', '', 532);
INSERT INTO Game(GID, name, genre, DID) VALUES (1308, 'Pri Chan', 'Action', 532);
INSERT INTO Developer(DID, name, since, CID) VALUES (533, 'SystemSoft Beta', 1999, 0);
INSERT INTO Game(GID, name, genre, DID) VALUES (1309, 'Daisenryaku', 'Adventure', 533);
INSERT INTO Developer(DID, name, since, CID) VALUES (534, 'Taito', 1953, 0);
INSERT INTO Game(GID, name, genre, DID) VALUES (1310, 'Space Invaders', 'Action', 534);
INSERT INTO Game(GID, name, genre, DID) VALUES (1311, 'Bubble Bobble', 'Simulation', 534);
INSERT INTO Developer(DID, name, since, CID) VALUES (535, 'Tango Gameworks', 2010, 0);
INSERT INTO Game(GID, name, genre, DID) VALUES (1312, 'The Evil Within', 'Simulation', 535);
INSERT INTO Game(GID, name, genre, DID) VALUES (1313, 'Ghostwire: Tokyo', 'Action', 535);
INSERT INTO Game(GID, name, genre, DID) VALUES (1314, 'Hi-Fi Rush', 'MMO', 535);
INSERT INTO Developer(DID, name, since, CID) VALUES (536, 'TaleWorlds Entertainment', 2005, 39);
INSERT INTO Game(GID, name, genre, DID) VALUES (1315, 'Mount & Blade', 'Puzzle', 536);
INSERT INTO Developer(DID, name, since, CID) VALUES (537, 'Tamsoft', 1992, 0);
INSERT INTO Game(GID, name, genre, DID) VALUES (1316, 'OneeChanbara', 'Puzzle', 537);
INSERT INTO Game(GID, name, genre, DID) VALUES (1317, 'Captain Tsubasa: Rise of New Champions', 'Puzzle', 537);
INSERT INTO Developer(DID, name, since, CID) VALUES (538, 'T&E Soft', 1982, 0);
INSERT INTO Game(GID, name, genre, DID) VALUES (1318, 'Hydlide', 'Strategy', 538);
INSERT INTO Developer(DID, name, since, CID) VALUES (539, 'Tarsier Studios', 2004, 13);
INSERT INTO Game(GID, name, genre, DID) VALUES (1319, 'Little Nightmares', 'Adventure', 539);
INSERT INTO Developer(DID, name, since, CID) VALUES (540, 'Tate Multimedia', 2002, 1);
INSERT INTO Game(GID, name, genre, DID) VALUES (1320, 'Kao the Kangaroo', 'Sports', 540);
INSERT INTO Game(GID, name, genre, DID) VALUES (1321, 'Urban Trial Freestyle', 'Puzzle', 540);
INSERT INTO Developer(DID, name, since, CID) VALUES (541, 'Team17', 1990, 8);
INSERT INTO Game(GID, name, genre, DID) VALUES (1322, 'Alien Breed', 'Action', 541);
INSERT INTO Game(GID, name, genre, DID) VALUES (1323, 'Worms', 'Strategy', 541);
INSERT INTO Game(GID, name, genre, DID) VALUES (1324, 'The Escapists', 'Adventure', 541);
INSERT INTO Game(GID, name, genre, DID) VALUES (1325, 'Overcooked', 'Role-playing', 541);
INSERT INTO Developer(DID, name, since, CID) VALUES (542, 'Team Asobi', 2021, 0);
INSERT INTO Game(GID, name, genre, DID) VALUES (1326, 'The Playroom', 'Simulation', 542);
INSERT INTO Game(GID, name, genre, DID) VALUES (1327, 'Astro Bot Rescue Mission', 'Puzzle', 542);
INSERT INTO Game(GID, name, genre, DID) VALUES (1328, 'Astro''s Playroom', '', 542);
INSERT INTO Developer(DID, name, since, CID) VALUES (543, 'Team Bondi', 2003, 16);
INSERT INTO Game(GID, name, genre, DID) VALUES (1329, 'L.A. Noire', 'Simulation', 543);
INSERT INTO Developer(DID, name, since, CID) VALUES (544, 'Team Ninja', 1995, 0);
INSERT INTO Game(GID, name, genre, DID) VALUES (1330, 'Marvel Ultimate Alliance 3', 'Action', 544);
INSERT INTO Developer(DID, name, since, CID) VALUES (545, 'Techland', 1991, 1);
INSERT INTO Game(GID, name, genre, DID) VALUES (1331, 'Chrome', '', 545);
INSERT INTO Game(GID, name, genre, DID) VALUES (1332, 'Call of Juarez', 'Action', 545);
INSERT INTO Game(GID, name, genre, DID) VALUES (1333, 'Dead Island', 'Action', 545);
INSERT INTO Game(GID, name, genre, DID) VALUES (1334, 'Dying Light', 'Action-adventure', 545);
INSERT INTO Developer(DID, name, since, CID) VALUES (546, 'Tecmo', 1967, 0);
INSERT INTO Game(GID, name, genre, DID) VALUES (1335, 'Monster Rancher', 'Action', 546);
INSERT INTO Game(GID, name, genre, DID) VALUES (1336, 'Gallop Racer', 'Puzzle', 546);
INSERT INTO Game(GID, name, genre, DID) VALUES (1337, 'Fatal Frame', '', 546);
INSERT INTO Developer(DID, name, since, CID) VALUES (547, 'Telltale Games', 2004, 4);
INSERT INTO Game(GID, name, genre, DID) VALUES (1338, 'Sam & Max', 'Role-playing', 547);
INSERT INTO Game(GID, name, genre, DID) VALUES (1339, 'The Walking Dead', 'Puzzle', 547);
INSERT INTO Game(GID, name, genre, DID) VALUES (1340, 'The Wolf Among Us', 'Adventure', 547);
INSERT INTO Game(GID, name, genre, DID) VALUES (1341, 'Tales from the Borderlands', 'Adventure', 547);
INSERT INTO Game(GID, name, genre, DID) VALUES (1342, 'Game of Thrones', '', 547);
INSERT INTO Game(GID, name, genre, DID) VALUES (1343, 'Minecraft: Story Mode', 'Sports', 547);
INSERT INTO Developer(DID, name, since, CID) VALUES (548, 'Tencent Games', 2003, 33);
INSERT INTO Game(GID, name, genre, DID) VALUES (1344, 'Ring of Elysium', 'Action', 548);
INSERT INTO Developer(DID, name, since, CID) VALUES (549, 'Tequila Works', 2009, 32);
INSERT INTO Game(GID, name, genre, DID) VALUES (1345, 'Deadlight', '', 549);
INSERT INTO Developer(DID, name, since, CID) VALUES (550, 'Terminal Reality', 1994, 4);
INSERT INTO Game(GID, name, genre, DID) VALUES (1346, 'Monster Truck Madness', 'Role-playing', 550);
INSERT INTO Developer(DID, name, since, CID) VALUES (551, 'Tetris Online', 2006, 4);
INSERT INTO Game(GID, name, genre, DID) VALUES (1347, 'Tetris Friends', 'Action', 551);
INSERT INTO Developer(DID, name, since, CID) VALUES (552, 'Teyon', 2006, 1);
INSERT INTO Game(GID, name, genre, DID) VALUES (1348, 'Heavy Fire', 'Sports', 552);
INSERT INTO Developer(DID, name, since, CID) VALUES (553, 'Thatgamecompany', 2006, 4);
INSERT INTO Game(GID, name, genre, DID) VALUES (1349, 'Journey', 'Puzzle', 553);
INSERT INTO Game(GID, name, genre, DID) VALUES (1350, 'Sky', 'Sports', 553);
INSERT INTO Developer(DID, name, since, CID) VALUES (554, 'The Chinese Room', 2007, 8);
INSERT INTO Game(GID, name, genre, DID) VALUES (1351, 'Amnesia: A Machine For Pigs', 'Action', 554);
INSERT INTO Developer(DID, name, since, CID) VALUES (555, 'The Farm 51', 2005, 1);
INSERT INTO Game(GID, name, genre, DID) VALUES (1352, 'Get Even', 'Action', 555);
INSERT INTO Developer(DID, name, since, CID) VALUES (556, 'THQ Nordic', 2011, 34);
INSERT INTO Game(GID, name, genre, DID) VALUES (1353, 'SpellForce 3', 'Puzzle', 556);
INSERT INTO Developer(DID, name, since, CID) VALUES (557, 'Three Fields Entertainment', 2014, 8);
INSERT INTO Game(GID, name, genre, DID) VALUES (1354, 'Danger Zone', 'Strategy', 557);
INSERT INTO Game(GID, name, genre, DID) VALUES (1355, 'Dangerous Driving', 'Role-playing', 557);
INSERT INTO Developer(DID, name, since, CID) VALUES (558, 'Three Rings Design', 2001, 4);
INSERT INTO Game(GID, name, genre, DID) VALUES (1356, 'Doctor Who: Worlds in Time', '', 558);
INSERT INTO Developer(DID, name, since, CID) VALUES (559, 'TimeGate Studios', 1998, 4);
INSERT INTO Game(GID, name, genre, DID) VALUES (1357, 'Kohan', 'Puzzle', 559);
INSERT INTO Game(GID, name, genre, DID) VALUES (1358, 'Section 8', 'Role-playing', 559);
INSERT INTO Developer(DID, name, since, CID) VALUES (560, 'TiMi Studios', 2008, 33);
INSERT INTO Game(GID, name, genre, DID) VALUES (1359, 'Call of Duty: Mobile', 'Action', 560);
INSERT INTO Game(GID, name, genre, DID) VALUES (1360, 'Pokémon Unite', 'MMO', 560);
INSERT INTO Developer(DID, name, since, CID) VALUES (561, 'Toaplan', 1984, 0);
INSERT INTO Game(GID, name, genre, DID) VALUES (1361, 'Snow Bros', 'Strategy', 561);
INSERT INTO Developer(DID, name, since, CID) VALUES (562, 'Toby Fox', 2015, 4);
INSERT INTO Game(GID, name, genre, DID) VALUES (1362, 'Undertale', 'Puzzle', 562);
INSERT INTO Game(GID, name, genre, DID) VALUES (1363, 'Deltarune', 'Puzzle', 562);
INSERT INTO Developer(DID, name, since, CID) VALUES (563, 'Toca Boca', 2010, 13);
INSERT INTO Game(GID, name, genre, DID) VALUES (1364, 'Toca Life', 'Puzzle', 563);
INSERT INTO Developer(DID, name, since, CID) VALUES (564, 'ToeJam & Earl Productions', 1989, 4);
INSERT INTO Game(GID, name, genre, DID) VALUES (1365, 'ToeJam & Earl', 'Simulation', 564);
INSERT INTO Developer(DID, name, since, CID) VALUES (565, 'Tokyo RPG Factory', 2014, 0);
INSERT INTO Game(GID, name, genre, DID) VALUES (1366, 'I Am Setsuna', 'Role-playing', 565);
INSERT INTO Game(GID, name, genre, DID) VALUES (1367, 'Lost Sphear', 'Action', 565);
INSERT INTO Game(GID, name, genre, DID) VALUES (1368, 'Oninaki', 'Adventure', 565);
INSERT INTO Developer(DID, name, since, CID) VALUES (566, 'Toolworks', 1980, 4);
INSERT INTO Game(GID, name, genre, DID) VALUES (1369, 'Chessmaster 2000', '', 566);
INSERT INTO Game(GID, name, genre, DID) VALUES (1370, 'Mavis Beacon Teaches Typing', 'Simulation', 566);
INSERT INTO Developer(DID, name, since, CID) VALUES (567, 'Torpex Games', 2005, 4);
INSERT INTO Game(GID, name, genre, DID) VALUES (1371, 'Schizoid', 'Puzzle', 567);
INSERT INTO Developer(DID, name, since, CID) VALUES (568, 'Torus Games', 1994, 16);
INSERT INTO Game(GID, name, genre, DID) VALUES (1372, 'Scooby-Doo! First Frights', 'Adventure', 568);
INSERT INTO Game(GID, name, genre, DID) VALUES (1373, 'Scooby-Doo! and the Spooky Swamp', 'Puzzle', 568);
INSERT INTO Game(GID, name, genre, DID) VALUES (1374, 'Shrek Smash n'' Crash Racing', 'Puzzle', 568);
INSERT INTO Game(GID, name, genre, DID) VALUES (1375, 'Monster Jam', 'Action', 568);
INSERT INTO Developer(DID, name, since, CID) VALUES (569, 'Tose', 1979, 0);
INSERT INTO Game(GID, name, genre, DID) VALUES (1376, 'The Legendary Starfy', 'Sports', 569);
INSERT INTO Game(GID, name, genre, DID) VALUES (1377, 'Dragon Quest Monsters', 'Puzzle', 569);
INSERT INTO Game(GID, name, genre, DID) VALUES (1378, 'Slime', 'Action', 569);
INSERT INTO Game(GID, name, genre, DID) VALUES (1379, 'World of Final Fantasy', 'Action-adventure', 569);
INSERT INTO Game(GID, name, genre, DID) VALUES (1380, 'Super Princess Peach', 'Puzzle', 569);
INSERT INTO Developer(DID, name, since, CID) VALUES (570, 'Toys for Bob', 1989, 4);
INSERT INTO Game(GID, name, genre, DID) VALUES (1381, 'Skylanders', 'Simulation', 570);
INSERT INTO Game(GID, name, genre, DID) VALUES (1382, 'Crash Bandicoot 4', 'Sports', 570);
INSERT INTO Game(GID, name, genre, DID) VALUES (1383, 'Spyro Reignited Trilogy', 'Action-adventure', 570);
INSERT INTO Developer(DID, name, since, CID) VALUES (571, 'Trapdoor', 2010, 11);
INSERT INTO Game(GID, name, genre, DID) VALUES (1384, 'Warp', 'Sports', 571);
INSERT INTO Developer(DID, name, since, CID) VALUES (572, 'Transmission Games', 1996, 16);
INSERT INTO Game(GID, name, genre, DID) VALUES (1385, 'Heroes of the Pacific', 'MMO', 572);
INSERT INTO Game(GID, name, genre, DID) VALUES (1386, 'Heroes Over Europe', 'Adventure', 572);
INSERT INTO Developer(DID, name, since, CID) VALUES (573, 'Traveller''s Tales', 1990, 8);
INSERT INTO Game(GID, name, genre, DID) VALUES (1387, 'Lego', 'Action-adventure', 573);
INSERT INTO Game(GID, name, genre, DID) VALUES (1388, 'Crash Bandicoot: The Wrath of Cortex', 'Action-adventure', 573);
INSERT INTO Developer(DID, name, since, CID) VALUES (574, 'Treyarch', 1996, 4);
INSERT INTO Game(GID, name, genre, DID) VALUES (1389, 'Spider-Man (2002)', 'Action', 574);
INSERT INTO Developer(DID, name, since, CID) VALUES (575, 'Treasure', 1992, 0);
INSERT INTO Game(GID, name, genre, DID) VALUES (1390, 'Gunstar Heroes', 'Sports', 575);
INSERT INTO Game(GID, name, genre, DID) VALUES (1391, 'Dynamite Headdy', 'Action', 575);
INSERT INTO Game(GID, name, genre, DID) VALUES (1392, 'Guardian Heroes', 'Action', 575);
INSERT INTO Game(GID, name, genre, DID) VALUES (1393, 'Alien Soldier', 'Sports', 575);
INSERT INTO Game(GID, name, genre, DID) VALUES (1394, 'Bangai-O', 'Puzzle', 575);
INSERT INTO Game(GID, name, genre, DID) VALUES (1395, 'Ikaruga', 'Action-adventure', 575);
INSERT INTO Game(GID, name, genre, DID) VALUES (1396, 'Sin and Punishment', 'Action', 575);
INSERT INTO Game(GID, name, genre, DID) VALUES (1397, 'Sin & Punishment: Star Successor', 'Strategy', 575);
INSERT INTO Game(GID, name, genre, DID) VALUES (1398, 'Gaist Crusher', 'Sports', 575);
INSERT INTO Developer(DID, name, since, CID) VALUES (576, 'tri-Crescendo', 1999, 0);
INSERT INTO Game(GID, name, genre, DID) VALUES (1399, 'Digimon World Re:Digitize', 'Action', 576);
INSERT INTO Developer(DID, name, since, CID) VALUES (577, 'Trion Worlds', 2006, 4);
INSERT INTO Game(GID, name, genre, DID) VALUES (1400, 'Rift', 'Action', 577);
INSERT INTO Developer(DID, name, since, CID) VALUES (578, 'Tripwire Interactive', 2005, 4);
INSERT INTO Game(GID, name, genre, DID) VALUES (1401, 'Killing Floor', 'Action', 578);
INSERT INTO Game(GID, name, genre, DID) VALUES (1402, 'Red Orchestra: Ostfront 41-45', 'Action', 578);
INSERT INTO Developer(DID, name, since, CID) VALUES (579, 'Triumph Studios', 1997, 28);
INSERT INTO Game(GID, name, genre, DID) VALUES (1403, 'Age of Wonders', 'Strategy', 579);
INSERT INTO Game(GID, name, genre, DID) VALUES (1404, 'Overlord', 'Action-adventure', 579);
INSERT INTO Developer(DID, name, since, CID) VALUES (580, 'Turn 10 Studios', 2001, 4);
INSERT INTO Game(GID, name, genre, DID) VALUES (1405, 'Forza Motorsport', 'Role-playing', 580);
INSERT INTO Developer(DID, name, since, CID) VALUES (581, 'Turtle Rock Studios', 2002, 4);
INSERT INTO Game(GID, name, genre, DID) VALUES (1406, 'Left 4 Dead', 'Strategy', 581);
INSERT INTO Game(GID, name, genre, DID) VALUES (1407, 'Evolve', 'Adventure', 581);
INSERT INTO Developer(DID, name, since, CID) VALUES (582, 'Two Point Studios', 2016, 8);
INSERT INTO Game(GID, name, genre, DID) VALUES (1408, 'Two Point Hospital', 'Role-playing', 582);
INSERT INTO Developer(DID, name, since, CID) VALUES (583, 'Two Tribes', 2000, 28);
INSERT INTO Game(GID, name, genre, DID) VALUES (1409, 'Toki Tori', 'Puzzle', 583);
INSERT INTO Developer(DID, name, since, CID) VALUES (584, 'Ubisoft', 1986, 10);
INSERT INTO Game(GID, name, genre, DID) VALUES (1410, 'Rayman', 'Role-playing', 584);
INSERT INTO Game(GID, name, genre, DID) VALUES (1411, 'Just Dance', 'Role-playing', 584);
INSERT INTO Game(GID, name, genre, DID) VALUES (1412, 'ZombiU', 'Action', 584);
INSERT INTO Game(GID, name, genre, DID) VALUES (1413, 'Tom Clancy''s Splinter Cell', 'Action-adventure', 584);
INSERT INTO Game(GID, name, genre, DID) VALUES (1414, 'Beyond Good & Evil', 'Action', 584);
INSERT INTO Developer(DID, name, since, CID) VALUES (585, 'Ubisoft Blue Byte', 1988, 12);
INSERT INTO Game(GID, name, genre, DID) VALUES (1415, 'Battle Isle', 'Puzzle', 585);
INSERT INTO Game(GID, name, genre, DID) VALUES (1416, 'The Settlers', 'Action', 585);
INSERT INTO Game(GID, name, genre, DID) VALUES (1417, 'Anno', 'Action', 585);
INSERT INTO Developer(DID, name, since, CID) VALUES (586, 'Ubisoft Leamington', 2002, 8);
INSERT INTO Game(GID, name, genre, DID) VALUES (1418, 'DJ Hero', 'Simulation', 586);
INSERT INTO Game(GID, name, genre, DID) VALUES (1419, 'Guitar Hero Live', 'Role-playing', 586);
INSERT INTO Developer(DID, name, since, CID) VALUES (587, 'Ubisoft Reflections', 1984, 8);
INSERT INTO Game(GID, name, genre, DID) VALUES (1420, 'Driver', 'Action-adventure', 587);
INSERT INTO Game(GID, name, genre, DID) VALUES (1421, 'Destruction Derby', '', 587);
INSERT INTO Developer(DID, name, since, CID) VALUES (588, 'Ultimate Play the Game', 1982, 8);
INSERT INTO Game(GID, name, genre, DID) VALUES (1422, 'Jetpac', 'Action', 588);
INSERT INTO Game(GID, name, genre, DID) VALUES (1423, 'Lunar Jetman', 'Action', 588);
INSERT INTO Game(GID, name, genre, DID) VALUES (1424, 'Atic Atac', '', 588);
INSERT INTO Game(GID, name, genre, DID) VALUES (1425, 'Sabreman', '', 588);
INSERT INTO Game(GID, name, genre, DID) VALUES (1426, 'Alien 8', 'Action', 588);
INSERT INTO Developer(DID, name, since, CID) VALUES (589, 'Undead Labs', 2009, 4);
INSERT INTO Game(GID, name, genre, DID) VALUES (1427, 'State of Decay', 'Simulation', 589);
INSERT INTO Developer(DID, name, since, CID) VALUES (590, 'Underground Development', 1994, 4);
INSERT INTO Game(GID, name, genre, DID) VALUES (1428, 'Guitar Hero: Van Halen', '', 590);
INSERT INTO Developer(DID, name, since, CID) VALUES (591, 'United Front Games', 2006, 11);
INSERT INTO Game(GID, name, genre, DID) VALUES (1429, 'ModNation Racers', 'Action', 591);
INSERT INTO Game(GID, name, genre, DID) VALUES (1430, 'Sleeping Dogs', 'Action', 591);
INSERT INTO Game(GID, name, genre, DID) VALUES (1431, 'LittleBigPlanet Karting', 'Simulation', 591);
INSERT INTO Developer(DID, name, since, CID) VALUES (592, 'United Game Artists', 1996, 0);
INSERT INTO Game(GID, name, genre, DID) VALUES (1432, 'Space Channel 5', 'Role-playing', 592);
INSERT INTO Game(GID, name, genre, DID) VALUES (1433, 'Rez', '', 592);
INSERT INTO Developer(DID, name, since, CID) VALUES (593, 'Unknown Worlds Entertainment', 2001, 4);
INSERT INTO Game(GID, name, genre, DID) VALUES (1434, 'Natural Selection', 'Role-playing', 593);
INSERT INTO Game(GID, name, genre, DID) VALUES (1435, 'Subnautica', 'Role-playing', 593);
INSERT INTO Developer(DID, name, since, CID) VALUES (594, 'Valhalla Game Studios', 2008, 0);
INSERT INTO Game(GID, name, genre, DID) VALUES (1436, 'Devil''s Third', 'Puzzle', 594);
INSERT INTO Game(GID, name, genre, DID) VALUES (1437, '2017', 'Action', 594);
INSERT INTO Developer(DID, name, since, CID) VALUES (595, 'Valve', 1996, 4);
INSERT INTO Game(GID, name, genre, DID) VALUES (1438, 'Half-Life', 'Action', 595);
INSERT INTO Game(GID, name, genre, DID) VALUES (1439, 'Portal', 'MMO', 595);
INSERT INTO Game(GID, name, genre, DID) VALUES (1440, 'Team Fortress 2', 'Simulation', 595);
INSERT INTO Game(GID, name, genre, DID) VALUES (1441, 'Dota 2', 'Action', 595);
INSERT INTO Game(GID, name, genre, DID) VALUES (1442, 'Counter-Strike', 'Puzzle', 595);
INSERT INTO Developer(DID, name, since, CID) VALUES (596, 'Vanillaware', 2002, 0);
INSERT INTO Game(GID, name, genre, DID) VALUES (1443, 'Odin Sphere', 'Sports', 596);
INSERT INTO Game(GID, name, genre, DID) VALUES (1444, 'Muramasa: The Demon Blade', 'Adventure', 596);
INSERT INTO Game(GID, name, genre, DID) VALUES (1445, 'Dragon''s Crown', 'Action', 596);
INSERT INTO Game(GID, name, genre, DID) VALUES (1446, '13 Sentinels: Aegis Rim', 'Action', 596);
INSERT INTO Developer(DID, name, since, CID) VALUES (597, 'Vanpool', 1999, 0);
INSERT INTO Game(GID, name, genre, DID) VALUES (1447, 'Tingle', 'Role-playing', 597);
INSERT INTO Game(GID, name, genre, DID) VALUES (1448, 'Super Kirby Clash', 'Action', 597);
INSERT INTO Game(GID, name, genre, DID) VALUES (1449, 'Kirby Fighters 2', 'Adventure', 597);
INSERT INTO Developer(DID, name, since, CID) VALUES (598, 'Venan Entertainment', 2002, 4);
INSERT INTO Game(GID, name, genre, DID) VALUES (1450, 'Ninjatown', 'Adventure', 598);
INSERT INTO Developer(DID, name, since, CID) VALUES (599, 'VG Entertainment', 2012, 7);
INSERT INTO Game(GID, name, genre, DID) VALUES (1451, 'Survarium', 'Adventure', 599);
INSERT INTO Developer(DID, name, since, CID) VALUES (600, 'Vicarious Visions', 1990, 4);
INSERT INTO Game(GID, name, genre, DID) VALUES (1452, 'Tony Hawk''s Pro Skater 2', 'Role-playing', 600);
INSERT INTO Game(GID, name, genre, DID) VALUES (1453, '–4 (GBA version)', 'Action-adventure', 600);
INSERT INTO Game(GID, name, genre, DID) VALUES (1454, 'Tony Hawk''s Pro Skater 1 + 2', 'Action-adventure', 600);
INSERT INTO Game(GID, name, genre, DID) VALUES (1455, 'Crash Nitro Kart', 'Sports', 600);
INSERT INTO Game(GID, name, genre, DID) VALUES (1456, 'Crash Purple and Spyro Orange', 'Action', 600);
INSERT INTO Game(GID, name, genre, DID) VALUES (1457, 'Crash Bandicoot N. Sane Trilogy', 'Action', 600);
INSERT INTO Game(GID, name, genre, DID) VALUES (1458, 'Marvel: Ultimate Alliance 2', 'MMO', 600);
INSERT INTO Developer(DID, name, since, CID) VALUES (601, 'Virtual Heroes', 2004, 4);
INSERT INTO Game(GID, name, genre, DID) VALUES (1459, 'Moonbase Alpha', 'Action', 601);
INSERT INTO Country(CID, name, population) VALUES (41, 'Singapore', 6014723);
INSERT INTO Developer(DID, name, since, CID) VALUES (602, 'Virtuos', 2004, 41);
INSERT INTO Game(GID, name, genre, DID) VALUES (1460, 'Monster Jam: Path of Destruction', '', 602);
INSERT INTO Game(GID, name, genre, DID) VALUES (1461, 'Ghost Recon Predator', 'Sports', 602);
INSERT INTO Developer(DID, name, since, CID) VALUES (603, 'Visceral Games', 1998, 4);
INSERT INTO Game(GID, name, genre, DID) VALUES (1462, 'Dead Space', 'MMO', 603);
INSERT INTO Developer(DID, name, since, CID) VALUES (604, 'Visual Concepts', 1988, 4);
INSERT INTO Game(GID, name, genre, DID) VALUES (1463, 'NFL 2K', 'Action', 604);
INSERT INTO Game(GID, name, genre, DID) VALUES (1464, 'NBA 2K', 'Action', 604);
INSERT INTO Game(GID, name, genre, DID) VALUES (1465, 'MLB 2K', 'Sports', 604);
INSERT INTO Game(GID, name, genre, DID) VALUES (1466, 'NHL 2K', 'Sports', 604);
INSERT INTO Game(GID, name, genre, DID) VALUES (1467, 'WWE 2K20', 'Puzzle', 604);
INSERT INTO Developer(DID, name, since, CID) VALUES (605, 'Volition', 1996, 4);
INSERT INTO Game(GID, name, genre, DID) VALUES (1468, 'Saints Row', 'Adventure', 605);
INSERT INTO Game(GID, name, genre, DID) VALUES (1469, 'Red Faction', 'Sports', 605);
INSERT INTO Developer(DID, name, since, CID) VALUES (606, 'VoxelStorm', 2012, 8);
INSERT INTO Game(GID, name, genre, DID) VALUES (1470, 'AdvertCity', 'Action', 606);
INSERT INTO Developer(DID, name, since, CID) VALUES (607, 'Warhorse Studios', 2011, 3);
INSERT INTO Game(GID, name, genre, DID) VALUES (1471, 'Kingdom Come: Deliverance', 'Action', 607);
INSERT INTO Country(CID, name, population) VALUES (42, 'Belarus', 9498238);
INSERT INTO Developer(DID, name, since, CID) VALUES (608, 'Wargaming', 1998, 42);
INSERT INTO Game(GID, name, genre, DID) VALUES (1472, 'World of Tanks', 'Adventure', 608);
INSERT INTO Game(GID, name, genre, DID) VALUES (1473, 'World of Warplanes', 'Puzzle', 608);
INSERT INTO Developer(DID, name, since, CID) VALUES (609, '(formerly Wargaming Saint Petersburg)', 1991, 2);
INSERT INTO Game(GID, name, genre, DID) VALUES (1474, 'World of Warships', 'Action-adventure', 609);
INSERT INTO Developer(DID, name, since, CID) VALUES (610, 'Wargaming Seattle', 1998, 4);
INSERT INTO Game(GID, name, genre, DID) VALUES (1475, 'Supreme Commander', '', 610);
INSERT INTO Developer(DID, name, since, CID) VALUES (611, '(formerly Turbine)', 1994, 4);
INSERT INTO Game(GID, name, genre, DID) VALUES (1476, 'Asheron''s Call', 'Role-playing', 611);
INSERT INTO Game(GID, name, genre, DID) VALUES (1477, 'Dungeons & Dragons Online', 'Sports', 611);
INSERT INTO Game(GID, name, genre, DID) VALUES (1478, 'The Lord of the Rings Online', 'Action', 611);
INSERT INTO Developer(DID, name, since, CID) VALUES (612, '(formerly Avalanche Software)', 1995, 4);
INSERT INTO Game(GID, name, genre, DID) VALUES (1479, 'Disney Infinity', 'Action-adventure', 612);
INSERT INTO Developer(DID, name, since, CID) VALUES (613, 'Webfoot Technologies', 1993, 4);
INSERT INTO Game(GID, name, genre, DID) VALUES (1480, 'Dragon Ball Z: The Legacy of Goku', 'Role-playing', 613);
INSERT INTO Game(GID, name, genre, DID) VALUES (1481, 'You Don''t Know Jack!', 'Action-adventure', 613);
INSERT INTO Game(GID, name, genre, DID) VALUES (1482, 'which?', 'Action', 613);
INSERT INTO Game(GID, name, genre, DID) VALUES (1483, 'Deadly Rooms of Death', 'Role-playing', 613);
INSERT INTO Developer(DID, name, since, CID) VALUES (614, 'WeMade', 2000, 15);
INSERT INTO Game(GID, name, genre, DID) VALUES (1484, 'The Legend of Mir', 'Strategy', 614);
INSERT INTO Developer(DID, name, since, CID) VALUES (615, 'Westone Bit Entertainment', 1986, 0);
INSERT INTO Game(GID, name, genre, DID) VALUES (1485, 'Wonder Boy', 'Action', 615);
INSERT INTO Game(GID, name, genre, DID) VALUES (1486, 'Monster World', 'Role-playing', 615);
INSERT INTO Developer(DID, name, since, CID) VALUES (616, 'Westwood Studios', 1985, 4);
INSERT INTO Game(GID, name, genre, DID) VALUES (1487, 'Eye of the Beholder', 'Sports', 616);
INSERT INTO Game(GID, name, genre, DID) VALUES (1488, 'Dune II', '', 616);
INSERT INTO Game(GID, name, genre, DID) VALUES (1489, 'The Legend of Kyrandia', 'Action', 616);
INSERT INTO Game(GID, name, genre, DID) VALUES (1490, 'Monopoly (1995)', 'Action', 616);
INSERT INTO Game(GID, name, genre, DID) VALUES (1491, 'Lands of Lore', 'Adventure', 616);
INSERT INTO Game(GID, name, genre, DID) VALUES (1492, 'Command & Conquer', 'Puzzle', 616);
INSERT INTO Developer(DID, name, since, CID) VALUES (617, 'Wideload Games', 2003, 4);
INSERT INTO Game(GID, name, genre, DID) VALUES (1493, 'Stubbs the Zombie in Rebel Without a Pulse', 'MMO', 617);
INSERT INTO Developer(DID, name, since, CID) VALUES (618, 'World Forge', 2004, 2);
INSERT INTO Game(GID, name, genre, DID) VALUES (1494, 'Ancient Wars: Sparta', 'Action-adventure', 618);
INSERT INTO Country(CID, name, population) VALUES (43, 'Taiwan', 23923276);
INSERT INTO Developer(DID, name, since, CID) VALUES (619, 'XPEC Entertainment', 2000, 43);
INSERT INTO Game(GID, name, genre, DID) VALUES (1495, 'Bounty Hounds', 'Action', 619);
INSERT INTO Developer(DID, name, since, CID) VALUES (620, 'Yager Development', 1999, 12);
INSERT INTO Game(GID, name, genre, DID) VALUES (1496, 'Spec Ops: The Line', 'Action', 620);
INSERT INTO Developer(DID, name, since, CID) VALUES (621, 'Yuke''s', 1993, 0);
INSERT INTO Game(GID, name, genre, DID) VALUES (1497, 'WWE 2K', 'Sports', 621);
INSERT INTO Game(GID, name, genre, DID) VALUES (1498, '(–2018)', 'Action-adventure', 621);
INSERT INTO Game(GID, name, genre, DID) VALUES (1499, 'Earth Defense Force: Iron Rain', 'Action', 621);
INSERT INTO Developer(DID, name, since, CID) VALUES (622, 'ZeniMax Online Studios', 2007, 4);
INSERT INTO Game(GID, name, genre, DID) VALUES (1500, 'The Elder Scrolls Online', 'Strategy', 622);
INSERT INTO Developer(DID, name, since, CID) VALUES (623, 'Zen Studios', 2003, 23);
INSERT INTO Game(GID, name, genre, DID) VALUES (1501, 'Pinball FX', 'Role-playing', 623);
INSERT INTO Developer(DID, name, since, CID) VALUES (624, 'Zipper Interactive', 1995, 4);
INSERT INTO Game(GID, name, genre, DID) VALUES (1502, 'MechWarrior 3', 'Action', 624);
INSERT INTO Developer(DID, name, since, CID) VALUES (625, 'Zombie Studios', 1994, 4);
INSERT INTO Game(GID, name, genre, DID) VALUES (1503, 'Spec Ops: Rangers Lead the Way', 'Action', 625);
INSERT INTO Game(GID, name, genre, DID) VALUES (1504, 'Blacklight: Retribution', 'Strategy', 625);
INSERT INTO Developer(DID, name, since, CID) VALUES (626, 'ZootFly', 2002, 37);
INSERT INTO Game(GID, name, genre, DID) VALUES (1505, 'Marlow Briggs and the Mask of Death', 'Role-playing', 626);
INSERT INTO Developer(DID, name, since, CID) VALUES (627, 'Zynga', 2007, 4);
INSERT INTO Game(GID, name, genre, DID) VALUES (1506, 'FarmVille', 'Action', 627);
INSERT INTO Game(GID, name, genre, DID) VALUES (1507, 'Zynga Poker', 'Action', 627);
INSERT INTO Person(PID, name, birthyear) VALUES (0, 'Guðrún Gunnlaugsdóttir',  1967.00);
INSERT INTO Person(PID, name, birthyear) VALUES (1, 'Mikael Karlsson', 1972.00);
INSERT INTO Person(PID, name, birthyear) VALUES (2, 'Inga Jenssdóttir',  1976.00);
INSERT INTO Person(PID, name, birthyear) VALUES (3, 'Jens Karlsson', 1997.00);
INSERT INTO Person(PID, name, birthyear) VALUES (4, 'Jana Garðarsdóttir',  2012.00);
INSERT INTO Person(PID, name, birthyear) VALUES (5, 'Jens Lárussson', 2004.00);
INSERT INTO Person(PID, name, birthyear) VALUES (6, 'Eva Mikaelsdóttir',  1975.00);
INSERT INTO Person(PID, name, birthyear) VALUES (7, 'Jón Jenssson', 1970.00);
INSERT INTO Person(PID, name, birthyear) VALUES (8, 'Kristín Jenssdóttir',  1987.00);
INSERT INTO Person(PID, name, birthyear) VALUES (9, 'Mikael Björnsson', 1972.00);
INSERT INTO Person(PID, name, birthyear) VALUES (10, 'Sigrún Björnsdóttir',  1987.00);
INSERT INTO Person(PID, name, birthyear) VALUES (11, 'Hafliði Mikaelsson', 1988.00);
INSERT INTO Person(PID, name, birthyear) VALUES (12, 'Kristín Gunnlaugsdóttir',  1997.00);
INSERT INTO Person(PID, name, birthyear) VALUES (13, 'Jens Lárussson', 1999.00);
INSERT INTO Person(PID, name, birthyear) VALUES (14, 'Kristín Lárussdóttir',  1976.00);
INSERT INTO Person(PID, name, birthyear) VALUES (15, 'Jón Hanssson', 1967.00);
INSERT INTO Person(PID, name, birthyear) VALUES (16, 'Guðrún Björnsdóttir',  2004.00);
INSERT INTO Person(PID, name, birthyear) VALUES (17, 'Pétur Jenssson', 2009.00);
INSERT INTO Person(PID, name, birthyear) VALUES (18, 'Anna Tímóteussdóttir',  1965.00);
INSERT INTO Person(PID, name, birthyear) VALUES (19, 'Dósótheus Karlsson', 1963.00);
INSERT INTO Person(PID, name, birthyear) VALUES (20, 'Gitta Lárussdóttir',  1960.00);
INSERT INTO Person(PID, name, birthyear) VALUES (21, 'Mikael Lárussson', 1995.00);
INSERT INTO Person(PID, name, birthyear) VALUES (22, 'Kristín Jenssdóttir',  2010.00);
INSERT INTO Person(PID, name, birthyear) VALUES (23, 'Karl Mikaelsson', 2001.00);
INSERT INTO Person(PID, name, birthyear) VALUES (24, 'Inga Lárussdóttir',  1994.00);
INSERT INTO Person(PID, name, birthyear) VALUES (25, 'Dósótheus Karlsson', 1961.00);
INSERT INTO Person(PID, name, birthyear) VALUES (26, 'Jana Karlsdóttir',  2013.00);
INSERT INTO Person(PID, name, birthyear) VALUES (27, 'Karl Gunnlaugsson', 1966.00);
INSERT INTO Person(PID, name, birthyear) VALUES (28, 'Klara Gunnarsdóttir',  1986.00);
INSERT INTO Person(PID, name, birthyear) VALUES (29, 'Karl Mikaelsson', 1987.00);
INSERT INTO Person(PID, name, birthyear) VALUES (30, 'Guðrún Lárussdóttir',  1981.00);
INSERT INTO Person(PID, name, birthyear) VALUES (31, 'Dósótheus Garðarsson', 1975.00);
INSERT INTO Person(PID, name, birthyear) VALUES (32, 'Eva Gunnarsdóttir',  1982.00);
INSERT INTO Person(PID, name, birthyear) VALUES (33, 'Jens Mikaelsson', 1964.00);
INSERT INTO Person(PID, name, birthyear) VALUES (34, 'Kristín Gunnlaugsdóttir',  2012.00);
INSERT INTO Person(PID, name, birthyear) VALUES (35, 'Karl Jenssson', 2014.00);
INSERT INTO Person(PID, name, birthyear) VALUES (36, 'Sigrún Gunnlaugsdóttir',  1960.00);
INSERT INTO Person(PID, name, birthyear) VALUES (37, 'Karl Karlsson', 1975.00);
INSERT INTO Person(PID, name, birthyear) VALUES (38, 'Guðrún Lárussdóttir',  1960.00);
INSERT INTO Person(PID, name, birthyear) VALUES (39, 'Hans Mikaelsson', 1998.00);
INSERT INTO Person(PID, name, birthyear) VALUES (40, 'Guðrún Garðarsdóttir',  1991.00);
INSERT INTO Person(PID, name, birthyear) VALUES (41, 'Jóhanb Garðarsson', 1967.00);
INSERT INTO Person(PID, name, birthyear) VALUES (42, 'Inga Karlsdóttir',  2009.00);
INSERT INTO Person(PID, name, birthyear) VALUES (43, 'Hafliði Mikaelsson', 1990.00);
INSERT INTO Person(PID, name, birthyear) VALUES (44, 'Gitta Lárussdóttir',  2004.00);
INSERT INTO Person(PID, name, birthyear) VALUES (45, 'Jón Gunnarsson', 2013.00);
INSERT INTO Person(PID, name, birthyear) VALUES (46, 'Jana Mikaelsdóttir',  1970.00);
INSERT INTO Person(PID, name, birthyear) VALUES (47, 'Hafliði Garðarsson', 1974.00);
INSERT INTO Person(PID, name, birthyear) VALUES (48, 'Birgitta Garðarsdóttir',  1964.00);
INSERT INTO Person(PID, name, birthyear) VALUES (49, 'Jóhanb Björnsson', 2001.00);
INSERT INTO Person(PID, name, birthyear) VALUES (50, 'Jana Björnsdóttir',  1978.00);
INSERT INTO Person(PID, name, birthyear) VALUES (51, 'Mikael Tímóteussson', 2007.00);
INSERT INTO Person(PID, name, birthyear) VALUES (52, 'Klara Karlsdóttir',  2012.00);
INSERT INTO Person(PID, name, birthyear) VALUES (53, 'Mikael Jenssson', 1991.00);
INSERT INTO Person(PID, name, birthyear) VALUES (54, 'Kristín Gunnlaugsdóttir',  1983.00);
INSERT INTO Person(PID, name, birthyear) VALUES (55, 'Hafliði Tímóteussson', 1969.00);
INSERT INTO Person(PID, name, birthyear) VALUES (56, 'Jana Hanssdóttir',  2003.00);
INSERT INTO Person(PID, name, birthyear) VALUES (57, 'Pétur Garðarsson', 1976.00);
INSERT INTO Person(PID, name, birthyear) VALUES (58, 'Anna Björnsdóttir',  2004.00);
INSERT INTO Person(PID, name, birthyear) VALUES (59, 'Jens Tímóteussson', 2004.00);
INSERT INTO Person(PID, name, birthyear) VALUES (60, 'Birgitta Tímóteussdóttir',  2003.00);
INSERT INTO Person(PID, name, birthyear) VALUES (61, 'Mikael Karlsson', 1968.00);
INSERT INTO Person(PID, name, birthyear) VALUES (62, 'Eva Lárussdóttir',  1969.00);
INSERT INTO Person(PID, name, birthyear) VALUES (63, 'Hans Garðarsson', 1975.00);
INSERT INTO Person(PID, name, birthyear) VALUES (64, 'Jana Gunnarsdóttir',  1989.00);
INSERT INTO Person(PID, name, birthyear) VALUES (65, 'Hans Gunnarsson', 2009.00);
INSERT INTO Person(PID, name, birthyear) VALUES (66, 'Inga Gunnarsdóttir',  1979.00);
INSERT INTO Person(PID, name, birthyear) VALUES (67, 'Hans Karlsson', 2009.00);
INSERT INTO Person(PID, name, birthyear) VALUES (68, 'Klara Hanssdóttir',  2005.00);
INSERT INTO Person(PID, name, birthyear) VALUES (69, 'Jens Karlsson', 1967.00);
INSERT INTO Person(PID, name, birthyear) VALUES (70, 'Birgitta Tímóteussdóttir',  1989.00);
INSERT INTO Person(PID, name, birthyear) VALUES (71, 'Jón Karlsson', 1991.00);
INSERT INTO Person(PID, name, birthyear) VALUES (72, 'Birgitta Garðarsdóttir',  1981.00);
INSERT INTO Person(PID, name, birthyear) VALUES (73, 'Hans Karlsson', 2008.00);
INSERT INTO Person(PID, name, birthyear) VALUES (74, 'Klara Jenssdóttir',  1993.00);
INSERT INTO Person(PID, name, birthyear) VALUES (75, 'Pétur Garðarsson', 1981.00);
INSERT INTO Person(PID, name, birthyear) VALUES (76, 'Gitta Gunnlaugsdóttir',  1969.00);
INSERT INTO Person(PID, name, birthyear) VALUES (77, 'Jens Mikaelsson', 1970.00);
INSERT INTO Person(PID, name, birthyear) VALUES (78, 'Anna Hanssdóttir',  1997.00);
INSERT INTO Person(PID, name, birthyear) VALUES (79, 'Pétur Karlsson', 2001.00);
INSERT INTO Person(PID, name, birthyear) VALUES (80, 'Anna Tímóteussdóttir',  1966.00);
INSERT INTO Person(PID, name, birthyear) VALUES (81, 'Dósótheus Garðarsson', 1968.00);
INSERT INTO Person(PID, name, birthyear) VALUES (82, 'Eva Lárussdóttir',  1999.00);
INSERT INTO Person(PID, name, birthyear) VALUES (83, 'Karl Tímóteussson', 2002.00);
INSERT INTO Person(PID, name, birthyear) VALUES (84, 'Klara Karlsdóttir',  2008.00);
INSERT INTO Person(PID, name, birthyear) VALUES (85, 'Jóhanb Tímóteussson', 1986.00);
INSERT INTO Person(PID, name, birthyear) VALUES (86, 'Klara Garðarsdóttir',  1998.00);
INSERT INTO Person(PID, name, birthyear) VALUES (87, 'Dósótheus Jenssson', 1981.00);
INSERT INTO Person(PID, name, birthyear) VALUES (88, 'Gitta Garðarsdóttir',  2004.00);
INSERT INTO Person(PID, name, birthyear) VALUES (89, 'Karl Lárussson', 2005.00);
INSERT INTO Person(PID, name, birthyear) VALUES (90, 'Eva Gunnlaugsdóttir',  1970.00);
INSERT INTO Person(PID, name, birthyear) VALUES (91, 'Daníel Jenssson', 2000.00);
INSERT INTO Person(PID, name, birthyear) VALUES (92, 'Sigrún Mikaelsdóttir',  1991.00);
INSERT INTO Person(PID, name, birthyear) VALUES (93, 'Mikael Garðarsson', 2009.00);
INSERT INTO Person(PID, name, birthyear) VALUES (94, 'Birgitta Tímóteussdóttir',  2014.00);
INSERT INTO Person(PID, name, birthyear) VALUES (95, 'Pétur Gunnarsson', 1980.00);
INSERT INTO Person(PID, name, birthyear) VALUES (96, 'Klara Garðarsdóttir',  2011.00);
INSERT INTO Person(PID, name, birthyear) VALUES (97, 'Hans Hanssson', 1962.00);
INSERT INTO Person(PID, name, birthyear) VALUES (98, 'Sigrún Mikaelsdóttir',  1992.00);
INSERT INTO Person(PID, name, birthyear) VALUES (99, 'Mikael Hanssson', 1982.00);
INSERT INTO Person(PID, name, birthyear) VALUES (100, 'Anna Karlsdóttir',  1995.00);
INSERT INTO Person(PID, name, birthyear) VALUES (101, 'Mikael Gunnarsson', 2005.00);
INSERT INTO Person(PID, name, birthyear) VALUES (102, 'Birgitta Mikaelsdóttir',  1987.00);
INSERT INTO Person(PID, name, birthyear) VALUES (103, 'Dósótheus Gunnlaugsson', 1964.00);
INSERT INTO Person(PID, name, birthyear) VALUES (104, 'Sigrún Mikaelsdóttir',  1983.00);
INSERT INTO Person(PID, name, birthyear) VALUES (105, 'Karl Lárussson', 1968.00);
INSERT INTO Person(PID, name, birthyear) VALUES (106, 'Kristín Mikaelsdóttir',  1996.00);
INSERT INTO Person(PID, name, birthyear) VALUES (107, 'Jón Karlsson', 1967.00);
INSERT INTO Person(PID, name, birthyear) VALUES (108, 'Kristín Björnsdóttir',  2001.00);
INSERT INTO Person(PID, name, birthyear) VALUES (109, 'Karl Garðarsson', 1971.00);
INSERT INTO Person(PID, name, birthyear) VALUES (110, 'Kristín Karlsdóttir',  1974.00);
INSERT INTO Person(PID, name, birthyear) VALUES (111, 'Karl Mikaelsson', 1962.00);
INSERT INTO Person(PID, name, birthyear) VALUES (112, 'Inga Karlsdóttir',  1997.00);
INSERT INTO Person(PID, name, birthyear) VALUES (113, 'Jón Karlsson', 2011.00);
INSERT INTO Person(PID, name, birthyear) VALUES (114, 'Kristín Björnsdóttir',  1990.00);
INSERT INTO Person(PID, name, birthyear) VALUES (115, 'Daníel Lárussson', 1984.00);
INSERT INTO Person(PID, name, birthyear) VALUES (116, 'Sigrún Karlsdóttir',  1964.00);
INSERT INTO Person(PID, name, birthyear) VALUES (117, 'Jens Gunnlaugsson', 1969.00);
INSERT INTO Person(PID, name, birthyear) VALUES (118, 'Inga Hanssdóttir',  1964.00);
INSERT INTO Person(PID, name, birthyear) VALUES (119, 'Hans Gunnlaugsson', 1995.00);
INSERT INTO Person(PID, name, birthyear) VALUES (120, 'Inga Hanssdóttir',  1997.00);
INSERT INTO Person(PID, name, birthyear) VALUES (121, 'Dósótheus Tímóteussson', 1980.00);
INSERT INTO Person(PID, name, birthyear) VALUES (122, 'Guðrún Karlsdóttir',  1986.00);
INSERT INTO Person(PID, name, birthyear) VALUES (123, 'Mikael Gunnlaugsson', 1990.00);
INSERT INTO Person(PID, name, birthyear) VALUES (124, 'Eva Hanssdóttir',  1987.00);
INSERT INTO Person(PID, name, birthyear) VALUES (125, 'Jón Jenssson', 1978.00);
INSERT INTO Person(PID, name, birthyear) VALUES (126, 'Eva Karlsdóttir',  1981.00);
INSERT INTO Person(PID, name, birthyear) VALUES (127, 'Mikael Garðarsson', 1994.00);
INSERT INTO Person(PID, name, birthyear) VALUES (128, 'Sigrún Gunnlaugsdóttir',  1963.00);
INSERT INTO Person(PID, name, birthyear) VALUES (129, 'Dósótheus Mikaelsson', 1977.00);
INSERT INTO Person(PID, name, birthyear) VALUES (130, 'Eva Tímóteussdóttir',  2002.00);
INSERT INTO Person(PID, name, birthyear) VALUES (131, 'Pétur Gunnlaugsson', 1965.00);
INSERT INTO Person(PID, name, birthyear) VALUES (132, 'Inga Gunnlaugsdóttir',  1966.00);
INSERT INTO Person(PID, name, birthyear) VALUES (133, 'Hafliði Lárussson', 1977.00);
INSERT INTO Person(PID, name, birthyear) VALUES (134, 'Inga Hanssdóttir',  2004.00);
INSERT INTO Person(PID, name, birthyear) VALUES (135, 'Jón Garðarsson', 1960.00);
INSERT INTO Person(PID, name, birthyear) VALUES (136, 'Anna Jenssdóttir',  1963.00);
INSERT INTO Person(PID, name, birthyear) VALUES (137, 'Karl Gunnarsson', 1996.00);
INSERT INTO Person(PID, name, birthyear) VALUES (138, 'Anna Mikaelsdóttir',  2011.00);
INSERT INTO Person(PID, name, birthyear) VALUES (139, 'Jens Garðarsson', 1994.00);
INSERT INTO Person(PID, name, birthyear) VALUES (140, 'Sigrún Karlsdóttir',  2012.00);
INSERT INTO Person(PID, name, birthyear) VALUES (141, 'Mikael Tímóteussson', 1971.00);
INSERT INTO Person(PID, name, birthyear) VALUES (142, 'Klara Björnsdóttir',  1983.00);
INSERT INTO Person(PID, name, birthyear) VALUES (143, 'Karl Karlsson', 1974.00);
INSERT INTO Person(PID, name, birthyear) VALUES (144, 'Gitta Mikaelsdóttir',  1998.00);
INSERT INTO Person(PID, name, birthyear) VALUES (145, 'Hafliði Lárussson', 1973.00);
INSERT INTO Person(PID, name, birthyear) VALUES (146, 'Jana Gunnlaugsdóttir',  1979.00);
INSERT INTO Person(PID, name, birthyear) VALUES (147, 'Hafliði Jenssson', 1967.00);
INSERT INTO Person(PID, name, birthyear) VALUES (148, 'Klara Mikaelsdóttir',  2000.00);
INSERT INTO Person(PID, name, birthyear) VALUES (149, 'Mikael Jenssson', 1974.00);
INSERT INTO Person(PID, name, birthyear) VALUES (150, 'Kristín Karlsdóttir',  1977.00);
INSERT INTO Person(PID, name, birthyear) VALUES (151, 'Pétur Gunnarsson', 1994.00);
INSERT INTO Person(PID, name, birthyear) VALUES (152, 'Anna Hanssdóttir',  1990.00);
INSERT INTO Person(PID, name, birthyear) VALUES (153, 'Karl Tímóteussson', 1991.00);
INSERT INTO Person(PID, name, birthyear) VALUES (154, 'Gitta Garðarsdóttir',  1972.00);
INSERT INTO Person(PID, name, birthyear) VALUES (155, 'Karl Garðarsson', 1961.00);
INSERT INTO Person(PID, name, birthyear) VALUES (156, 'Jana Garðarsdóttir',  1977.00);
INSERT INTO Person(PID, name, birthyear) VALUES (157, 'Hans Mikaelsson', 1984.00);
INSERT INTO Person(PID, name, birthyear) VALUES (158, 'Eva Tímóteussdóttir',  1964.00);
INSERT INTO Person(PID, name, birthyear) VALUES (159, 'Jóhanb Karlsson', 1974.00);
INSERT INTO Person(PID, name, birthyear) VALUES (160, 'Eva Tímóteussdóttir',  1978.00);
INSERT INTO Person(PID, name, birthyear) VALUES (161, 'Dósótheus Garðarsson', 1964.00);
INSERT INTO Person(PID, name, birthyear) VALUES (162, 'Eva Karlsdóttir',  1991.00);
INSERT INTO Person(PID, name, birthyear) VALUES (163, 'Hafliði Lárussson', 2010.00);
INSERT INTO Person(PID, name, birthyear) VALUES (164, 'Inga Karlsdóttir',  1985.00);
INSERT INTO Person(PID, name, birthyear) VALUES (165, 'Karl Lárussson', 1961.00);
INSERT INTO Person(PID, name, birthyear) VALUES (166, 'Guðrún Björnsdóttir',  1991.00);
INSERT INTO Person(PID, name, birthyear) VALUES (167, 'Pétur Tímóteussson', 1971.00);
INSERT INTO Person(PID, name, birthyear) VALUES (168, 'Inga Björnsdóttir',  1992.00);
INSERT INTO Person(PID, name, birthyear) VALUES (169, 'Daníel Gunnlaugsson', 1993.00);
INSERT INTO Person(PID, name, birthyear) VALUES (170, 'Jana Lárussdóttir',  2011.00);
INSERT INTO Person(PID, name, birthyear) VALUES (171, 'Jóhanb Gunnarsson', 1987.00);
INSERT INTO Person(PID, name, birthyear) VALUES (172, 'Anna Gunnlaugsdóttir',  1987.00);
INSERT INTO Person(PID, name, birthyear) VALUES (173, 'Hafliði Tímóteussson', 1981.00);
INSERT INTO Person(PID, name, birthyear) VALUES (174, 'Guðrún Karlsdóttir',  1982.00);
INSERT INTO Person(PID, name, birthyear) VALUES (175, 'Hans Björnsson', 1975.00);
INSERT INTO Person(PID, name, birthyear) VALUES (176, 'Anna Lárussdóttir',  1972.00);
INSERT INTO Person(PID, name, birthyear) VALUES (177, 'Hafliði Karlsson', 1993.00);
INSERT INTO Person(PID, name, birthyear) VALUES (178, 'Kristín Gunnarsdóttir',  1990.00);
INSERT INTO Person(PID, name, birthyear) VALUES (179, 'Karl Garðarsson', 2005.00);
INSERT INTO Person(PID, name, birthyear) VALUES (180, 'Anna Garðarsdóttir',  1997.00);
INSERT INTO Person(PID, name, birthyear) VALUES (181, 'Jóhanb Björnsson', 1984.00);
INSERT INTO Person(PID, name, birthyear) VALUES (182, 'Sigrún Tímóteussdóttir',  1999.00);
INSERT INTO Person(PID, name, birthyear) VALUES (183, 'Jóhanb Tímóteussson', 1965.00);
INSERT INTO Person(PID, name, birthyear) VALUES (184, 'Klara Tímóteussdóttir',  1966.00);
INSERT INTO Person(PID, name, birthyear) VALUES (185, 'Jón Gunnarsson', 1962.00);
INSERT INTO Person(PID, name, birthyear) VALUES (186, 'Anna Jenssdóttir',  2008.00);
INSERT INTO Person(PID, name, birthyear) VALUES (187, 'Mikael Jenssson', 2011.00);
INSERT INTO Person(PID, name, birthyear) VALUES (188, 'Kristín Hanssdóttir',  1997.00);
INSERT INTO Person(PID, name, birthyear) VALUES (189, 'Karl Gunnlaugsson', 1970.00);
INSERT INTO Person(PID, name, birthyear) VALUES (190, 'Inga Mikaelsdóttir',  1999.00);
INSERT INTO Person(PID, name, birthyear) VALUES (191, 'Jóhanb Karlsson', 1994.00);
INSERT INTO Person(PID, name, birthyear) VALUES (192, 'Klara Lárussdóttir',  2013.00);
INSERT INTO Person(PID, name, birthyear) VALUES (193, 'Jens Gunnlaugsson', 1979.00);
INSERT INTO Person(PID, name, birthyear) VALUES (194, 'Eva Björnsdóttir',  1996.00);
INSERT INTO Person(PID, name, birthyear) VALUES (195, 'Daníel Jenssson', 1981.00);
INSERT INTO Person(PID, name, birthyear) VALUES (196, 'Klara Garðarsdóttir',  1990.00);
INSERT INTO Person(PID, name, birthyear) VALUES (197, 'Mikael Gunnlaugsson', 2000.00);
INSERT INTO Person(PID, name, birthyear) VALUES (198, 'Eva Hanssdóttir',  1967.00);
INSERT INTO Person(PID, name, birthyear) VALUES (199, 'Pétur Tímóteussson', 1979.00);
INSERT INTO Person(PID, name, birthyear) VALUES (200, 'Anna Björnsdóttir',  2014.00);
INSERT INTO Person(PID, name, birthyear) VALUES (201, 'Jón Tímóteussson', 1960.00);
INSERT INTO Person(PID, name, birthyear) VALUES (202, 'Sigrún Karlsdóttir',  2007.00);
INSERT INTO Person(PID, name, birthyear) VALUES (203, 'Karl Garðarsson', 1964.00);
INSERT INTO Person(PID, name, birthyear) VALUES (204, 'Gitta Jenssdóttir',  1962.00);
INSERT INTO Person(PID, name, birthyear) VALUES (205, 'Karl Björnsson', 1969.00);
INSERT INTO Person(PID, name, birthyear) VALUES (206, 'Kristín Mikaelsdóttir',  1999.00);
INSERT INTO Person(PID, name, birthyear) VALUES (207, 'Daníel Tímóteussson', 2011.00);
INSERT INTO Person(PID, name, birthyear) VALUES (208, 'Anna Björnsdóttir',  1983.00);
INSERT INTO Person(PID, name, birthyear) VALUES (209, 'Mikael Jenssson', 2000.00);
INSERT INTO Person(PID, name, birthyear) VALUES (210, 'Guðrún Mikaelsdóttir',  1999.00);
INSERT INTO Person(PID, name, birthyear) VALUES (211, 'Dósótheus Lárussson', 1961.00);
INSERT INTO Person(PID, name, birthyear) VALUES (212, 'Guðrún Mikaelsdóttir',  1967.00);
INSERT INTO Person(PID, name, birthyear) VALUES (213, 'Karl Hanssson', 2000.00);
INSERT INTO Person(PID, name, birthyear) VALUES (214, 'Guðrún Mikaelsdóttir',  2011.00);
INSERT INTO Person(PID, name, birthyear) VALUES (215, 'Dósótheus Hanssson', 2006.00);
INSERT INTO Person(PID, name, birthyear) VALUES (216, 'Gitta Mikaelsdóttir',  1989.00);
INSERT INTO Person(PID, name, birthyear) VALUES (217, 'Karl Hanssson', 2007.00);
INSERT INTO Person(PID, name, birthyear) VALUES (218, 'Sigrún Lárussdóttir',  2002.00);
INSERT INTO Person(PID, name, birthyear) VALUES (219, 'Pétur Garðarsson', 2012.00);
INSERT INTO Person(PID, name, birthyear) VALUES (220, 'Guðrún Hanssdóttir',  1994.00);
INSERT INTO Person(PID, name, birthyear) VALUES (221, 'Daníel Hanssson', 1985.00);
INSERT INTO Person(PID, name, birthyear) VALUES (222, 'Klara Hanssdóttir',  1967.00);
INSERT INTO Person(PID, name, birthyear) VALUES (223, 'Karl Gunnlaugsson', 1993.00);
INSERT INTO Person(PID, name, birthyear) VALUES (224, 'Inga Jenssdóttir',  1972.00);
INSERT INTO Person(PID, name, birthyear) VALUES (225, 'Jens Jenssson', 1996.00);
INSERT INTO Person(PID, name, birthyear) VALUES (226, 'Birgitta Tímóteussdóttir',  1977.00);
INSERT INTO Person(PID, name, birthyear) VALUES (227, 'Dósótheus Jenssson', 1999.00);
INSERT INTO Person(PID, name, birthyear) VALUES (228, 'Klara Karlsdóttir',  1993.00);
INSERT INTO Person(PID, name, birthyear) VALUES (229, 'Jens Gunnlaugsson', 1966.00);
INSERT INTO Person(PID, name, birthyear) VALUES (230, 'Eva Gunnlaugsdóttir',  1992.00);
INSERT INTO Person(PID, name, birthyear) VALUES (231, 'Jón Björnsson', 1961.00);
INSERT INTO Person(PID, name, birthyear) VALUES (232, 'Inga Gunnarsdóttir',  1984.00);
INSERT INTO Person(PID, name, birthyear) VALUES (233, 'Daníel Mikaelsson', 1999.00);
INSERT INTO Person(PID, name, birthyear) VALUES (234, 'Birgitta Gunnlaugsdóttir',  2009.00);
INSERT INTO Person(PID, name, birthyear) VALUES (235, 'Jens Gunnarsson', 1964.00);
INSERT INTO Person(PID, name, birthyear) VALUES (236, 'Kristín Jenssdóttir',  1981.00);
INSERT INTO Person(PID, name, birthyear) VALUES (237, 'Jens Karlsson', 1992.00);
INSERT INTO Person(PID, name, birthyear) VALUES (238, 'Kristín Lárussdóttir',  1993.00);
INSERT INTO Person(PID, name, birthyear) VALUES (239, 'Karl Hanssson', 2007.00);
INSERT INTO Person(PID, name, birthyear) VALUES (240, 'Guðrún Björnsdóttir',  1967.00);
INSERT INTO Person(PID, name, birthyear) VALUES (241, 'Jens Karlsson', 1966.00);
INSERT INTO Person(PID, name, birthyear) VALUES (242, 'Eva Mikaelsdóttir',  2005.00);
INSERT INTO Person(PID, name, birthyear) VALUES (243, 'Hafliði Hanssson', 1984.00);
INSERT INTO Person(PID, name, birthyear) VALUES (244, 'Klara Gunnarsdóttir',  1995.00);
INSERT INTO Person(PID, name, birthyear) VALUES (245, 'Mikael Tímóteussson', 1981.00);
INSERT INTO Person(PID, name, birthyear) VALUES (246, 'Klara Garðarsdóttir',  1989.00);
INSERT INTO Person(PID, name, birthyear) VALUES (247, 'Jón Karlsson', 1992.00);
INSERT INTO Person(PID, name, birthyear) VALUES (248, 'Klara Tímóteussdóttir',  1984.00);
INSERT INTO Person(PID, name, birthyear) VALUES (249, 'Jóhanb Gunnlaugsson', 2006.00);
INSERT INTO Person(PID, name, birthyear) VALUES (250, 'Kristín Jenssdóttir',  2001.00);
INSERT INTO Person(PID, name, birthyear) VALUES (251, 'Jóhanb Gunnarsson', 2004.00);
INSERT INTO Person(PID, name, birthyear) VALUES (252, 'Anna Tímóteussdóttir',  1986.00);
INSERT INTO Person(PID, name, birthyear) VALUES (253, 'Pétur Hanssson', 2008.00);
INSERT INTO Person(PID, name, birthyear) VALUES (254, 'Klara Jenssdóttir',  1994.00);
INSERT INTO Person(PID, name, birthyear) VALUES (255, 'Jóhanb Lárussson', 2011.00);
INSERT INTO Person(PID, name, birthyear) VALUES (256, 'Klara Garðarsdóttir',  1986.00);
INSERT INTO Person(PID, name, birthyear) VALUES (257, 'Jóhanb Gunnarsson', 1991.00);
INSERT INTO Person(PID, name, birthyear) VALUES (258, 'Guðrún Hanssdóttir',  2011.00);
INSERT INTO Person(PID, name, birthyear) VALUES (259, 'Jóhanb Lárussson', 1968.00);
INSERT INTO Person(PID, name, birthyear) VALUES (260, 'Gitta Karlsdóttir',  1978.00);
INSERT INTO Person(PID, name, birthyear) VALUES (261, 'Dósótheus Tímóteussson', 1965.00);
INSERT INTO Person(PID, name, birthyear) VALUES (262, 'Klara Lárussdóttir',  1984.00);
INSERT INTO Person(PID, name, birthyear) VALUES (263, 'Pétur Jenssson', 2006.00);
INSERT INTO Person(PID, name, birthyear) VALUES (264, 'Gitta Lárussdóttir',  1961.00);
INSERT INTO Person(PID, name, birthyear) VALUES (265, 'Daníel Gunnlaugsson', 2007.00);
INSERT INTO Person(PID, name, birthyear) VALUES (266, 'Inga Karlsdóttir',  1984.00);
INSERT INTO Person(PID, name, birthyear) VALUES (267, 'Jón Tímóteussson', 1970.00);
INSERT INTO Person(PID, name, birthyear) VALUES (268, 'Klara Gunnlaugsdóttir',  1995.00);
INSERT INTO Person(PID, name, birthyear) VALUES (269, 'Mikael Garðarsson', 1985.00);
INSERT INTO Person(PID, name, birthyear) VALUES (270, 'Sigrún Gunnarsdóttir',  1987.00);
INSERT INTO Person(PID, name, birthyear) VALUES (271, 'Jón Gunnarsson', 2008.00);
INSERT INTO Person(PID, name, birthyear) VALUES (272, 'Kristín Hanssdóttir',  1999.00);
INSERT INTO Person(PID, name, birthyear) VALUES (273, 'Daníel Gunnarsson', 2006.00);
INSERT INTO Person(PID, name, birthyear) VALUES (274, 'Eva Lárussdóttir',  1999.00);
INSERT INTO Person(PID, name, birthyear) VALUES (275, 'Jens Mikaelsson', 2012.00);
INSERT INTO Person(PID, name, birthyear) VALUES (276, 'Anna Gunnlaugsdóttir',  2014.00);
INSERT INTO Person(PID, name, birthyear) VALUES (277, 'Dósótheus Hanssson', 1977.00);
INSERT INTO Person(PID, name, birthyear) VALUES (278, 'Jana Gunnlaugsdóttir',  1991.00);
INSERT INTO Person(PID, name, birthyear) VALUES (279, 'Daníel Lárussson', 1968.00);
INSERT INTO Person(PID, name, birthyear) VALUES (280, 'Kristín Gunnarsdóttir',  2011.00);
INSERT INTO Person(PID, name, birthyear) VALUES (281, 'Daníel Lárussson', 1996.00);
INSERT INTO Person(PID, name, birthyear) VALUES (282, 'Eva Jenssdóttir',  1969.00);
INSERT INTO Person(PID, name, birthyear) VALUES (283, 'Pétur Lárussson', 2009.00);
INSERT INTO Person(PID, name, birthyear) VALUES (284, 'Gitta Hanssdóttir',  2001.00);
INSERT INTO Person(PID, name, birthyear) VALUES (285, 'Karl Karlsson', 1980.00);
INSERT INTO Person(PID, name, birthyear) VALUES (286, 'Sigrún Hanssdóttir',  1995.00);
INSERT INTO Person(PID, name, birthyear) VALUES (287, 'Karl Tímóteussson', 1965.00);
INSERT INTO Person(PID, name, birthyear) VALUES (288, 'Gitta Hanssdóttir',  1977.00);
INSERT INTO Person(PID, name, birthyear) VALUES (289, 'Daníel Jenssson', 1971.00);
INSERT INTO Person(PID, name, birthyear) VALUES (290, 'Sigrún Hanssdóttir',  2010.00);
INSERT INTO Person(PID, name, birthyear) VALUES (291, 'Karl Jenssson', 2004.00);
INSERT INTO Person(PID, name, birthyear) VALUES (292, 'Anna Mikaelsdóttir',  2013.00);
INSERT INTO Person(PID, name, birthyear) VALUES (293, 'Mikael Björnsson', 2006.00);
INSERT INTO Person(PID, name, birthyear) VALUES (294, 'Eva Jenssdóttir',  1975.00);
INSERT INTO Person(PID, name, birthyear) VALUES (295, 'Jóhanb Karlsson', 1976.00);
INSERT INTO Person(PID, name, birthyear) VALUES (296, 'Inga Lárussdóttir',  2002.00);
INSERT INTO Person(PID, name, birthyear) VALUES (297, 'Jóhanb Mikaelsson', 1968.00);
INSERT INTO Person(PID, name, birthyear) VALUES (298, 'Anna Gunnarsdóttir',  1993.00);
INSERT INTO Person(PID, name, birthyear) VALUES (299, 'Daníel Hanssson', 2004.00);
INSERT INTO Person(PID, name, birthyear) VALUES (300, 'Guðrún Tímóteussdóttir',  1971.00);
INSERT INTO Person(PID, name, birthyear) VALUES (301, 'Karl Jenssson', 1977.00);
INSERT INTO Person(PID, name, birthyear) VALUES (302, 'Inga Mikaelsdóttir',  1960.00);
INSERT INTO Person(PID, name, birthyear) VALUES (303, 'Mikael Gunnlaugsson', 2014.00);
INSERT INTO Person(PID, name, birthyear) VALUES (304, 'Anna Lárussdóttir',  1967.00);
INSERT INTO Person(PID, name, birthyear) VALUES (305, 'Daníel Jenssson', 1967.00);
INSERT INTO Person(PID, name, birthyear) VALUES (306, 'Jana Gunnarsdóttir',  2013.00);
INSERT INTO Person(PID, name, birthyear) VALUES (307, 'Karl Jenssson', 1994.00);
INSERT INTO Person(PID, name, birthyear) VALUES (308, 'Guðrún Garðarsdóttir',  1982.00);
INSERT INTO Person(PID, name, birthyear) VALUES (309, 'Mikael Gunnlaugsson', 2009.00);
INSERT INTO Person(PID, name, birthyear) VALUES (310, 'Anna Gunnlaugsdóttir',  1973.00);
INSERT INTO Person(PID, name, birthyear) VALUES (311, 'Mikael Jenssson', 1982.00);
INSERT INTO Person(PID, name, birthyear) VALUES (312, 'Guðrún Gunnarsdóttir',  1961.00);
INSERT INTO Person(PID, name, birthyear) VALUES (313, 'Dósótheus Hanssson', 1975.00);
INSERT INTO Person(PID, name, birthyear) VALUES (314, 'Guðrún Björnsdóttir',  1965.00);
INSERT INTO Person(PID, name, birthyear) VALUES (315, 'Jón Mikaelsson', 1971.00);
INSERT INTO Person(PID, name, birthyear) VALUES (316, 'Kristín Gunnarsdóttir',  2014.00);
INSERT INTO Person(PID, name, birthyear) VALUES (317, 'Pétur Garðarsson', 1965.00);
INSERT INTO Person(PID, name, birthyear) VALUES (318, 'Sigrún Garðarsdóttir',  1995.00);
INSERT INTO Person(PID, name, birthyear) VALUES (319, 'Pétur Jenssson', 2010.00);
INSERT INTO Person(PID, name, birthyear) VALUES (320, 'Gitta Garðarsdóttir',  1968.00);
INSERT INTO Person(PID, name, birthyear) VALUES (321, 'Hans Gunnlaugsson', 1974.00);
INSERT INTO Person(PID, name, birthyear) VALUES (322, 'Sigrún Jenssdóttir',  1962.00);
INSERT INTO Person(PID, name, birthyear) VALUES (323, 'Karl Jenssson', 1985.00);
INSERT INTO Person(PID, name, birthyear) VALUES (324, 'Gitta Jenssdóttir',  1981.00);
INSERT INTO Person(PID, name, birthyear) VALUES (325, 'Pétur Gunnlaugsson', 1962.00);
INSERT INTO Person(PID, name, birthyear) VALUES (326, 'Anna Hanssdóttir',  2003.00);
INSERT INTO Person(PID, name, birthyear) VALUES (327, 'Hans Gunnarsson', 1979.00);
INSERT INTO Person(PID, name, birthyear) VALUES (328, 'Eva Garðarsdóttir',  2010.00);
INSERT INTO Person(PID, name, birthyear) VALUES (329, 'Jón Lárussson', 1965.00);
INSERT INTO Person(PID, name, birthyear) VALUES (330, 'Gitta Karlsdóttir',  1997.00);
INSERT INTO Person(PID, name, birthyear) VALUES (331, 'Pétur Hanssson', 2009.00);
INSERT INTO Person(PID, name, birthyear) VALUES (332, 'Eva Gunnlaugsdóttir',  1964.00);
INSERT INTO Person(PID, name, birthyear) VALUES (333, 'Jens Jenssson', 1972.00);
INSERT INTO Person(PID, name, birthyear) VALUES (334, 'Jana Gunnlaugsdóttir',  1979.00);
INSERT INTO Person(PID, name, birthyear) VALUES (335, 'Hans Garðarsson', 1991.00);
INSERT INTO Person(PID, name, birthyear) VALUES (336, 'Anna Björnsdóttir',  1962.00);
INSERT INTO Person(PID, name, birthyear) VALUES (337, 'Pétur Tímóteussson', 2001.00);
INSERT INTO Person(PID, name, birthyear) VALUES (338, 'Inga Björnsdóttir',  1976.00);
INSERT INTO Person(PID, name, birthyear) VALUES (339, 'Jens Jenssson', 1967.00);
INSERT INTO Person(PID, name, birthyear) VALUES (340, 'Inga Gunnlaugsdóttir',  1968.00);
INSERT INTO Person(PID, name, birthyear) VALUES (341, 'Jóhanb Hanssson', 1992.00);
INSERT INTO Person(PID, name, birthyear) VALUES (342, 'Kristín Björnsdóttir',  2007.00);
INSERT INTO Person(PID, name, birthyear) VALUES (343, 'Jóhanb Garðarsson', 2014.00);
INSERT INTO Person(PID, name, birthyear) VALUES (344, 'Eva Mikaelsdóttir',  1973.00);
INSERT INTO Person(PID, name, birthyear) VALUES (345, 'Karl Karlsson', 2001.00);
INSERT INTO Person(PID, name, birthyear) VALUES (346, 'Anna Garðarsdóttir',  1999.00);
INSERT INTO Person(PID, name, birthyear) VALUES (347, 'Jens Gunnarsson', 1965.00);
INSERT INTO Person(PID, name, birthyear) VALUES (348, 'Kristín Tímóteussdóttir',  1961.00);
INSERT INTO Person(PID, name, birthyear) VALUES (349, 'Jens Björnsson', 1967.00);
INSERT INTO Person(PID, name, birthyear) VALUES (350, 'Klara Garðarsdóttir',  1978.00);
INSERT INTO Person(PID, name, birthyear) VALUES (351, 'Karl Björnsson', 2004.00);
INSERT INTO Person(PID, name, birthyear) VALUES (352, 'Anna Jenssdóttir',  2004.00);
INSERT INTO Person(PID, name, birthyear) VALUES (353, 'Jóhanb Hanssson', 1980.00);
INSERT INTO Person(PID, name, birthyear) VALUES (354, 'Kristín Karlsdóttir',  2013.00);
INSERT INTO Person(PID, name, birthyear) VALUES (355, 'Jens Björnsson', 1960.00);
INSERT INTO Person(PID, name, birthyear) VALUES (356, 'Birgitta Tímóteussdóttir',  1988.00);
INSERT INTO Person(PID, name, birthyear) VALUES (357, 'Hafliði Lárussson', 1975.00);
INSERT INTO Person(PID, name, birthyear) VALUES (358, 'Gitta Jenssdóttir',  1996.00);
INSERT INTO Person(PID, name, birthyear) VALUES (359, 'Jón Gunnarsson', 1993.00);
INSERT INTO Person(PID, name, birthyear) VALUES (360, 'Kristín Hanssdóttir',  1970.00);
INSERT INTO Person(PID, name, birthyear) VALUES (361, 'Mikael Gunnlaugsson', 1966.00);
INSERT INTO Person(PID, name, birthyear) VALUES (362, 'Anna Gunnarsdóttir',  1974.00);
INSERT INTO Person(PID, name, birthyear) VALUES (363, 'Pétur Karlsson', 1999.00);
INSERT INTO Person(PID, name, birthyear) VALUES (364, 'Inga Tímóteussdóttir',  2000.00);
INSERT INTO Person(PID, name, birthyear) VALUES (365, 'Mikael Lárussson', 1994.00);
INSERT INTO Person(PID, name, birthyear) VALUES (366, 'Inga Jenssdóttir',  1960.00);
INSERT INTO Person(PID, name, birthyear) VALUES (367, 'Jón Gunnlaugsson', 2008.00);
INSERT INTO Person(PID, name, birthyear) VALUES (368, 'Anna Tímóteussdóttir',  1961.00);
INSERT INTO Person(PID, name, birthyear) VALUES (369, 'Hafliði Hanssson', 1999.00);
INSERT INTO Person(PID, name, birthyear) VALUES (370, 'Inga Gunnarsdóttir',  1967.00);
INSERT INTO Person(PID, name, birthyear) VALUES (371, 'Karl Tímóteussson', 1981.00);
INSERT INTO Person(PID, name, birthyear) VALUES (372, 'Guðrún Lárussdóttir',  1965.00);
INSERT INTO Person(PID, name, birthyear) VALUES (373, 'Pétur Karlsson', 1966.00);
INSERT INTO Person(PID, name, birthyear) VALUES (374, 'Guðrún Gunnarsdóttir',  1984.00);
INSERT INTO Person(PID, name, birthyear) VALUES (375, 'Daníel Tímóteussson', 1977.00);
INSERT INTO Person(PID, name, birthyear) VALUES (376, 'Birgitta Björnsdóttir',  1988.00);
INSERT INTO Person(PID, name, birthyear) VALUES (377, 'Jóhanb Karlsson', 1999.00);
INSERT INTO Person(PID, name, birthyear) VALUES (378, 'Kristín Hanssdóttir',  1962.00);
INSERT INTO Person(PID, name, birthyear) VALUES (379, 'Pétur Garðarsson', 1988.00);
INSERT INTO Person(PID, name, birthyear) VALUES (380, 'Guðrún Gunnlaugsdóttir',  1975.00);
INSERT INTO Person(PID, name, birthyear) VALUES (381, 'Jón Karlsson', 1997.00);
INSERT INTO Person(PID, name, birthyear) VALUES (382, 'Eva Karlsdóttir',  1988.00);
INSERT INTO Person(PID, name, birthyear) VALUES (383, 'Mikael Tímóteussson', 1993.00);
INSERT INTO Person(PID, name, birthyear) VALUES (384, 'Klara Tímóteussdóttir',  1978.00);
INSERT INTO Person(PID, name, birthyear) VALUES (385, 'Jón Karlsson', 1996.00);
INSERT INTO Person(PID, name, birthyear) VALUES (386, 'Anna Tímóteussdóttir',  1992.00);
INSERT INTO Person(PID, name, birthyear) VALUES (387, 'Hafliði Mikaelsson', 1996.00);
INSERT INTO Person(PID, name, birthyear) VALUES (388, 'Klara Björnsdóttir',  1966.00);
INSERT INTO Person(PID, name, birthyear) VALUES (389, 'Daníel Jenssson', 1995.00);
INSERT INTO Person(PID, name, birthyear) VALUES (390, 'Kristín Jenssdóttir',  2007.00);
INSERT INTO Person(PID, name, birthyear) VALUES (391, 'Jens Gunnlaugsson', 2012.00);
INSERT INTO Person(PID, name, birthyear) VALUES (392, 'Kristín Gunnarsdóttir',  1962.00);
INSERT INTO Person(PID, name, birthyear) VALUES (393, 'Daníel Tímóteussson', 1981.00);
INSERT INTO Person(PID, name, birthyear) VALUES (394, 'Anna Karlsdóttir',  1998.00);
INSERT INTO Person(PID, name, birthyear) VALUES (395, 'Daníel Gunnlaugsson', 1999.00);
INSERT INTO Person(PID, name, birthyear) VALUES (396, 'Anna Gunnarsdóttir',  1964.00);
INSERT INTO Person(PID, name, birthyear) VALUES (397, 'Dósótheus Gunnarsson', 2002.00);
INSERT INTO Person(PID, name, birthyear) VALUES (398, 'Inga Hanssdóttir',  1998.00);
INSERT INTO Person(PID, name, birthyear) VALUES (399, 'Daníel Gunnlaugsson', 2008.00);
INSERT INTO Person(PID, name, birthyear) VALUES (400, 'Anna Garðarsdóttir',  1962.00);
INSERT INTO Person(PID, name, birthyear) VALUES (401, 'Pétur Jenssson', 1976.00);
INSERT INTO Person(PID, name, birthyear) VALUES (402, 'Kristín Tímóteussdóttir',  1964.00);
INSERT INTO Person(PID, name, birthyear) VALUES (403, 'Pétur Jenssson', 1984.00);
INSERT INTO Person(PID, name, birthyear) VALUES (404, 'Inga Garðarsdóttir',  1990.00);
INSERT INTO Person(PID, name, birthyear) VALUES (405, 'Jóhanb Gunnlaugsson', 2004.00);
INSERT INTO Person(PID, name, birthyear) VALUES (406, 'Gitta Mikaelsdóttir',  1991.00);
INSERT INTO Person(PID, name, birthyear) VALUES (407, 'Jón Mikaelsson', 1978.00);
INSERT INTO Person(PID, name, birthyear) VALUES (408, 'Guðrún Tímóteussdóttir',  2004.00);
INSERT INTO Person(PID, name, birthyear) VALUES (409, 'Mikael Jenssson', 1963.00);
INSERT INTO Person(PID, name, birthyear) VALUES (410, 'Eva Garðarsdóttir',  1992.00);
INSERT INTO Person(PID, name, birthyear) VALUES (411, 'Jens Lárussson', 1998.00);
INSERT INTO Person(PID, name, birthyear) VALUES (412, 'Sigrún Karlsdóttir',  1963.00);
INSERT INTO Person(PID, name, birthyear) VALUES (413, 'Dósótheus Tímóteussson', 1972.00);
INSERT INTO Person(PID, name, birthyear) VALUES (414, 'Anna Karlsdóttir',  2002.00);
INSERT INTO Person(PID, name, birthyear) VALUES (415, 'Dósótheus Hanssson', 1963.00);
INSERT INTO Person(PID, name, birthyear) VALUES (416, 'Klara Garðarsdóttir',  2001.00);
INSERT INTO Person(PID, name, birthyear) VALUES (417, 'Jóhanb Gunnarsson', 1984.00);
INSERT INTO Person(PID, name, birthyear) VALUES (418, 'Inga Mikaelsdóttir',  2003.00);
INSERT INTO Person(PID, name, birthyear) VALUES (419, 'Hans Tímóteussson', 2010.00);
INSERT INTO Person(PID, name, birthyear) VALUES (420, 'Eva Lárussdóttir',  1984.00);
INSERT INTO Person(PID, name, birthyear) VALUES (421, 'Jón Hanssson', 1974.00);
INSERT INTO Person(PID, name, birthyear) VALUES (422, 'Sigrún Tímóteussdóttir',  1976.00);
INSERT INTO Person(PID, name, birthyear) VALUES (423, 'Karl Gunnlaugsson', 1995.00);
INSERT INTO Person(PID, name, birthyear) VALUES (424, 'Gitta Mikaelsdóttir',  1996.00);
INSERT INTO Person(PID, name, birthyear) VALUES (425, 'Karl Mikaelsson', 1964.00);
INSERT INTO Person(PID, name, birthyear) VALUES (426, 'Guðrún Hanssdóttir',  1993.00);
INSERT INTO Person(PID, name, birthyear) VALUES (427, 'Daníel Gunnarsson', 1978.00);
INSERT INTO Person(PID, name, birthyear) VALUES (428, 'Gitta Hanssdóttir',  1961.00);
INSERT INTO Person(PID, name, birthyear) VALUES (429, 'Dósótheus Björnsson', 1980.00);
INSERT INTO Person(PID, name, birthyear) VALUES (430, 'Sigrún Hanssdóttir',  1973.00);
INSERT INTO Person(PID, name, birthyear) VALUES (431, 'Jóhanb Garðarsson', 1998.00);
INSERT INTO Person(PID, name, birthyear) VALUES (432, 'Eva Tímóteussdóttir',  1960.00);
INSERT INTO Person(PID, name, birthyear) VALUES (433, 'Karl Gunnlaugsson', 1976.00);
INSERT INTO Person(PID, name, birthyear) VALUES (434, 'Eva Hanssdóttir',  2014.00);
INSERT INTO Person(PID, name, birthyear) VALUES (435, 'Pétur Gunnlaugsson', 1994.00);
INSERT INTO Person(PID, name, birthyear) VALUES (436, 'Kristín Gunnlaugsdóttir',  1962.00);
INSERT INTO Person(PID, name, birthyear) VALUES (437, 'Dósótheus Björnsson', 2003.00);
INSERT INTO Person(PID, name, birthyear) VALUES (438, 'Kristín Jenssdóttir',  1971.00);
INSERT INTO Person(PID, name, birthyear) VALUES (439, 'Pétur Karlsson', 1966.00);
INSERT INTO Person(PID, name, birthyear) VALUES (440, 'Inga Björnsdóttir',  1990.00);
INSERT INTO Person(PID, name, birthyear) VALUES (441, 'Karl Gunnlaugsson', 1966.00);
INSERT INTO Person(PID, name, birthyear) VALUES (442, 'Eva Lárussdóttir',  1988.00);
INSERT INTO Person(PID, name, birthyear) VALUES (443, 'Jens Gunnarsson', 2004.00);
INSERT INTO Person(PID, name, birthyear) VALUES (444, 'Sigrún Tímóteussdóttir',  1971.00);
INSERT INTO Person(PID, name, birthyear) VALUES (445, 'Karl Garðarsson', 1987.00);
INSERT INTO Person(PID, name, birthyear) VALUES (446, 'Eva Lárussdóttir',  2001.00);
INSERT INTO Person(PID, name, birthyear) VALUES (447, 'Jens Gunnarsson', 1999.00);
INSERT INTO Person(PID, name, birthyear) VALUES (448, 'Birgitta Björnsdóttir',  2006.00);
INSERT INTO Person(PID, name, birthyear) VALUES (449, 'Jens Gunnlaugsson', 2011.00);
INSERT INTO Person(PID, name, birthyear) VALUES (450, 'Inga Lárussdóttir',  2009.00);
INSERT INTO Person(PID, name, birthyear) VALUES (451, 'Pétur Gunnarsson', 1970.00);
INSERT INTO Person(PID, name, birthyear) VALUES (452, 'Birgitta Tímóteussdóttir',  1962.00);
INSERT INTO Person(PID, name, birthyear) VALUES (453, 'Karl Björnsson', 2004.00);
INSERT INTO Person(PID, name, birthyear) VALUES (454, 'Inga Lárussdóttir',  1966.00);
INSERT INTO Person(PID, name, birthyear) VALUES (455, 'Karl Gunnarsson', 1994.00);
INSERT INTO Person(PID, name, birthyear) VALUES (456, 'Birgitta Gunnlaugsdóttir',  1983.00);
INSERT INTO Person(PID, name, birthyear) VALUES (457, 'Jón Lárussson', 1968.00);
INSERT INTO Person(PID, name, birthyear) VALUES (458, 'Sigrún Jenssdóttir',  1967.00);
INSERT INTO Person(PID, name, birthyear) VALUES (459, 'Mikael Gunnarsson', 1980.00);
INSERT INTO Person(PID, name, birthyear) VALUES (460, 'Inga Tímóteussdóttir',  1975.00);
INSERT INTO Person(PID, name, birthyear) VALUES (461, 'Hans Mikaelsson', 1963.00);
INSERT INTO Person(PID, name, birthyear) VALUES (462, 'Inga Björnsdóttir',  1983.00);
INSERT INTO Person(PID, name, birthyear) VALUES (463, 'Daníel Gunnarsson', 1981.00);
INSERT INTO Person(PID, name, birthyear) VALUES (464, 'Eva Hanssdóttir',  1973.00);
INSERT INTO Person(PID, name, birthyear) VALUES (465, 'Mikael Tímóteussson', 2014.00);
INSERT INTO Person(PID, name, birthyear) VALUES (466, 'Kristín Mikaelsdóttir',  1974.00);
INSERT INTO Person(PID, name, birthyear) VALUES (467, 'Daníel Gunnarsson', 1964.00);
INSERT INTO Person(PID, name, birthyear) VALUES (468, 'Sigrún Mikaelsdóttir',  1973.00);
INSERT INTO Person(PID, name, birthyear) VALUES (469, 'Hafliði Gunnlaugsson', 2013.00);
INSERT INTO Person(PID, name, birthyear) VALUES (470, 'Birgitta Lárussdóttir',  1979.00);
INSERT INTO Person(PID, name, birthyear) VALUES (471, 'Mikael Tímóteussson', 2012.00);
INSERT INTO Person(PID, name, birthyear) VALUES (472, 'Klara Karlsdóttir',  2009.00);
INSERT INTO Person(PID, name, birthyear) VALUES (473, 'Jón Lárussson', 1997.00);
INSERT INTO Person(PID, name, birthyear) VALUES (474, 'Eva Tímóteussdóttir',  1966.00);
INSERT INTO Person(PID, name, birthyear) VALUES (475, 'Daníel Karlsson', 1983.00);
INSERT INTO Person(PID, name, birthyear) VALUES (476, 'Klara Tímóteussdóttir',  1966.00);
INSERT INTO Person(PID, name, birthyear) VALUES (477, 'Hafliði Karlsson', 2009.00);
INSERT INTO Person(PID, name, birthyear) VALUES (478, 'Gitta Björnsdóttir',  1989.00);
INSERT INTO Person(PID, name, birthyear) VALUES (479, 'Jóhanb Björnsson', 2005.00);
INSERT INTO Person(PID, name, birthyear) VALUES (480, 'Birgitta Tímóteussdóttir',  1999.00);
INSERT INTO Person(PID, name, birthyear) VALUES (481, 'Daníel Karlsson', 1965.00);
INSERT INTO Person(PID, name, birthyear) VALUES (482, 'Inga Gunnarsdóttir',  1970.00);
INSERT INTO Person(PID, name, birthyear) VALUES (483, 'Jens Lárussson', 2014.00);
INSERT INTO Person(PID, name, birthyear) VALUES (484, 'Kristín Hanssdóttir',  1979.00);
INSERT INTO Person(PID, name, birthyear) VALUES (485, 'Jóhanb Gunnlaugsson', 1981.00);
INSERT INTO Person(PID, name, birthyear) VALUES (486, 'Klara Karlsdóttir',  1999.00);
INSERT INTO Person(PID, name, birthyear) VALUES (487, 'Dósótheus Karlsson', 2002.00);
INSERT INTO Person(PID, name, birthyear) VALUES (488, 'Sigrún Gunnlaugsdóttir',  1999.00);
INSERT INTO Person(PID, name, birthyear) VALUES (489, 'Jóhanb Garðarsson', 1997.00);
INSERT INTO Person(PID, name, birthyear) VALUES (490, 'Gitta Björnsdóttir',  1961.00);
INSERT INTO Person(PID, name, birthyear) VALUES (491, 'Karl Mikaelsson', 1962.00);
INSERT INTO Person(PID, name, birthyear) VALUES (492, 'Guðrún Tímóteussdóttir',  2003.00);
INSERT INTO Person(PID, name, birthyear) VALUES (493, 'Jón Lárussson', 1998.00);
INSERT INTO Person(PID, name, birthyear) VALUES (494, 'Gitta Karlsdóttir',  1967.00);
INSERT INTO Person(PID, name, birthyear) VALUES (495, 'Jens Hanssson', 1980.00);
INSERT INTO Person(PID, name, birthyear) VALUES (496, 'Guðrún Gunnlaugsdóttir',  1982.00);
INSERT INTO Person(PID, name, birthyear) VALUES (497, 'Mikael Jenssson', 1986.00);
INSERT INTO Person(PID, name, birthyear) VALUES (498, 'Birgitta Björnsdóttir',  1998.00);
INSERT INTO Person(PID, name, birthyear) VALUES (499, 'Jón Gunnlaugsson', 1976.00);
INSERT INTO Person(PID, name, birthyear) VALUES (500, 'Klara Hanssdóttir',  1973.00);
INSERT INTO Person(PID, name, birthyear) VALUES (501, 'Karl Tímóteussson', 2008.00);
INSERT INTO Person(PID, name, birthyear) VALUES (502, 'Sigrún Gunnlaugsdóttir',  1970.00);
INSERT INTO Person(PID, name, birthyear) VALUES (503, 'Mikael Hanssson', 1962.00);
INSERT INTO Person(PID, name, birthyear) VALUES (504, 'Birgitta Mikaelsdóttir',  1966.00);
INSERT INTO Person(PID, name, birthyear) VALUES (505, 'Hans Jenssson', 1991.00);
INSERT INTO Person(PID, name, birthyear) VALUES (506, 'Sigrún Karlsdóttir',  2003.00);
INSERT INTO Person(PID, name, birthyear) VALUES (507, 'Pétur Mikaelsson', 2011.00);
INSERT INTO Person(PID, name, birthyear) VALUES (508, 'Klara Karlsdóttir',  2008.00);
INSERT INTO Person(PID, name, birthyear) VALUES (509, 'Hans Jenssson', 1969.00);
INSERT INTO Person(PID, name, birthyear) VALUES (510, 'Klara Björnsdóttir',  1993.00);
INSERT INTO Person(PID, name, birthyear) VALUES (511, 'Dósótheus Gunnarsson', 2010.00);
INSERT INTO Person(PID, name, birthyear) VALUES (512, 'Sigrún Mikaelsdóttir',  1971.00);
INSERT INTO Person(PID, name, birthyear) VALUES (513, 'Hafliði Gunnlaugsson', 1997.00);
INSERT INTO Person(PID, name, birthyear) VALUES (514, 'Jana Mikaelsdóttir',  1976.00);
INSERT INTO Person(PID, name, birthyear) VALUES (515, 'Pétur Jenssson', 1984.00);
INSERT INTO Person(PID, name, birthyear) VALUES (516, 'Klara Karlsdóttir',  1986.00);
INSERT INTO Person(PID, name, birthyear) VALUES (517, 'Jens Gunnlaugsson', 1968.00);
INSERT INTO Person(PID, name, birthyear) VALUES (518, 'Eva Karlsdóttir',  1971.00);
INSERT INTO Person(PID, name, birthyear) VALUES (519, 'Hans Hanssson', 1980.00);
INSERT INTO Person(PID, name, birthyear) VALUES (520, 'Eva Gunnlaugsdóttir',  1977.00);
INSERT INTO Person(PID, name, birthyear) VALUES (521, 'Jón Gunnlaugsson', 1964.00);
INSERT INTO Person(PID, name, birthyear) VALUES (522, 'Gitta Karlsdóttir',  1999.00);
INSERT INTO Person(PID, name, birthyear) VALUES (523, 'Jóhanb Jenssson', 1961.00);
INSERT INTO Person(PID, name, birthyear) VALUES (524, 'Guðrún Gunnlaugsdóttir',  1997.00);
INSERT INTO Person(PID, name, birthyear) VALUES (525, 'Pétur Hanssson', 2006.00);
INSERT INTO Person(PID, name, birthyear) VALUES (526, 'Klara Gunnlaugsdóttir',  2007.00);
INSERT INTO Person(PID, name, birthyear) VALUES (527, 'Pétur Lárussson', 1968.00);
INSERT INTO Person(PID, name, birthyear) VALUES (528, 'Birgitta Tímóteussdóttir',  1970.00);
INSERT INTO Person(PID, name, birthyear) VALUES (529, 'Jens Gunnarsson', 1997.00);
INSERT INTO Person(PID, name, birthyear) VALUES (530, 'Guðrún Tímóteussdóttir',  2010.00);
INSERT INTO Person(PID, name, birthyear) VALUES (531, 'Pétur Garðarsson', 1966.00);
INSERT INTO Person(PID, name, birthyear) VALUES (532, 'Birgitta Mikaelsdóttir',  1971.00);
INSERT INTO Person(PID, name, birthyear) VALUES (533, 'Hafliði Björnsson', 1978.00);
INSERT INTO Person(PID, name, birthyear) VALUES (534, 'Gitta Björnsdóttir',  1991.00);
INSERT INTO Person(PID, name, birthyear) VALUES (535, 'Daníel Gunnlaugsson', 1961.00);
INSERT INTO Person(PID, name, birthyear) VALUES (536, 'Inga Björnsdóttir',  1974.00);
INSERT INTO Person(PID, name, birthyear) VALUES (537, 'Hans Jenssson', 1964.00);
INSERT INTO Person(PID, name, birthyear) VALUES (538, 'Inga Garðarsdóttir',  1983.00);
INSERT INTO Person(PID, name, birthyear) VALUES (539, 'Karl Jenssson', 1969.00);
INSERT INTO Person(PID, name, birthyear) VALUES (540, 'Eva Karlsdóttir',  1987.00);
INSERT INTO Person(PID, name, birthyear) VALUES (541, 'Hans Tímóteussson', 1960.00);
INSERT INTO Person(PID, name, birthyear) VALUES (542, 'Eva Mikaelsdóttir',  1994.00);
INSERT INTO Person(PID, name, birthyear) VALUES (543, 'Daníel Gunnarsson', 1990.00);
INSERT INTO Buys(GID, PID, year) VALUES (947, 498, 2002);
INSERT INTO Buys(GID, PID, year) VALUES (1439, 486, 2013);
INSERT INTO Buys(GID, PID, year) VALUES (1321, 314, 2011);
INSERT INTO Buys(GID, PID, year) VALUES (1041, 404, 2005);
INSERT INTO Buys(GID, PID, year) VALUES (1080, 328, 2000);
INSERT INTO Buys(GID, PID, year) VALUES (1202, 520, 2003);
INSERT INTO Buys(GID, PID, year) VALUES (1174, 204, 2021);
INSERT INTO Buys(GID, PID, year) VALUES (558, 268, 2002);
INSERT INTO Buys(GID, PID, year) VALUES (954, 215, 2015);
INSERT INTO Buys(GID, PID, year) VALUES (1507, 179, 2013);
INSERT INTO Buys(GID, PID, year) VALUES (1381, 389, 2005);
INSERT INTO Buys(GID, PID, year) VALUES (1204, 295, 2006);
INSERT INTO Buys(GID, PID, year) VALUES (1487, 382, 2011);
INSERT INTO Buys(GID, PID, year) VALUES (1094, 477, 2003);
INSERT INTO Buys(GID, PID, year) VALUES (1423, 344, 2011);
INSERT INTO Buys(GID, PID, year) VALUES (1355, 322, 2001);
INSERT INTO Buys(GID, PID, year) VALUES (1469, 143, 2006);
INSERT INTO Buys(GID, PID, year) VALUES (661, 159, 2004);
INSERT INTO Buys(GID, PID, year) VALUES (890, 513, 2018);
INSERT INTO Buys(GID, PID, year) VALUES (1020, 76, 2018);
INSERT INTO Buys(GID, PID, year) VALUES (1485, 265, 2001);
INSERT INTO Buys(GID, PID, year) VALUES (778, 501, 2006);
INSERT INTO Buys(GID, PID, year) VALUES (1314, 333, 2007);
INSERT INTO Buys(GID, PID, year) VALUES (1099, 444, 2020);
INSERT INTO Buys(GID, PID, year) VALUES (1455, 359, 2000);
INSERT INTO Buys(GID, PID, year) VALUES (804, 461, 2003);
INSERT INTO Buys(GID, PID, year) VALUES (897, 435, 2004);
INSERT INTO Buys(GID, PID, year) VALUES (1373, 510, 2010);
INSERT INTO Buys(GID, PID, year) VALUES (1425, 260, 2010);
INSERT INTO Buys(GID, PID, year) VALUES (1474, 450, 2005);
INSERT INTO Buys(GID, PID, year) VALUES (1397, 441, 2008);
INSERT INTO Buys(GID, PID, year) VALUES (951, 522, 2002);
INSERT INTO Buys(GID, PID, year) VALUES (1439, 449, 2007);
INSERT INTO Buys(GID, PID, year) VALUES (1470, 252, 2001);
INSERT INTO Buys(GID, PID, year) VALUES (1415, 209, 2004);
INSERT INTO Buys(GID, PID, year) VALUES (1187, 357, 2011);
INSERT INTO Buys(GID, PID, year) VALUES (836, 482, 2008);
INSERT INTO Buys(GID, PID, year) VALUES (653, 258, 2011);
INSERT INTO Buys(GID, PID, year) VALUES (973, 405, 2014);
INSERT INTO Buys(GID, PID, year) VALUES (484, 518, 2016);
INSERT INTO Buys(GID, PID, year) VALUES (1315, 382, 2000);
INSERT INTO Buys(GID, PID, year) VALUES (1247, 526, 2009);
INSERT INTO Buys(GID, PID, year) VALUES (915, 471, 2011);
INSERT INTO Buys(GID, PID, year) VALUES (1152, 262, 2012);
INSERT INTO Buys(GID, PID, year) VALUES (1290, 212, 2016);
INSERT INTO Buys(GID, PID, year) VALUES (610, 484, 2003);
INSERT INTO Buys(GID, PID, year) VALUES (1469, 148, 2019);
INSERT INTO Buys(GID, PID, year) VALUES (633, 392, 2012);
INSERT INTO Buys(GID, PID, year) VALUES (1290, 485, 2004);
INSERT INTO Buys(GID, PID, year) VALUES (1205, 535, 2003);
INSERT INTO Buys(GID, PID, year) VALUES (553, 166, 2006);
INSERT INTO Buys(GID, PID, year) VALUES (398, 152, 2013);
INSERT INTO Buys(GID, PID, year) VALUES (1365, 369, 2006);
INSERT INTO Buys(GID, PID, year) VALUES (343, 472, 2015);
INSERT INTO Buys(GID, PID, year) VALUES (681, 543, 2001);
INSERT INTO Buys(GID, PID, year) VALUES (1506, 192, 2019);
INSERT INTO Buys(GID, PID, year) VALUES (405, 507, 2023);
INSERT INTO Buys(GID, PID, year) VALUES (1162, 522, 2014);
INSERT INTO Buys(GID, PID, year) VALUES (943, 219, 2001);
INSERT INTO Buys(GID, PID, year) VALUES (903, 492, 2006);
INSERT INTO Buys(GID, PID, year) VALUES (1014, 414, 2004);
INSERT INTO Buys(GID, PID, year) VALUES (1098, 171, 2003);
INSERT INTO Buys(GID, PID, year) VALUES (1502, 300, 2006);
INSERT INTO Buys(GID, PID, year) VALUES (1304, 509, 2005);
INSERT INTO Buys(GID, PID, year) VALUES (1304, 102, 2002);
INSERT INTO Buys(GID, PID, year) VALUES (1409, 523, 2002);
INSERT INTO Buys(GID, PID, year) VALUES (1300, 538, 2001);
INSERT INTO Buys(GID, PID, year) VALUES (1231, 539, 2007);
INSERT INTO Buys(GID, PID, year) VALUES (1373, 220, 2001);
INSERT INTO Buys(GID, PID, year) VALUES (1215, 150, 2012);
INSERT INTO Buys(GID, PID, year) VALUES (721, 431, 2004);
INSERT INTO Buys(GID, PID, year) VALUES (864, 306, 2012);
INSERT INTO Buys(GID, PID, year) VALUES (1199, 148, 2013);
INSERT INTO Buys(GID, PID, year) VALUES (1077, 438, 2000);
INSERT INTO Buys(GID, PID, year) VALUES (1114, 287, 2003);
INSERT INTO Buys(GID, PID, year) VALUES (1035, 183, 2005);
INSERT INTO Buys(GID, PID, year) VALUES (1012, 528, 2010);
INSERT INTO Buys(GID, PID, year) VALUES (994, 500, 2023);
INSERT INTO Buys(GID, PID, year) VALUES (1166, 319, 2002);
INSERT INTO Buys(GID, PID, year) VALUES (1239, 263, 2007);
INSERT INTO Buys(GID, PID, year) VALUES (832, 377, 2003);
INSERT INTO Buys(GID, PID, year) VALUES (1189, 232, 2019);
INSERT INTO Buys(GID, PID, year) VALUES (1258, 350, 2004);
INSERT INTO Buys(GID, PID, year) VALUES (888, 434, 2014);
INSERT INTO Buys(GID, PID, year) VALUES (1194, 424, 2003);
INSERT INTO Buys(GID, PID, year) VALUES (1297, 311, 2013);
INSERT INTO Buys(GID, PID, year) VALUES (1247, 522, 2004);
INSERT INTO Buys(GID, PID, year) VALUES (1100, 275, 2017);
INSERT INTO Buys(GID, PID, year) VALUES (1412, 277, 2004);
INSERT INTO Buys(GID, PID, year) VALUES (503, 166, 2009);
INSERT INTO Buys(GID, PID, year) VALUES (1161, 413, 2004);
INSERT INTO Buys(GID, PID, year) VALUES (1328, 292, 2011);
INSERT INTO Buys(GID, PID, year) VALUES (656, 312, 2000);
INSERT INTO Buys(GID, PID, year) VALUES (1371, 32, 2010);
INSERT INTO Buys(GID, PID, year) VALUES (996, 235, 2000);
INSERT INTO Buys(GID, PID, year) VALUES (1318, 521, 2004);
INSERT INTO Buys(GID, PID, year) VALUES (1248, 189, 2009);
INSERT INTO Buys(GID, PID, year) VALUES (1464, 478, 2001);
INSERT INTO Buys(GID, PID, year) VALUES (680, 505, 2002);
INSERT INTO Buys(GID, PID, year) VALUES (822, 402, 2001);
INSERT INTO Buys(GID, PID, year) VALUES (1409, 518, 2007);
INSERT INTO Buys(GID, PID, year) VALUES (608, 412, 2011);
INSERT INTO Buys(GID, PID, year) VALUES (1058, 505, 2007);
INSERT INTO Buys(GID, PID, year) VALUES (1062, 501, 2011);
INSERT INTO Buys(GID, PID, year) VALUES (1247, 231, 2003);
INSERT INTO Buys(GID, PID, year) VALUES (1171, 202, 2007);
INSERT INTO Buys(GID, PID, year) VALUES (1283, 498, 2014);
INSERT INTO Buys(GID, PID, year) VALUES (1064, 256, 2016);
INSERT INTO Buys(GID, PID, year) VALUES (905, 202, 2010);
INSERT INTO Buys(GID, PID, year) VALUES (1437, 525, 2005);
INSERT INTO Buys(GID, PID, year) VALUES (1363, 497, 2007);
INSERT INTO Buys(GID, PID, year) VALUES (946, 314, 2004);
INSERT INTO Buys(GID, PID, year) VALUES (767, 424, 2015);
INSERT INTO Buys(GID, PID, year) VALUES (495, 146, 2004);
INSERT INTO Buys(GID, PID, year) VALUES (809, 328, 2010);
INSERT INTO Buys(GID, PID, year) VALUES (985, 164, 2000);
INSERT INTO Buys(GID, PID, year) VALUES (776, 415, 2004);
INSERT INTO Buys(GID, PID, year) VALUES (1052, 474, 2015);
INSERT INTO Buys(GID, PID, year) VALUES (1192, 511, 2007);
INSERT INTO Buys(GID, PID, year) VALUES (1126, 248, 2008);
INSERT INTO Buys(GID, PID, year) VALUES (947, 495, 2012);
INSERT INTO Buys(GID, PID, year) VALUES (1287, 310, 2005);
INSERT INTO Buys(GID, PID, year) VALUES (877, 539, 2001);
INSERT INTO Buys(GID, PID, year) VALUES (966, 200, 2023);
INSERT INTO Buys(GID, PID, year) VALUES (1327, 481, 2011);
INSERT INTO Buys(GID, PID, year) VALUES (1402, 184, 2003);
INSERT INTO Buys(GID, PID, year) VALUES (1010, 120, 2000);
INSERT INTO Buys(GID, PID, year) VALUES (692, 457, 2007);
INSERT INTO Buys(GID, PID, year) VALUES (462, 506, 2017);
INSERT INTO Buys(GID, PID, year) VALUES (828, 336, 2004);
INSERT INTO Buys(GID, PID, year) VALUES (547, 489, 2019);
INSERT INTO Buys(GID, PID, year) VALUES (1020, 125, 2002);
INSERT INTO Buys(GID, PID, year) VALUES (1003, 452, 2016);
INSERT INTO Buys(GID, PID, year) VALUES (1147, 417, 2006);
INSERT INTO Buys(GID, PID, year) VALUES (907, 419, 2011);
INSERT INTO Buys(GID, PID, year) VALUES (1041, 512, 2014);
INSERT INTO Buys(GID, PID, year) VALUES (1093, 424, 2005);
INSERT INTO Buys(GID, PID, year) VALUES (728, 420, 2002);
INSERT INTO Buys(GID, PID, year) VALUES (474, 144, 2000);
INSERT INTO Buys(GID, PID, year) VALUES (1046, 224, 2013);
INSERT INTO Buys(GID, PID, year) VALUES (813, 494, 2010);
INSERT INTO Buys(GID, PID, year) VALUES (884, 509, 2002);
INSERT INTO Buys(GID, PID, year) VALUES (287, 441, 2012);
INSERT INTO Buys(GID, PID, year) VALUES (1193, 479, 2002);
INSERT INTO Buys(GID, PID, year) VALUES (708, 301, 2013);
INSERT INTO Buys(GID, PID, year) VALUES (499, 425, 2004);
INSERT INTO Buys(GID, PID, year) VALUES (1279, 481, 2013);
INSERT INTO Buys(GID, PID, year) VALUES (847, 344, 2008);
INSERT INTO Buys(GID, PID, year) VALUES (936, 261, 2006);
INSERT INTO Buys(GID, PID, year) VALUES (1123, 213, 2021);
INSERT INTO Buys(GID, PID, year) VALUES (932, 335, 2011);
INSERT INTO Buys(GID, PID, year) VALUES (769, 467, 2004);
INSERT INTO Buys(GID, PID, year) VALUES (1446, 404, 2004);
INSERT INTO Buys(GID, PID, year) VALUES (1259, 489, 2011);
INSERT INTO Buys(GID, PID, year) VALUES (116, 437, 2006);
INSERT INTO Buys(GID, PID, year) VALUES (1185, 499, 2004);
INSERT INTO Buys(GID, PID, year) VALUES (954, 391, 2009);
INSERT INTO Buys(GID, PID, year) VALUES (1350, 461, 2004);
INSERT INTO Buys(GID, PID, year) VALUES (273, 212, 2018);
INSERT INTO Buys(GID, PID, year) VALUES (653, 450, 2005);
INSERT INTO Buys(GID, PID, year) VALUES (1136, 455, 2024);
INSERT INTO Buys(GID, PID, year) VALUES (833, 41, 2012);
INSERT INTO Buys(GID, PID, year) VALUES (1396, 440, 2014);
INSERT INTO Buys(GID, PID, year) VALUES (1231, 317, 2001);
INSERT INTO Buys(GID, PID, year) VALUES (843, 439, 2001);
INSERT INTO Buys(GID, PID, year) VALUES (597, 234, 2007);
INSERT INTO Buys(GID, PID, year) VALUES (1239, 495, 2001);
INSERT INTO Buys(GID, PID, year) VALUES (947, 237, 2003);
INSERT INTO Buys(GID, PID, year) VALUES (1115, 507, 2003);
INSERT INTO Buys(GID, PID, year) VALUES (728, 525, 2000);
INSERT INTO Buys(GID, PID, year) VALUES (1456, 403, 2007);
INSERT INTO Buys(GID, PID, year) VALUES (1461, 404, 2002);
INSERT INTO Buys(GID, PID, year) VALUES (1162, 490, 2004);
INSERT INTO Buys(GID, PID, year) VALUES (1458, 542, 2010);
INSERT INTO Buys(GID, PID, year) VALUES (1157, 508, 2005);
INSERT INTO Buys(GID, PID, year) VALUES (1327, 474, 2002);
INSERT INTO Buys(GID, PID, year) VALUES (1172, 278, 2007);
INSERT INTO Buys(GID, PID, year) VALUES (1344, 222, 2001);
INSERT INTO Buys(GID, PID, year) VALUES (1229, 508, 2008);
INSERT INTO Buys(GID, PID, year) VALUES (1165, 425, 2004);
INSERT INTO Buys(GID, PID, year) VALUES (580, 399, 2005);
INSERT INTO Buys(GID, PID, year) VALUES (1262, 98, 2007);
INSERT INTO Buys(GID, PID, year) VALUES (1082, 496, 2016);
INSERT INTO Buys(GID, PID, year) VALUES (1077, 380, 2019);
INSERT INTO Buys(GID, PID, year) VALUES (935, 490, 2005);
INSERT INTO Buys(GID, PID, year) VALUES (572, 365, 2008);
INSERT INTO Buys(GID, PID, year) VALUES (961, 270, 2021);
INSERT INTO Buys(GID, PID, year) VALUES (1142, 460, 2002);
INSERT INTO Buys(GID, PID, year) VALUES (1007, 415, 2007);
INSERT INTO Buys(GID, PID, year) VALUES (365, 542, 2018);
INSERT INTO Buys(GID, PID, year) VALUES (1165, 435, 2013);
INSERT INTO Buys(GID, PID, year) VALUES (1197, 255, 2000);
INSERT INTO Buys(GID, PID, year) VALUES (1025, 467, 2008);
INSERT INTO Buys(GID, PID, year) VALUES (1471, 501, 2000);
INSERT INTO Buys(GID, PID, year) VALUES (1320, 515, 2010);
INSERT INTO Buys(GID, PID, year) VALUES (705, 398, 2007);
INSERT INTO Buys(GID, PID, year) VALUES (1029, 530, 2001);
INSERT INTO Buys(GID, PID, year) VALUES (646, 535, 2008);
INSERT INTO Buys(GID, PID, year) VALUES (1320, 480, 2001);
INSERT INTO Buys(GID, PID, year) VALUES (1316, 276, 2000);
INSERT INTO Buys(GID, PID, year) VALUES (956, 313, 2006);
INSERT INTO Buys(GID, PID, year) VALUES (1189, 405, 2014);
INSERT INTO Buys(GID, PID, year) VALUES (904, 376, 2004);
INSERT INTO Buys(GID, PID, year) VALUES (692, 520, 2005);
INSERT INTO Buys(GID, PID, year) VALUES (499, 506, 2009);
INSERT INTO Buys(GID, PID, year) VALUES (1212, 242, 2005);
INSERT INTO Buys(GID, PID, year) VALUES (1164, 447, 2018);
INSERT INTO Buys(GID, PID, year) VALUES (1132, 407, 2012);
INSERT INTO Buys(GID, PID, year) VALUES (884, 74, 2022);
INSERT INTO Buys(GID, PID, year) VALUES (1169, 522, 2003);
INSERT INTO Buys(GID, PID, year) VALUES (1456, 512, 2014);
INSERT INTO Buys(GID, PID, year) VALUES (1053, 364, 2002);
INSERT INTO Buys(GID, PID, year) VALUES (1481, 434, 2015);
INSERT INTO Buys(GID, PID, year) VALUES (1416, 294, 2009);
INSERT INTO Buys(GID, PID, year) VALUES (1303, 515, 2007);
INSERT INTO Buys(GID, PID, year) VALUES (1467, 284, 2016);
INSERT INTO Buys(GID, PID, year) VALUES (1190, 506, 2003);
INSERT INTO Buys(GID, PID, year) VALUES (646, 523, 2011);
INSERT INTO Buys(GID, PID, year) VALUES (679, 222, 2005);
INSERT INTO Buys(GID, PID, year) VALUES (536, 228, 2013);
INSERT INTO Buys(GID, PID, year) VALUES (177, 529, 2014);
INSERT INTO Buys(GID, PID, year) VALUES (1024, 188, 2004);
INSERT INTO Buys(GID, PID, year) VALUES (478, 520, 2005);
INSERT INTO Buys(GID, PID, year) VALUES (946, 144, 2007);
INSERT INTO Buys(GID, PID, year) VALUES (816, 359, 2012);
INSERT INTO Buys(GID, PID, year) VALUES (1134, 519, 2014);
INSERT INTO Buys(GID, PID, year) VALUES (990, 101, 2002);
INSERT INTO Buys(GID, PID, year) VALUES (900, 472, 2000);
INSERT INTO Buys(GID, PID, year) VALUES (1091, 102, 2013);
INSERT INTO Buys(GID, PID, year) VALUES (1261, 442, 2010);
INSERT INTO Buys(GID, PID, year) VALUES (1212, 513, 2010);
INSERT INTO Buys(GID, PID, year) VALUES (1320, 121, 2002);
INSERT INTO Buys(GID, PID, year) VALUES (1245, 454, 2001);
INSERT INTO Buys(GID, PID, year) VALUES (1308, 304, 2011);
INSERT INTO Buys(GID, PID, year) VALUES (655, 489, 2005);
INSERT INTO Buys(GID, PID, year) VALUES (480, 125, 2015);
INSERT INTO Buys(GID, PID, year) VALUES (556, 268, 2005);
INSERT INTO Buys(GID, PID, year) VALUES (1422, 131, 2000);
INSERT INTO Buys(GID, PID, year) VALUES (1450, 128, 2007);
INSERT INTO Buys(GID, PID, year) VALUES (1155, 275, 2014);
INSERT INTO Buys(GID, PID, year) VALUES (1040, 415, 2002);
INSERT INTO Buys(GID, PID, year) VALUES (1094, 523, 2005);
INSERT INTO Buys(GID, PID, year) VALUES (715, 464, 2012);
INSERT INTO Buys(GID, PID, year) VALUES (1106, 433, 2021);
INSERT INTO Buys(GID, PID, year) VALUES (889, 525, 2013);
INSERT INTO Buys(GID, PID, year) VALUES (954, 393, 2011);
INSERT INTO Buys(GID, PID, year) VALUES (1211, 448, 2008);
INSERT INTO Buys(GID, PID, year) VALUES (1264, 282, 2010);
INSERT INTO Buys(GID, PID, year) VALUES (1313, 251, 2012);
INSERT INTO Buys(GID, PID, year) VALUES (191, 449, 2002);
INSERT INTO Buys(GID, PID, year) VALUES (1168, 502, 2010);
INSERT INTO Buys(GID, PID, year) VALUES (1094, 444, 2001);
INSERT INTO Buys(GID, PID, year) VALUES (763, 272, 2018);
INSERT INTO Buys(GID, PID, year) VALUES (1422, 390, 2005);
INSERT INTO Buys(GID, PID, year) VALUES (1366, 396, 2000);
INSERT INTO Buys(GID, PID, year) VALUES (884, 466, 2010);
INSERT INTO Buys(GID, PID, year) VALUES (232, 114, 2023);
INSERT INTO Buys(GID, PID, year) VALUES (816, 379, 2003);
INSERT INTO Buys(GID, PID, year) VALUES (1074, 492, 2007);
INSERT INTO Buys(GID, PID, year) VALUES (659, 152, 2007);
INSERT INTO Buys(GID, PID, year) VALUES (314, 522, 2017);
INSERT INTO Buys(GID, PID, year) VALUES (1271, 269, 2005);
INSERT INTO Buys(GID, PID, year) VALUES (1478, 165, 2001);
INSERT INTO Buys(GID, PID, year) VALUES (1040, 221, 2003);
INSERT INTO Buys(GID, PID, year) VALUES (125, 479, 2005);
INSERT INTO Buys(GID, PID, year) VALUES (1300, 466, 2000);
INSERT INTO Buys(GID, PID, year) VALUES (1338, 168, 2000);
INSERT INTO Buys(GID, PID, year) VALUES (790, 173, 2012);
INSERT INTO Buys(GID, PID, year) VALUES (464, 489, 2003);
INSERT INTO Buys(GID, PID, year) VALUES (627, 286, 2000);
INSERT INTO Buys(GID, PID, year) VALUES (468, 474, 2000);
INSERT INTO Buys(GID, PID, year) VALUES (881, 500, 2004);
INSERT INTO Buys(GID, PID, year) VALUES (993, 367, 2004);
INSERT INTO Buys(GID, PID, year) VALUES (1168, 309, 2015);
INSERT INTO Buys(GID, PID, year) VALUES (927, 155, 2015);
INSERT INTO Buys(GID, PID, year) VALUES (510, 441, 2001);
INSERT INTO Buys(GID, PID, year) VALUES (692, 415, 2004);
INSERT INTO Buys(GID, PID, year) VALUES (842, 395, 2000);
INSERT INTO Buys(GID, PID, year) VALUES (526, 476, 2020);
INSERT INTO Buys(GID, PID, year) VALUES (952, 390, 2013);
INSERT INTO Buys(GID, PID, year) VALUES (603, 365, 2011);
INSERT INTO Buys(GID, PID, year) VALUES (111, 358, 2004);
INSERT INTO Buys(GID, PID, year) VALUES (1024, 193, 2017);
INSERT INTO Buys(GID, PID, year) VALUES (1336, 480, 2004);
INSERT INTO Buys(GID, PID, year) VALUES (1404, 519, 2018);
INSERT INTO Buys(GID, PID, year) VALUES (1094, 118, 2014);
INSERT INTO Buys(GID, PID, year) VALUES (499, 524, 2009);
INSERT INTO Buys(GID, PID, year) VALUES (1204, 420, 2004);
INSERT INTO Buys(GID, PID, year) VALUES (961, 399, 2002);
INSERT INTO Buys(GID, PID, year) VALUES (1447, 413, 2013);
INSERT INTO Buys(GID, PID, year) VALUES (922, 483, 2009);
INSERT INTO Buys(GID, PID, year) VALUES (1355, 169, 2009);
INSERT INTO Buys(GID, PID, year) VALUES (1457, 470, 2001);
INSERT INTO Buys(GID, PID, year) VALUES (1274, 496, 2005);
INSERT INTO Buys(GID, PID, year) VALUES (1191, 390, 2007);
INSERT INTO Buys(GID, PID, year) VALUES (1236, 413, 2020);
INSERT INTO Buys(GID, PID, year) VALUES (1167, 472, 2015);
INSERT INTO Buys(GID, PID, year) VALUES (667, 206, 2002);
INSERT INTO Buys(GID, PID, year) VALUES (1293, 499, 2014);
INSERT INTO Buys(GID, PID, year) VALUES (843, 444, 2016);
INSERT INTO Buys(GID, PID, year) VALUES (482, 512, 2007);
INSERT INTO Buys(GID, PID, year) VALUES (673, 282, 2011);
INSERT INTO Buys(GID, PID, year) VALUES (1467, 441, 2013);
INSERT INTO Buys(GID, PID, year) VALUES (1330, 387, 2000);
INSERT INTO Buys(GID, PID, year) VALUES (818, 205, 2006);
INSERT INTO Buys(GID, PID, year) VALUES (1409, 436, 2012);
INSERT INTO Buys(GID, PID, year) VALUES (1196, 446, 2002);
INSERT INTO Buys(GID, PID, year) VALUES (1326, 490, 2020);
INSERT INTO Buys(GID, PID, year) VALUES (1185, 417, 2003);
INSERT INTO Buys(GID, PID, year) VALUES (804, 478, 2018);
INSERT INTO Buys(GID, PID, year) VALUES (626, 510, 2014);
INSERT INTO Buys(GID, PID, year) VALUES (1003, 326, 2009);
INSERT INTO Buys(GID, PID, year) VALUES (478, 437, 2010);
INSERT INTO Buys(GID, PID, year) VALUES (1175, 507, 2016);
INSERT INTO Buys(GID, PID, year) VALUES (1305, 488, 2009);
INSERT INTO Buys(GID, PID, year) VALUES (946, 329, 2011);
INSERT INTO Buys(GID, PID, year) VALUES (393, 421, 2001);
INSERT INTO Buys(GID, PID, year) VALUES (1415, 357, 2004);
INSERT INTO Buys(GID, PID, year) VALUES (1035, 369, 2011);
INSERT INTO Buys(GID, PID, year) VALUES (748, 257, 2006);
INSERT INTO Buys(GID, PID, year) VALUES (535, 298, 2003);
INSERT INTO Buys(GID, PID, year) VALUES (1051, 376, 2014);
INSERT INTO Buys(GID, PID, year) VALUES (550, 504, 2011);
INSERT INTO Buys(GID, PID, year) VALUES (80, 233, 2001);
INSERT INTO Buys(GID, PID, year) VALUES (1356, 292, 2004);
INSERT INTO Buys(GID, PID, year) VALUES (631, 451, 2019);
INSERT INTO Buys(GID, PID, year) VALUES (1327, 532, 2016);
INSERT INTO Buys(GID, PID, year) VALUES (686, 504, 2000);
INSERT INTO Buys(GID, PID, year) VALUES (1232, 398, 2007);
INSERT INTO Buys(GID, PID, year) VALUES (1424, 495, 2003);
INSERT INTO Buys(GID, PID, year) VALUES (663, 346, 2002);
INSERT INTO Buys(GID, PID, year) VALUES (1237, 213, 2010);
INSERT INTO Buys(GID, PID, year) VALUES (1100, 320, 2008);
INSERT INTO Buys(GID, PID, year) VALUES (1276, 435, 2008);
INSERT INTO Buys(GID, PID, year) VALUES (115, 400, 2012);
INSERT INTO Buys(GID, PID, year) VALUES (1255, 238, 2008);
INSERT INTO Buys(GID, PID, year) VALUES (1218, 264, 2013);
INSERT INTO Buys(GID, PID, year) VALUES (1081, 321, 2008);
INSERT INTO Buys(GID, PID, year) VALUES (338, 318, 2017);
INSERT INTO Buys(GID, PID, year) VALUES (1413, 489, 2000);
INSERT INTO Buys(GID, PID, year) VALUES (804, 392, 2014);
INSERT INTO Buys(GID, PID, year) VALUES (999, 326, 2001);
INSERT INTO Buys(GID, PID, year) VALUES (1337, 449, 2009);
INSERT INTO Buys(GID, PID, year) VALUES (984, 203, 2016);
INSERT INTO Buys(GID, PID, year) VALUES (1483, 421, 2016);
INSERT INTO Buys(GID, PID, year) VALUES (601, 507, 2002);
INSERT INTO Buys(GID, PID, year) VALUES (948, 304, 2008);
INSERT INTO Buys(GID, PID, year) VALUES (1301, 396, 2000);
INSERT INTO Buys(GID, PID, year) VALUES (448, 532, 2021);
INSERT INTO Buys(GID, PID, year) VALUES (1428, 125, 2001);
INSERT INTO Buys(GID, PID, year) VALUES (976, 108, 2014);
INSERT INTO Buys(GID, PID, year) VALUES (1330, 255, 2005);
INSERT INTO Buys(GID, PID, year) VALUES (1024, 147, 2009);
INSERT INTO Buys(GID, PID, year) VALUES (1169, 368, 2002);
INSERT INTO Buys(GID, PID, year) VALUES (678, 408, 2002);
INSERT INTO Buys(GID, PID, year) VALUES (402, 446, 2000);
INSERT INTO Buys(GID, PID, year) VALUES (935, 374, 2010);
INSERT INTO Buys(GID, PID, year) VALUES (1443, 524, 2016);
INSERT INTO Buys(GID, PID, year) VALUES (1411, 516, 2014);
INSERT INTO Buys(GID, PID, year) VALUES (1453, 522, 2017);
INSERT INTO Buys(GID, PID, year) VALUES (1483, 492, 2007);
INSERT INTO Buys(GID, PID, year) VALUES (654, 37, 2011);
INSERT INTO Buys(GID, PID, year) VALUES (771, 430, 2003);
INSERT INTO Buys(GID, PID, year) VALUES (1281, 103, 2010);
INSERT INTO Buys(GID, PID, year) VALUES (805, 508, 2006);
INSERT INTO Buys(GID, PID, year) VALUES (1475, 447, 2005);
INSERT INTO Buys(GID, PID, year) VALUES (992, 434, 2022);
INSERT INTO Buys(GID, PID, year) VALUES (909, 542, 2000);
INSERT INTO Buys(GID, PID, year) VALUES (775, 171, 2002);
INSERT INTO Buys(GID, PID, year) VALUES (650, 293, 2003);
INSERT INTO Buys(GID, PID, year) VALUES (125, 335, 2004);
INSERT INTO Buys(GID, PID, year) VALUES (162, 513, 2001);
INSERT INTO Buys(GID, PID, year) VALUES (1205, 228, 2015);
INSERT INTO Buys(GID, PID, year) VALUES (1239, 523, 2001);
INSERT INTO Buys(GID, PID, year) VALUES (1116, 285, 2015);
INSERT INTO Buys(GID, PID, year) VALUES (712, 495, 2016);
INSERT INTO Buys(GID, PID, year) VALUES (1399, 366, 2006);
INSERT INTO Buys(GID, PID, year) VALUES (1395, 369, 2001);
INSERT INTO Buys(GID, PID, year) VALUES (1474, 338, 2014);
INSERT INTO Buys(GID, PID, year) VALUES (749, 235, 2009);
INSERT INTO Buys(GID, PID, year) VALUES (1194, 521, 2009);
INSERT INTO Buys(GID, PID, year) VALUES (1084, 426, 2009);
INSERT INTO Buys(GID, PID, year) VALUES (1256, 385, 2021);
INSERT INTO Buys(GID, PID, year) VALUES (1186, 438, 2004);
INSERT INTO Buys(GID, PID, year) VALUES (1426, 392, 2012);
INSERT INTO Buys(GID, PID, year) VALUES (1283, 447, 2007);
INSERT INTO Buys(GID, PID, year) VALUES (633, 482, 2010);
INSERT INTO Buys(GID, PID, year) VALUES (1204, 314, 2014);
INSERT INTO Buys(GID, PID, year) VALUES (236, 268, 2015);
INSERT INTO Buys(GID, PID, year) VALUES (694, 351, 2009);
INSERT INTO Buys(GID, PID, year) VALUES (543, 479, 2022);
INSERT INTO Buys(GID, PID, year) VALUES (1301, 207, 2006);
INSERT INTO Buys(GID, PID, year) VALUES (749, 393, 2013);
INSERT INTO Buys(GID, PID, year) VALUES (1428, 400, 2002);
INSERT INTO Buys(GID, PID, year) VALUES (974, 263, 2003);
INSERT INTO Buys(GID, PID, year) VALUES (458, 375, 2007);
INSERT INTO Buys(GID, PID, year) VALUES (1415, 527, 2004);
INSERT INTO Buys(GID, PID, year) VALUES (698, 280, 2011);
INSERT INTO Buys(GID, PID, year) VALUES (1020, 364, 2011);
INSERT INTO Buys(GID, PID, year) VALUES (1411, 416, 2007);
INSERT INTO Buys(GID, PID, year) VALUES (1219, 536, 2004);
INSERT INTO Buys(GID, PID, year) VALUES (1347, 539, 2009);
INSERT INTO Buys(GID, PID, year) VALUES (856, 390, 2005);
INSERT INTO Buys(GID, PID, year) VALUES (1401, 468, 2006);
INSERT INTO Buys(GID, PID, year) VALUES (475, 415, 2000);
INSERT INTO Buys(GID, PID, year) VALUES (1144, 309, 2019);
INSERT INTO Buys(GID, PID, year) VALUES (1085, 482, 2000);
INSERT INTO Buys(GID, PID, year) VALUES (1335, 355, 2015);
INSERT INTO Buys(GID, PID, year) VALUES (727, 456, 2005);
INSERT INTO Buys(GID, PID, year) VALUES (1364, 48, 2007);
INSERT INTO Buys(GID, PID, year) VALUES (1341, 393, 2016);
INSERT INTO Buys(GID, PID, year) VALUES (1328, 222, 2000);
INSERT INTO Buys(GID, PID, year) VALUES (814, 405, 2012);
INSERT INTO Buys(GID, PID, year) VALUES (268, 239, 2016);
INSERT INTO Buys(GID, PID, year) VALUES (1183, 463, 2013);
INSERT INTO Buys(GID, PID, year) VALUES (1461, 447, 2002);
INSERT INTO Buys(GID, PID, year) VALUES (1285, 462, 2011);
INSERT INTO Buys(GID, PID, year) VALUES (592, 437, 2017);
INSERT INTO Buys(GID, PID, year) VALUES (1398, 481, 2010);
INSERT INTO Buys(GID, PID, year) VALUES (1404, 336, 2015);
INSERT INTO Buys(GID, PID, year) VALUES (941, 502, 2000);
INSERT INTO Buys(GID, PID, year) VALUES (1125, 538, 2003);
INSERT INTO Buys(GID, PID, year) VALUES (509, 518, 2024);
INSERT INTO Buys(GID, PID, year) VALUES (836, 214, 2020);
INSERT INTO Buys(GID, PID, year) VALUES (282, 281, 2004);
INSERT INTO Buys(GID, PID, year) VALUES (1273, 376, 2005);
INSERT INTO Buys(GID, PID, year) VALUES (994, 281, 2010);
INSERT INTO Buys(GID, PID, year) VALUES (427, 411, 2007);
INSERT INTO Buys(GID, PID, year) VALUES (1402, 443, 2010);
INSERT INTO Buys(GID, PID, year) VALUES (748, 540, 2013);
INSERT INTO Buys(GID, PID, year) VALUES (479, 194, 2005);
INSERT INTO Buys(GID, PID, year) VALUES (433, 133, 2015);
INSERT INTO Buys(GID, PID, year) VALUES (1500, 477, 2012);
INSERT INTO Buys(GID, PID, year) VALUES (573, 477, 2006);
INSERT INTO Buys(GID, PID, year) VALUES (967, 486, 2005);
INSERT INTO Buys(GID, PID, year) VALUES (1422, 364, 2011);
INSERT INTO Buys(GID, PID, year) VALUES (598, 102, 2003);
INSERT INTO Buys(GID, PID, year) VALUES (1289, 321, 2002);
INSERT INTO Buys(GID, PID, year) VALUES (946, 491, 2004);
INSERT INTO Buys(GID, PID, year) VALUES (929, 207, 2000);
INSERT INTO Buys(GID, PID, year) VALUES (1074, 317, 2019);
INSERT INTO Buys(GID, PID, year) VALUES (1136, 523, 2016);
INSERT INTO Buys(GID, PID, year) VALUES (875, 141, 2016);
INSERT INTO Buys(GID, PID, year) VALUES (491, 309, 2012);
INSERT INTO Buys(GID, PID, year) VALUES (1436, 512, 2004);
INSERT INTO Buys(GID, PID, year) VALUES (898, 379, 2006);
INSERT INTO Buys(GID, PID, year) VALUES (942, 486, 2003);
INSERT INTO Buys(GID, PID, year) VALUES (1297, 402, 2008);
INSERT INTO Buys(GID, PID, year) VALUES (1126, 333, 2002);
INSERT INTO Buys(GID, PID, year) VALUES (1264, 141, 2013);
INSERT INTO Buys(GID, PID, year) VALUES (315, 43, 2003);
INSERT INTO Buys(GID, PID, year) VALUES (1484, 117, 2011);
INSERT INTO Buys(GID, PID, year) VALUES (289, 223, 2005);
INSERT INTO Buys(GID, PID, year) VALUES (905, 288, 2003);
INSERT INTO Buys(GID, PID, year) VALUES (752, 399, 2004);
INSERT INTO Buys(GID, PID, year) VALUES (1294, 247, 2023);
INSERT INTO Buys(GID, PID, year) VALUES (1105, 475, 2009);
INSERT INTO Buys(GID, PID, year) VALUES (438, 377, 2015);
INSERT INTO Buys(GID, PID, year) VALUES (1022, 524, 2004);
INSERT INTO Buys(GID, PID, year) VALUES (1094, 476, 2009);
INSERT INTO Buys(GID, PID, year) VALUES (1101, 541, 2008);
INSERT INTO Buys(GID, PID, year) VALUES (1148, 460, 2009);
INSERT INTO Buys(GID, PID, year) VALUES (1305, 64, 2008);
INSERT INTO Buys(GID, PID, year) VALUES (262, 437, 2002);
INSERT INTO Buys(GID, PID, year) VALUES (1136, 338, 2019);
INSERT INTO Buys(GID, PID, year) VALUES (1327, 100, 2002);
INSERT INTO Buys(GID, PID, year) VALUES (1107, 103, 2010);
INSERT INTO Buys(GID, PID, year) VALUES (217, 356, 2008);
INSERT INTO Buys(GID, PID, year) VALUES (1468, 408, 2001);
INSERT INTO Buys(GID, PID, year) VALUES (1277, 274, 2009);
INSERT INTO Buys(GID, PID, year) VALUES (1267, 438, 2000);
INSERT INTO Buys(GID, PID, year) VALUES (982, 162, 2007);
INSERT INTO Buys(GID, PID, year) VALUES (999, 383, 2012);
INSERT INTO Buys(GID, PID, year) VALUES (443, 528, 2011);
INSERT INTO Buys(GID, PID, year) VALUES (1038, 470, 2001);
INSERT INTO Buys(GID, PID, year) VALUES (1075, 487, 2005);
INSERT INTO Buys(GID, PID, year) VALUES (1113, 420, 2014);
INSERT INTO Buys(GID, PID, year) VALUES (1488, 523, 2013);
INSERT INTO Buys(GID, PID, year) VALUES (1105, 317, 2015);
INSERT INTO Buys(GID, PID, year) VALUES (1342, 251, 2001);
INSERT INTO Buys(GID, PID, year) VALUES (1003, 425, 2006);
INSERT INTO Buys(GID, PID, year) VALUES (1100, 402, 2000);
INSERT INTO Buys(GID, PID, year) VALUES (261, 132, 2008);
INSERT INTO Buys(GID, PID, year) VALUES (1487, 308, 2006);
INSERT INTO Buys(GID, PID, year) VALUES (1281, 426, 2000);
INSERT INTO Buys(GID, PID, year) VALUES (1094, 374, 2007);
INSERT INTO Buys(GID, PID, year) VALUES (530, 179, 2019);
INSERT INTO Buys(GID, PID, year) VALUES (338, 289, 2021);
INSERT INTO Buys(GID, PID, year) VALUES (942, 376, 2006);
INSERT INTO Buys(GID, PID, year) VALUES (1171, 429, 2010);
INSERT INTO Buys(GID, PID, year) VALUES (701, 379, 2002);
INSERT INTO Buys(GID, PID, year) VALUES (1316, 126, 2010);
INSERT INTO Buys(GID, PID, year) VALUES (1367, 118, 2010);
INSERT INTO Buys(GID, PID, year) VALUES (570, 376, 2010);
INSERT INTO Buys(GID, PID, year) VALUES (1311, 543, 2019);
INSERT INTO Buys(GID, PID, year) VALUES (723, 541, 2005);
INSERT INTO Buys(GID, PID, year) VALUES (878, 382, 2004);
INSERT INTO Buys(GID, PID, year) VALUES (1190, 399, 2003);
INSERT INTO Buys(GID, PID, year) VALUES (482, 407, 2015);
INSERT INTO Buys(GID, PID, year) VALUES (1285, 188, 2003);
INSERT INTO Buys(GID, PID, year) VALUES (693, 373, 2000);
INSERT INTO Buys(GID, PID, year) VALUES (777, 279, 2003);
INSERT INTO Buys(GID, PID, year) VALUES (844, 418, 2006);
INSERT INTO Buys(GID, PID, year) VALUES (1343, 529, 2004);
INSERT INTO Buys(GID, PID, year) VALUES (1342, 285, 2008);
INSERT INTO Buys(GID, PID, year) VALUES (1336, 311, 2004);
INSERT INTO Buys(GID, PID, year) VALUES (796, 517, 2021);
INSERT INTO Buys(GID, PID, year) VALUES (1365, 424, 2005);
INSERT INTO Buys(GID, PID, year) VALUES (930, 327, 2003);
INSERT INTO Buys(GID, PID, year) VALUES (1066, 386, 2007);
INSERT INTO Buys(GID, PID, year) VALUES (1485, 273, 2004);
INSERT INTO Buys(GID, PID, year) VALUES (731, 252, 2000);
INSERT INTO Buys(GID, PID, year) VALUES (1370, 527, 2012);
INSERT INTO Buys(GID, PID, year) VALUES (1325, 380, 2019);
INSERT INTO Buys(GID, PID, year) VALUES (333, 230, 2002);
INSERT INTO Buys(GID, PID, year) VALUES (925, 430, 2005);
INSERT INTO Buys(GID, PID, year) VALUES (802, 299, 2001);
INSERT INTO Buys(GID, PID, year) VALUES (1424, 306, 2003);
INSERT INTO Buys(GID, PID, year) VALUES (760, 532, 2016);
INSERT INTO Buys(GID, PID, year) VALUES (1314, 454, 2005);
INSERT INTO Buys(GID, PID, year) VALUES (163, 220, 2005);
INSERT INTO Buys(GID, PID, year) VALUES (718, 499, 2002);
INSERT INTO Buys(GID, PID, year) VALUES (617, 483, 2004);
INSERT INTO Buys(GID, PID, year) VALUES (1221, 117, 2008);
INSERT INTO Buys(GID, PID, year) VALUES (1378, 171, 2007);
INSERT INTO Buys(GID, PID, year) VALUES (1023, 528, 2002);
INSERT INTO Buys(GID, PID, year) VALUES (1317, 412, 2016);
INSERT INTO Buys(GID, PID, year) VALUES (428, 378, 2021);
INSERT INTO Buys(GID, PID, year) VALUES (291, 250, 2012);
INSERT INTO Buys(GID, PID, year) VALUES (1292, 308, 2020);
INSERT INTO Buys(GID, PID, year) VALUES (1430, 524, 2019);
INSERT INTO Buys(GID, PID, year) VALUES (1300, 389, 2012);
INSERT INTO Buys(GID, PID, year) VALUES (1100, 310, 2008);
INSERT INTO Buys(GID, PID, year) VALUES (1147, 535, 2017);
INSERT INTO Buys(GID, PID, year) VALUES (1242, 336, 2000);
INSERT INTO Buys(GID, PID, year) VALUES (1189, 499, 2009);
INSERT INTO Buys(GID, PID, year) VALUES (668, 449, 2015);
INSERT INTO Buys(GID, PID, year) VALUES (1243, 488, 2012);
INSERT INTO Buys(GID, PID, year) VALUES (1424, 492, 2012);
INSERT INTO Buys(GID, PID, year) VALUES (698, 163, 2023);
INSERT INTO Buys(GID, PID, year) VALUES (576, 187, 2001);
INSERT INTO Buys(GID, PID, year) VALUES (1222, 217, 2004);
INSERT INTO Buys(GID, PID, year) VALUES (1496, 355, 2014);
INSERT INTO Buys(GID, PID, year) VALUES (1471, 505, 2003);
INSERT INTO Buys(GID, PID, year) VALUES (871, 531, 2008);
INSERT INTO Buys(GID, PID, year) VALUES (636, 510, 2018);
INSERT INTO Buys(GID, PID, year) VALUES (1400, 281, 2012);
INSERT INTO Buys(GID, PID, year) VALUES (1232, 351, 2000);
INSERT INTO Buys(GID, PID, year) VALUES (1055, 437, 2002);
INSERT INTO Buys(GID, PID, year) VALUES (1148, 520, 2019);
INSERT INTO Buys(GID, PID, year) VALUES (1261, 521, 2014);
INSERT INTO Buys(GID, PID, year) VALUES (1398, 493, 2001);
INSERT INTO Buys(GID, PID, year) VALUES (808, 373, 2002);
INSERT INTO Buys(GID, PID, year) VALUES (584, 438, 2002);
INSERT INTO Buys(GID, PID, year) VALUES (487, 348, 2016);
INSERT INTO Buys(GID, PID, year) VALUES (1496, 500, 2011);
INSERT INTO Buys(GID, PID, year) VALUES (757, 518, 2015);
INSERT INTO Buys(GID, PID, year) VALUES (1234, 220, 2002);
INSERT INTO Buys(GID, PID, year) VALUES (850, 173, 2010);
INSERT INTO Buys(GID, PID, year) VALUES (730, 524, 2001);
INSERT INTO Buys(GID, PID, year) VALUES (591, 537, 2005);
INSERT INTO Buys(GID, PID, year) VALUES (1490, 221, 2008);
INSERT INTO Buys(GID, PID, year) VALUES (1008, 64, 2003);
INSERT INTO Buys(GID, PID, year) VALUES (470, 500, 2001);
INSERT INTO Buys(GID, PID, year) VALUES (1074, 431, 2000);
INSERT INTO Buys(GID, PID, year) VALUES (899, 470, 2000);
INSERT INTO Buys(GID, PID, year) VALUES (774, 115, 2012);
INSERT INTO Buys(GID, PID, year) VALUES (986, 245, 2001);
INSERT INTO Buys(GID, PID, year) VALUES (1097, 95, 2013);
INSERT INTO Buys(GID, PID, year) VALUES (1023, 320, 2008);
INSERT INTO Buys(GID, PID, year) VALUES (995, 268, 2005);
INSERT INTO Buys(GID, PID, year) VALUES (1170, 498, 2005);
INSERT INTO Buys(GID, PID, year) VALUES (1183, 295, 2020);
INSERT INTO Buys(GID, PID, year) VALUES (1025, 105, 2015);
INSERT INTO Buys(GID, PID, year) VALUES (458, 524, 2004);
INSERT INTO Buys(GID, PID, year) VALUES (1382, 523, 2000);
INSERT INTO Buys(GID, PID, year) VALUES (1419, 518, 2012);
INSERT INTO Buys(GID, PID, year) VALUES (451, 206, 2004);
INSERT INTO Buys(GID, PID, year) VALUES (522, 120, 2013);
INSERT INTO Buys(GID, PID, year) VALUES (1031, 283, 2004);
INSERT INTO Buys(GID, PID, year) VALUES (1271, 464, 2016);
INSERT INTO Buys(GID, PID, year) VALUES (1119, 317, 2003);
INSERT INTO Buys(GID, PID, year) VALUES (1387, 523, 2010);
INSERT INTO Buys(GID, PID, year) VALUES (1418, 533, 2002);
INSERT INTO Buys(GID, PID, year) VALUES (1361, 167, 2001);
INSERT INTO Buys(GID, PID, year) VALUES (1299, 466, 2003);
INSERT INTO Buys(GID, PID, year) VALUES (1218, 465, 2005);
INSERT INTO Buys(GID, PID, year) VALUES (1346, 541, 2004);
INSERT INTO Buys(GID, PID, year) VALUES (1386, 447, 2002);
INSERT INTO Buys(GID, PID, year) VALUES (515, 514, 2011);
INSERT INTO Buys(GID, PID, year) VALUES (1386, 411, 2023);
INSERT INTO Buys(GID, PID, year) VALUES (649, 450, 2006);
INSERT INTO Buys(GID, PID, year) VALUES (506, 345, 2009);
INSERT INTO Buys(GID, PID, year) VALUES (414, 466, 2011);
INSERT INTO Buys(GID, PID, year) VALUES (623, 396, 2017);
INSERT INTO Buys(GID, PID, year) VALUES (1435, 351, 2002);
INSERT INTO Buys(GID, PID, year) VALUES (1203, 206, 2007);
INSERT INTO Buys(GID, PID, year) VALUES (1194, 473, 2011);
INSERT INTO Buys(GID, PID, year) VALUES (832, 369, 2015);
INSERT INTO Buys(GID, PID, year) VALUES (674, 290, 2012);
INSERT INTO Buys(GID, PID, year) VALUES (1325, 413, 2017);
INSERT INTO Buys(GID, PID, year) VALUES (1023, 414, 2011);
INSERT INTO Buys(GID, PID, year) VALUES (1401, 198, 2009);
INSERT INTO Buys(GID, PID, year) VALUES (1167, 397, 2007);
INSERT INTO Buys(GID, PID, year) VALUES (542, 492, 2004);
INSERT INTO Buys(GID, PID, year) VALUES (1114, 521, 2006);
INSERT INTO Buys(GID, PID, year) VALUES (1253, 474, 2014);
INSERT INTO Buys(GID, PID, year) VALUES (1010, 276, 2002);
INSERT INTO Buys(GID, PID, year) VALUES (1439, 403, 2016);
INSERT INTO Buys(GID, PID, year) VALUES (667, 451, 2010);
INSERT INTO Buys(GID, PID, year) VALUES (1325, 528, 2017);
INSERT INTO Buys(GID, PID, year) VALUES (894, 114, 2006);
INSERT INTO Buys(GID, PID, year) VALUES (1050, 312, 2008);
INSERT INTO Buys(GID, PID, year) VALUES (205, 464, 2021);
INSERT INTO Buys(GID, PID, year) VALUES (1379, 245, 2015);
INSERT INTO Buys(GID, PID, year) VALUES (1311, 501, 2004);
INSERT INTO Buys(GID, PID, year) VALUES (1085, 344, 2009);
INSERT INTO Buys(GID, PID, year) VALUES (1328, 417, 2002);
INSERT INTO Buys(GID, PID, year) VALUES (862, 346, 2003);
INSERT INTO Buys(GID, PID, year) VALUES (187, 394, 2000);
INSERT INTO Buys(GID, PID, year) VALUES (1476, 500, 2003);
INSERT INTO Buys(GID, PID, year) VALUES (88, 527, 2018);
INSERT INTO Buys(GID, PID, year) VALUES (871, 382, 2006);
INSERT INTO Buys(GID, PID, year) VALUES (379, 519, 2006);
INSERT INTO Buys(GID, PID, year) VALUES (780, 524, 2009);
INSERT INTO Buys(GID, PID, year) VALUES (516, 151, 2014);
INSERT INTO Buys(GID, PID, year) VALUES (1085, 477, 2004);
INSERT INTO Buys(GID, PID, year) VALUES (496, 214, 2008);
INSERT INTO Buys(GID, PID, year) VALUES (1081, 540, 2002);
INSERT INTO Buys(GID, PID, year) VALUES (306, 465, 2002);
INSERT INTO Buys(GID, PID, year) VALUES (1421, 445, 2003);
INSERT INTO Buys(GID, PID, year) VALUES (1373, 337, 2003);
INSERT INTO Buys(GID, PID, year) VALUES (860, 364, 2017);
INSERT INTO Buys(GID, PID, year) VALUES (737, 543, 2015);
INSERT INTO Buys(GID, PID, year) VALUES (621, 409, 2008);
INSERT INTO Buys(GID, PID, year) VALUES (750, 536, 2006);
INSERT INTO Buys(GID, PID, year) VALUES (207, 197, 2018);
INSERT INTO Buys(GID, PID, year) VALUES (629, 490, 2014);
INSERT INTO Buys(GID, PID, year) VALUES (608, 281, 2004);
INSERT INTO Buys(GID, PID, year) VALUES (1426, 123, 2003);
INSERT INTO Buys(GID, PID, year) VALUES (1135, 501, 2005);
INSERT INTO Buys(GID, PID, year) VALUES (1470, 423, 2008);
INSERT INTO Buys(GID, PID, year) VALUES (953, 330, 2003);
INSERT INTO Buys(GID, PID, year) VALUES (951, 370, 2022);
INSERT INTO Buys(GID, PID, year) VALUES (1480, 428, 2014);
INSERT INTO Buys(GID, PID, year) VALUES (1458, 118, 2008);
INSERT INTO Buys(GID, PID, year) VALUES (392, 418, 2008);
INSERT INTO Buys(GID, PID, year) VALUES (1414, 439, 2005);
INSERT INTO Buys(GID, PID, year) VALUES (580, 493, 2002);
INSERT INTO Buys(GID, PID, year) VALUES (673, 387, 2004);
INSERT INTO Buys(GID, PID, year) VALUES (335, 263, 2012);
INSERT INTO Buys(GID, PID, year) VALUES (1222, 501, 2013);
INSERT INTO Buys(GID, PID, year) VALUES (240, 294, 2005);
INSERT INTO Buys(GID, PID, year) VALUES (1054, 138, 2000);
INSERT INTO Buys(GID, PID, year) VALUES (501, 148, 2000);
INSERT INTO Buys(GID, PID, year) VALUES (599, 273, 2001);
INSERT INTO Buys(GID, PID, year) VALUES (1304, 448, 2000);
INSERT INTO Buys(GID, PID, year) VALUES (955, 193, 2002);
INSERT INTO Buys(GID, PID, year) VALUES (713, 469, 2000);
INSERT INTO Buys(GID, PID, year) VALUES (1290, 395, 2014);
INSERT INTO Buys(GID, PID, year) VALUES (1482, 246, 2012);
INSERT INTO Buys(GID, PID, year) VALUES (1361, 364, 2001);
INSERT INTO Buys(GID, PID, year) VALUES (497, 437, 2001);
INSERT INTO Buys(GID, PID, year) VALUES (627, 267, 2009);
INSERT INTO Buys(GID, PID, year) VALUES (750, 263, 2006);
INSERT INTO Buys(GID, PID, year) VALUES (1067, 238, 2004);
INSERT INTO Buys(GID, PID, year) VALUES (641, 159, 2008);
INSERT INTO Buys(GID, PID, year) VALUES (835, 118, 2002);
INSERT INTO Buys(GID, PID, year) VALUES (347, 512, 2019);
INSERT INTO Buys(GID, PID, year) VALUES (1150, 509, 2002);
INSERT INTO Buys(GID, PID, year) VALUES (1338, 139, 2003);
INSERT INTO Buys(GID, PID, year) VALUES (735, 299, 2006);
INSERT INTO Buys(GID, PID, year) VALUES (1417, 242, 2004);
INSERT INTO Buys(GID, PID, year) VALUES (531, 188, 2001);
INSERT INTO Buys(GID, PID, year) VALUES (903, 395, 2017);
INSERT INTO Buys(GID, PID, year) VALUES (1120, 119, 2005);
INSERT INTO Buys(GID, PID, year) VALUES (1204, 463, 2002);
INSERT INTO Buys(GID, PID, year) VALUES (1247, 212, 2017);
INSERT INTO Buys(GID, PID, year) VALUES (1141, 538, 2015);
INSERT INTO Buys(GID, PID, year) VALUES (1011, 97, 2003);
INSERT INTO Buys(GID, PID, year) VALUES (1082, 491, 2007);
INSERT INTO Buys(GID, PID, year) VALUES (1365, 409, 2003);
INSERT INTO Buys(GID, PID, year) VALUES (207, 196, 2005);
INSERT INTO Buys(GID, PID, year) VALUES (561, 487, 2003);
INSERT INTO Buys(GID, PID, year) VALUES (1232, 438, 2016);
INSERT INTO Buys(GID, PID, year) VALUES (1276, 469, 2004);
INSERT INTO Buys(GID, PID, year) VALUES (1002, 316, 2011);
INSERT INTO Buys(GID, PID, year) VALUES (1163, 184, 2000);
INSERT INTO Buys(GID, PID, year) VALUES (1143, 241, 2006);
INSERT INTO Buys(GID, PID, year) VALUES (1175, 313, 2023);
INSERT INTO Buys(GID, PID, year) VALUES (981, 121, 2006);
INSERT INTO Buys(GID, PID, year) VALUES (1499, 405, 2010);
INSERT INTO Buys(GID, PID, year) VALUES (520, 296, 2009);
INSERT INTO Buys(GID, PID, year) VALUES (1448, 522, 2007);
INSERT INTO Buys(GID, PID, year) VALUES (1141, 446, 2014);
INSERT INTO Buys(GID, PID, year) VALUES (848, 481, 2001);
INSERT INTO Buys(GID, PID, year) VALUES (1221, 362, 2010);
INSERT INTO Buys(GID, PID, year) VALUES (1323, 468, 2001);
INSERT INTO Buys(GID, PID, year) VALUES (1483, 463, 2007);
INSERT INTO Buys(GID, PID, year) VALUES (826, 289, 2016);
INSERT INTO Buys(GID, PID, year) VALUES (892, 292, 2006);
INSERT INTO Buys(GID, PID, year) VALUES (1434, 489, 2007);
INSERT INTO Buys(GID, PID, year) VALUES (679, 212, 2005);
INSERT INTO Buys(GID, PID, year) VALUES (536, 389, 2006);
INSERT INTO Buys(GID, PID, year) VALUES (1349, 60, 2015);
INSERT INTO Buys(GID, PID, year) VALUES (1152, 230, 2008);
INSERT INTO Buys(GID, PID, year) VALUES (254, 135, 2016);
INSERT INTO Buys(GID, PID, year) VALUES (1324, 338, 2001);
INSERT INTO Buys(GID, PID, year) VALUES (1064, 301, 2002);
INSERT INTO Buys(GID, PID, year) VALUES (1332, 487, 2015);
INSERT INTO Buys(GID, PID, year) VALUES (398, 517, 2007);
INSERT INTO Buys(GID, PID, year) VALUES (274, 529, 2005);
INSERT INTO Buys(GID, PID, year) VALUES (1114, 414, 2003);
INSERT INTO Buys(GID, PID, year) VALUES (1126, 201, 2006);
INSERT INTO Buys(GID, PID, year) VALUES (1295, 281, 2016);
INSERT INTO Buys(GID, PID, year) VALUES (1348, 459, 2015);
INSERT INTO Buys(GID, PID, year) VALUES (652, 491, 2001);
INSERT INTO Buys(GID, PID, year) VALUES (1060, 451, 2009);
INSERT INTO Buys(GID, PID, year) VALUES (821, 396, 2014);
INSERT INTO Buys(GID, PID, year) VALUES (678, 445, 2012);
INSERT INTO Buys(GID, PID, year) VALUES (1200, 218, 2015);
INSERT INTO Buys(GID, PID, year) VALUES (1148, 406, 2014);
INSERT INTO Buys(GID, PID, year) VALUES (605, 215, 2003);
INSERT INTO Buys(GID, PID, year) VALUES (824, 510, 2011);
INSERT INTO Buys(GID, PID, year) VALUES (1135, 347, 2021);
INSERT INTO Buys(GID, PID, year) VALUES (799, 391, 2002);
INSERT INTO Buys(GID, PID, year) VALUES (470, 440, 2023);
INSERT INTO Buys(GID, PID, year) VALUES (1337, 409, 2007);
INSERT INTO Buys(GID, PID, year) VALUES (848, 537, 2002);
INSERT INTO Buys(GID, PID, year) VALUES (1498, 220, 2000);
INSERT INTO Buys(GID, PID, year) VALUES (582, 354, 2005);
INSERT INTO Buys(GID, PID, year) VALUES (1267, 408, 2013);
INSERT INTO Buys(GID, PID, year) VALUES (1400, 467, 2009);
INSERT INTO Buys(GID, PID, year) VALUES (1301, 367, 2004);
INSERT INTO Buys(GID, PID, year) VALUES (588, 466, 2012);
INSERT INTO Buys(GID, PID, year) VALUES (1234, 471, 2007);
INSERT INTO Buys(GID, PID, year) VALUES (861, 408, 2005);
INSERT INTO Buys(GID, PID, year) VALUES (1425, 409, 2009);
INSERT INTO Buys(GID, PID, year) VALUES (1405, 137, 2003);
INSERT INTO Buys(GID, PID, year) VALUES (274, 503, 2003);
INSERT INTO Buys(GID, PID, year) VALUES (1019, 502, 2001);
INSERT INTO Buys(GID, PID, year) VALUES (219, 377, 2006);
INSERT INTO Buys(GID, PID, year) VALUES (1313, 452, 2008);
INSERT INTO Buys(GID, PID, year) VALUES (699, 136, 2014);
INSERT INTO Buys(GID, PID, year) VALUES (1469, 465, 2010);
INSERT INTO Buys(GID, PID, year) VALUES (1261, 535, 2000);
INSERT INTO Buys(GID, PID, year) VALUES (775, 379, 2010);
INSERT INTO Buys(GID, PID, year) VALUES (1375, 173, 2013);
INSERT INTO Buys(GID, PID, year) VALUES (1427, 385, 2017);
INSERT INTO Buys(GID, PID, year) VALUES (1308, 256, 2016);
INSERT INTO Buys(GID, PID, year) VALUES (1173, 524, 2006);
INSERT INTO Buys(GID, PID, year) VALUES (447, 481, 2005);
INSERT INTO Buys(GID, PID, year) VALUES (1332, 319, 2010);
INSERT INTO Buys(GID, PID, year) VALUES (1384, 477, 2006);
INSERT INTO Buys(GID, PID, year) VALUES (1144, 527, 2007);
INSERT INTO Buys(GID, PID, year) VALUES (1113, 277, 2013);
INSERT INTO Buys(GID, PID, year) VALUES (269, 273, 2007);
INSERT INTO Buys(GID, PID, year) VALUES (551, 410, 2011);
INSERT INTO Buys(GID, PID, year) VALUES (1203, 480, 2013);
INSERT INTO Buys(GID, PID, year) VALUES (1397, 504, 2000);
INSERT INTO Buys(GID, PID, year) VALUES (1338, 536, 2006);
INSERT INTO Buys(GID, PID, year) VALUES (1140, 400, 2004);
INSERT INTO Buys(GID, PID, year) VALUES (1444, 197, 2008);
INSERT INTO Buys(GID, PID, year) VALUES (1251, 377, 2011);
INSERT INTO Buys(GID, PID, year) VALUES (1195, 115, 2001);
INSERT INTO Buys(GID, PID, year) VALUES (1421, 406, 2009);
INSERT INTO Buys(GID, PID, year) VALUES (566, 477, 2008);
INSERT INTO Buys(GID, PID, year) VALUES (1271, 271, 2006);
INSERT INTO Buys(GID, PID, year) VALUES (1056, 406, 2013);
INSERT INTO Buys(GID, PID, year) VALUES (893, 475, 2018);
INSERT INTO Buys(GID, PID, year) VALUES (856, 462, 2001);
INSERT INTO Buys(GID, PID, year) VALUES (1402, 292, 2008);
INSERT INTO Buys(GID, PID, year) VALUES (1505, 527, 2010);
INSERT INTO Buys(GID, PID, year) VALUES (1041, 332, 2021);
INSERT INTO Buys(GID, PID, year) VALUES (1089, 438, 2004);
INSERT INTO Buys(GID, PID, year) VALUES (427, 385, 2006);
INSERT INTO Buys(GID, PID, year) VALUES (1391, 516, 2004);
INSERT INTO Buys(GID, PID, year) VALUES (479, 312, 2009);
INSERT INTO Buys(GID, PID, year) VALUES (1225, 514, 2001);
INSERT INTO Buys(GID, PID, year) VALUES (983, 166, 2012);
INSERT INTO Buys(GID, PID, year) VALUES (582, 213, 2006);
INSERT INTO Buys(GID, PID, year) VALUES (997, 10, 2008);
INSERT INTO Buys(GID, PID, year) VALUES (928, 352, 2008);
INSERT INTO Buys(GID, PID, year) VALUES (1308, 472, 2001);
INSERT INTO Buys(GID, PID, year) VALUES (958, 480, 2008);
INSERT INTO Buys(GID, PID, year) VALUES (1436, 358, 2007);
INSERT INTO Buys(GID, PID, year) VALUES (1355, 537, 2010);
INSERT INTO Buys(GID, PID, year) VALUES (561, 441, 2008);
INSERT INTO Buys(GID, PID, year) VALUES (272, 126, 2016);
INSERT INTO Buys(GID, PID, year) VALUES (537, 527, 2006);
INSERT INTO Buys(GID, PID, year) VALUES (798, 227, 2004);
INSERT INTO Buys(GID, PID, year) VALUES (798, 466, 2016);
INSERT INTO Buys(GID, PID, year) VALUES (1261, 216, 2007);
INSERT INTO Buys(GID, PID, year) VALUES (1017, 413, 2012);
INSERT INTO Buys(GID, PID, year) VALUES (732, 375, 2004);
INSERT INTO Buys(GID, PID, year) VALUES (1234, 514, 2006);
INSERT INTO Buys(GID, PID, year) VALUES (1211, 342, 2009);
INSERT INTO Buys(GID, PID, year) VALUES (832, 470, 2007);
INSERT INTO Buys(GID, PID, year) VALUES (903, 243, 2006);
INSERT INTO Buys(GID, PID, year) VALUES (822, 304, 2004);
INSERT INTO Buys(GID, PID, year) VALUES (1037, 502, 2000);
INSERT INTO Buys(GID, PID, year) VALUES (688, 399, 2012);
INSERT INTO Buys(GID, PID, year) VALUES (913, 443, 2000);
INSERT INTO Buys(GID, PID, year) VALUES (1466, 224, 2009);
INSERT INTO Buys(GID, PID, year) VALUES (979, 355, 2005);
INSERT INTO Buys(GID, PID, year) VALUES (850, 163, 2011);
INSERT INTO Buys(GID, PID, year) VALUES (1274, 441, 2000);
INSERT INTO Buys(GID, PID, year) VALUES (1025, 103, 2012);
INSERT INTO Buys(GID, PID, year) VALUES (1227, 404, 2005);
INSERT INTO Buys(GID, PID, year) VALUES (1490, 173, 2001);
INSERT INTO Buys(GID, PID, year) VALUES (1373, 479, 2009);
INSERT INTO Buys(GID, PID, year) VALUES (917, 465, 2005);
INSERT INTO Buys(GID, PID, year) VALUES (285, 535, 2000);
INSERT INTO Buys(GID, PID, year) VALUES (684, 517, 2001);
INSERT INTO Buys(GID, PID, year) VALUES (1200, 296, 2010);
INSERT INTO Buys(GID, PID, year) VALUES (1283, 523, 2005);
INSERT INTO Buys(GID, PID, year) VALUES (933, 257, 2010);
INSERT INTO Buys(GID, PID, year) VALUES (976, 222, 2002);
INSERT INTO Buys(GID, PID, year) VALUES (1486, 350, 2007);
INSERT INTO Buys(GID, PID, year) VALUES (409, 81, 2008);
INSERT INTO Buys(GID, PID, year) VALUES (1391, 523, 2011);
INSERT INTO Buys(GID, PID, year) VALUES (1152, 300, 2004);
INSERT INTO Buys(GID, PID, year) VALUES (1122, 513, 2004);
INSERT INTO Buys(GID, PID, year) VALUES (1023, 500, 2001);
INSERT INTO Buys(GID, PID, year) VALUES (1313, 469, 2006);
INSERT INTO Buys(GID, PID, year) VALUES (1247, 138, 2012);
INSERT INTO Buys(GID, PID, year) VALUES (1436, 456, 2005);
INSERT INTO Buys(GID, PID, year) VALUES (411, 129, 2019);
INSERT INTO Buys(GID, PID, year) VALUES (1055, 507, 2020);
INSERT INTO Buys(GID, PID, year) VALUES (1078, 321, 2016);
INSERT INTO Buys(GID, PID, year) VALUES (999, 487, 2000);
INSERT INTO Buys(GID, PID, year) VALUES (1301, 162, 2006);
INSERT INTO Buys(GID, PID, year) VALUES (1203, 468, 2017);
INSERT INTO Buys(GID, PID, year) VALUES (1047, 358, 2006);
INSERT INTO Buys(GID, PID, year) VALUES (717, 312, 2011);
INSERT INTO Buys(GID, PID, year) VALUES (814, 504, 2000);
INSERT INTO Buys(GID, PID, year) VALUES (1504, 183, 2001);
INSERT INTO Buys(GID, PID, year) VALUES (344, 471, 2000);
INSERT INTO Buys(GID, PID, year) VALUES (1449, 488, 2007);
INSERT INTO Buys(GID, PID, year) VALUES (788, 497, 2000);
INSERT INTO Buys(GID, PID, year) VALUES (421, 526, 2008);
INSERT INTO Buys(GID, PID, year) VALUES (616, 513, 2014);
INSERT INTO Buys(GID, PID, year) VALUES (1438, 356, 2002);
INSERT INTO Buys(GID, PID, year) VALUES (883, 393, 2011);
INSERT INTO Buys(GID, PID, year) VALUES (1236, 149, 2007);
INSERT INTO Buys(GID, PID, year) VALUES (1100, 338, 2002);
INSERT INTO Buys(GID, PID, year) VALUES (1211, 336, 2002);
INSERT INTO Buys(GID, PID, year) VALUES (948, 291, 2001);
INSERT INTO Buys(GID, PID, year) VALUES (678, 279, 2003);
INSERT INTO Buys(GID, PID, year) VALUES (292, 465, 2019);
INSERT INTO Buys(GID, PID, year) VALUES (1489, 459, 2016);
INSERT INTO Buys(GID, PID, year) VALUES (1404, 197, 2011);
INSERT INTO Buys(GID, PID, year) VALUES (821, 295, 2013);
INSERT INTO Buys(GID, PID, year) VALUES (1364, 167, 2006);
INSERT INTO Buys(GID, PID, year) VALUES (1426, 334, 2013);
INSERT INTO Buys(GID, PID, year) VALUES (799, 512, 2003);
INSERT INTO Buys(GID, PID, year) VALUES (1229, 450, 2009);
INSERT INTO Buys(GID, PID, year) VALUES (1470, 377, 2002);
INSERT INTO Buys(GID, PID, year) VALUES (700, 312, 2000);
INSERT INTO Buys(GID, PID, year) VALUES (1468, 173, 2020);
INSERT INTO Buys(GID, PID, year) VALUES (1225, 208, 2023);
INSERT INTO Buys(GID, PID, year) VALUES (1341, 283, 2001);
INSERT INTO Buys(GID, PID, year) VALUES (443, 407, 2014);
INSERT INTO Buys(GID, PID, year) VALUES (643, 475, 2000);
INSERT INTO Buys(GID, PID, year) VALUES (1128, 301, 2001);
INSERT INTO Buys(GID, PID, year) VALUES (1007, 394, 2014);
INSERT INTO Buys(GID, PID, year) VALUES (551, 284, 2002);
INSERT INTO Buys(GID, PID, year) VALUES (1183, 445, 2002);
INSERT INTO Buys(GID, PID, year) VALUES (1467, 368, 2000);
INSERT INTO Buys(GID, PID, year) VALUES (331, 365, 2000);
INSERT INTO Buys(GID, PID, year) VALUES (667, 378, 2005);
INSERT INTO Buys(GID, PID, year) VALUES (1030, 380, 2009);
INSERT INTO Buys(GID, PID, year) VALUES (255, 327, 2007);
INSERT INTO Buys(GID, PID, year) VALUES (1341, 396, 2004);
INSERT INTO Buys(GID, PID, year) VALUES (475, 392, 2013);
INSERT INTO Buys(GID, PID, year) VALUES (1191, 345, 2004);
INSERT INTO Buys(GID, PID, year) VALUES (1429, 409, 2002);
INSERT INTO Buys(GID, PID, year) VALUES (1136, 342, 2008);
INSERT INTO Buys(GID, PID, year) VALUES (249, 227, 2009);
INSERT INTO Buys(GID, PID, year) VALUES (1044, 224, 2008);
INSERT INTO Buys(GID, PID, year) VALUES (1479, 183, 2005);
INSERT INTO Buys(GID, PID, year) VALUES (1013, 461, 2018);
INSERT INTO Buys(GID, PID, year) VALUES (1359, 183, 2016);
INSERT INTO Buys(GID, PID, year) VALUES (884, 420, 2001);
INSERT INTO Buys(GID, PID, year) VALUES (1401, 277, 2000);
INSERT INTO Buys(GID, PID, year) VALUES (779, 378, 2005);
INSERT INTO Buys(GID, PID, year) VALUES (1377, 215, 2006);
INSERT INTO Buys(GID, PID, year) VALUES (723, 533, 2017);
INSERT INTO Buys(GID, PID, year) VALUES (960, 336, 2016);
INSERT INTO Buys(GID, PID, year) VALUES (1145, 470, 2005);
INSERT INTO Buys(GID, PID, year) VALUES (1253, 220, 2006);
INSERT INTO Buys(GID, PID, year) VALUES (964, 479, 2022);
INSERT INTO Buys(GID, PID, year) VALUES (1090, 502, 2002);
INSERT INTO Buys(GID, PID, year) VALUES (521, 533, 2014);
INSERT INTO Buys(GID, PID, year) VALUES (930, 504, 2020);
INSERT INTO Buys(GID, PID, year) VALUES (1403, 503, 2011);
INSERT INTO Buys(GID, PID, year) VALUES (224, 376, 2015);
INSERT INTO Buys(GID, PID, year) VALUES (1495, 543, 2009);
INSERT INTO Buys(GID, PID, year) VALUES (910, 161, 2003);
INSERT INTO Buys(GID, PID, year) VALUES (508, 245, 2010);
INSERT INTO Buys(GID, PID, year) VALUES (794, 486, 2020);
INSERT INTO Buys(GID, PID, year) VALUES (348, 324, 2008);
INSERT INTO Buys(GID, PID, year) VALUES (1436, 328, 2000);
INSERT INTO Buys(GID, PID, year) VALUES (1404, 234, 2017);
INSERT INTO Buys(GID, PID, year) VALUES (1286, 322, 2007);
INSERT INTO Buys(GID, PID, year) VALUES (1152, 336, 2010);
INSERT INTO Buys(GID, PID, year) VALUES (380, 448, 2010);
INSERT INTO Buys(GID, PID, year) VALUES (379, 489, 2010);
INSERT INTO Buys(GID, PID, year) VALUES (586, 225, 2004);
INSERT INTO Buys(GID, PID, year) VALUES (897, 526, 2002);
INSERT INTO Buys(GID, PID, year) VALUES (588, 288, 2017);
INSERT INTO Buys(GID, PID, year) VALUES (1075, 305, 2015);
INSERT INTO Buys(GID, PID, year) VALUES (1409, 474, 2019);
INSERT INTO Buys(GID, PID, year) VALUES (368, 463, 2000);
INSERT INTO Buys(GID, PID, year) VALUES (968, 490, 2004);
INSERT INTO Buys(GID, PID, year) VALUES (1344, 288, 2012);
INSERT INTO Buys(GID, PID, year) VALUES (1038, 426, 2011);
INSERT INTO Buys(GID, PID, year) VALUES (804, 535, 2009);
INSERT INTO Buys(GID, PID, year) VALUES (1017, 301, 2007);
INSERT INTO Buys(GID, PID, year) VALUES (946, 56, 2001);
INSERT INTO Buys(GID, PID, year) VALUES (1239, 494, 2021);
INSERT INTO Buys(GID, PID, year) VALUES (1501, 522, 2006);
INSERT INTO Buys(GID, PID, year) VALUES (1307, 143, 2009);
INSERT INTO Buys(GID, PID, year) VALUES (1042, 192, 2008);
INSERT INTO Buys(GID, PID, year) VALUES (813, 119, 2001);
INSERT INTO Buys(GID, PID, year) VALUES (1140, 454, 2004);
INSERT INTO Buys(GID, PID, year) VALUES (649, 525, 2015);
INSERT INTO Buys(GID, PID, year) VALUES (592, 262, 2008);
INSERT INTO Buys(GID, PID, year) VALUES (1024, 419, 2001);
INSERT INTO Buys(GID, PID, year) VALUES (1036, 178, 2011);
INSERT INTO Buys(GID, PID, year) VALUES (825, 537, 2000);
INSERT INTO Buys(GID, PID, year) VALUES (709, 542, 2000);
INSERT INTO Buys(GID, PID, year) VALUES (814, 393, 2004);
INSERT INTO Buys(GID, PID, year) VALUES (973, 522, 2014);
INSERT INTO Buys(GID, PID, year) VALUES (1028, 337, 2007);
INSERT INTO Buys(GID, PID, year) VALUES (611, 276, 2020);
INSERT INTO Buys(GID, PID, year) VALUES (474, 523, 2013);
INSERT INTO Buys(GID, PID, year) VALUES (868, 142, 2009);
INSERT INTO Buys(GID, PID, year) VALUES (1451, 382, 2002);
INSERT INTO Buys(GID, PID, year) VALUES (280, 334, 2011);
INSERT INTO Buys(GID, PID, year) VALUES (145, 439, 2005);
INSERT INTO Buys(GID, PID, year) VALUES (93, 423, 2002);
INSERT INTO Buys(GID, PID, year) VALUES (1094, 403, 2016);
INSERT INTO Buys(GID, PID, year) VALUES (1011, 268, 2006);
INSERT INTO Buys(GID, PID, year) VALUES (1378, 351, 2023);
INSERT INTO Buys(GID, PID, year) VALUES (461, 510, 2014);
INSERT INTO Buys(GID, PID, year) VALUES (215, 521, 2012);
INSERT INTO Buys(GID, PID, year) VALUES (450, 202, 2005);
INSERT INTO Buys(GID, PID, year) VALUES (1152, 390, 2006);
INSERT INTO Buys(GID, PID, year) VALUES (1479, 322, 2006);
INSERT INTO Buys(GID, PID, year) VALUES (1183, 442, 2006);
INSERT INTO Buys(GID, PID, year) VALUES (709, 283, 2006);
INSERT INTO Buys(GID, PID, year) VALUES (1323, 174, 2017);
INSERT INTO Buys(GID, PID, year) VALUES (185, 258, 2006);
INSERT INTO Buys(GID, PID, year) VALUES (991, 475, 2009);
INSERT INTO Buys(GID, PID, year) VALUES (844, 477, 2007);
INSERT INTO Buys(GID, PID, year) VALUES (725, 527, 2007);
INSERT INTO Buys(GID, PID, year) VALUES (917, 248, 2005);
INSERT INTO Buys(GID, PID, year) VALUES (1417, 489, 2014);
INSERT INTO Buys(GID, PID, year) VALUES (731, 315, 2015);
INSERT INTO Buys(GID, PID, year) VALUES (1428, 515, 2003);
INSERT INTO Buys(GID, PID, year) VALUES (618, 372, 2000);
INSERT INTO Buys(GID, PID, year) VALUES (784, 113, 2003);
INSERT INTO Buys(GID, PID, year) VALUES (1062, 206, 2003);
INSERT INTO Buys(GID, PID, year) VALUES (770, 454, 2014);
INSERT INTO Buys(GID, PID, year) VALUES (265, 157, 2007);
INSERT INTO Buys(GID, PID, year) VALUES (1485, 408, 2003);
INSERT INTO Buys(GID, PID, year) VALUES (636, 139, 2016);
INSERT INTO Buys(GID, PID, year) VALUES (1498, 440, 2000);
INSERT INTO Buys(GID, PID, year) VALUES (856, 495, 2013);
INSERT INTO Buys(GID, PID, year) VALUES (707, 535, 2016);
INSERT INTO Buys(GID, PID, year) VALUES (1251, 461, 2011);
INSERT INTO Buys(GID, PID, year) VALUES (1290, 453, 2006);
INSERT INTO Buys(GID, PID, year) VALUES (1412, 360, 2018);
INSERT INTO Buys(GID, PID, year) VALUES (1141, 243, 2010);
INSERT INTO Buys(GID, PID, year) VALUES (1222, 341, 2010);
INSERT INTO Buys(GID, PID, year) VALUES (709, 515, 2010);
INSERT INTO Buys(GID, PID, year) VALUES (807, 434, 2007);
INSERT INTO Buys(GID, PID, year) VALUES (1464, 469, 2007);
INSERT INTO Buys(GID, PID, year) VALUES (1326, 466, 2002);
INSERT INTO Buys(GID, PID, year) VALUES (1298, 533, 2020);
INSERT INTO Buys(GID, PID, year) VALUES (1024, 160, 2003);
INSERT INTO Buys(GID, PID, year) VALUES (597, 334, 2008);
INSERT INTO Buys(GID, PID, year) VALUES (1165, 527, 2010);
INSERT INTO Buys(GID, PID, year) VALUES (1346, 15, 2001);
INSERT INTO Buys(GID, PID, year) VALUES (657, 308, 2006);
INSERT INTO Buys(GID, PID, year) VALUES (451, 445, 2002);
INSERT INTO Buys(GID, PID, year) VALUES (1285, 542, 2018);
INSERT INTO Buys(GID, PID, year) VALUES (1035, 382, 2022);
INSERT INTO Buys(GID, PID, year) VALUES (687, 538, 2002);
INSERT INTO Buys(GID, PID, year) VALUES (622, 483, 2006);
INSERT INTO Buys(GID, PID, year) VALUES (765, 492, 2000);
INSERT INTO Buys(GID, PID, year) VALUES (1202, 398, 2015);
INSERT INTO Buys(GID, PID, year) VALUES (1146, 540, 2003);
INSERT INTO Buys(GID, PID, year) VALUES (1147, 305, 2006);
INSERT INTO Buys(GID, PID, year) VALUES (1430, 251, 2003);
INSERT INTO Buys(GID, PID, year) VALUES (1140, 477, 2002);
INSERT INTO Buys(GID, PID, year) VALUES (1133, 403, 2006);
INSERT INTO Buys(GID, PID, year) VALUES (365, 426, 2022);
INSERT INTO Buys(GID, PID, year) VALUES (298, 429, 2013);
INSERT INTO Buys(GID, PID, year) VALUES (1373, 345, 2009);
INSERT INTO Buys(GID, PID, year) VALUES (1214, 523, 2004);
INSERT INTO Buys(GID, PID, year) VALUES (650, 518, 2011);
INSERT INTO Buys(GID, PID, year) VALUES (628, 123, 2001);
INSERT INTO Buys(GID, PID, year) VALUES (1053, 483, 2008);
INSERT INTO Buys(GID, PID, year) VALUES (1263, 309, 2010);
INSERT INTO Buys(GID, PID, year) VALUES (1038, 121, 2001);
INSERT INTO Buys(GID, PID, year) VALUES (230, 506, 2007);
INSERT INTO Buys(GID, PID, year) VALUES (1204, 347, 2006);
INSERT INTO Buys(GID, PID, year) VALUES (768, 353, 2006);
INSERT INTO Buys(GID, PID, year) VALUES (1228, 436, 2009);
INSERT INTO Buys(GID, PID, year) VALUES (1157, 102, 2019);
INSERT INTO Buys(GID, PID, year) VALUES (1065, 450, 2012);
INSERT INTO Buys(GID, PID, year) VALUES (1119, 536, 2008);
INSERT INTO Buys(GID, PID, year) VALUES (879, 497, 2001);
INSERT INTO Buys(GID, PID, year) VALUES (1229, 286, 2005);
INSERT INTO Buys(GID, PID, year) VALUES (1274, 428, 2017);
INSERT INTO Buys(GID, PID, year) VALUES (1148, 397, 2017);
INSERT INTO Buys(GID, PID, year) VALUES (1499, 62, 2003);
INSERT INTO Buys(GID, PID, year) VALUES (965, 403, 2000);
INSERT INTO Buys(GID, PID, year) VALUES (349, 195, 2004);
INSERT INTO Buys(GID, PID, year) VALUES (450, 397, 2012);
INSERT INTO Buys(GID, PID, year) VALUES (1327, 417, 2003);
INSERT INTO Buys(GID, PID, year) VALUES (1301, 495, 2011);
INSERT INTO Buys(GID, PID, year) VALUES (1148, 268, 2004);
INSERT INTO Buys(GID, PID, year) VALUES (1396, 208, 2011);
INSERT INTO Buys(GID, PID, year) VALUES (1042, 471, 2021);
INSERT INTO Buys(GID, PID, year) VALUES (164, 495, 2005);
INSERT INTO Buys(GID, PID, year) VALUES (239, 525, 2005);
INSERT INTO Buys(GID, PID, year) VALUES (1145, 445, 2024);
INSERT INTO Buys(GID, PID, year) VALUES (1266, 445, 2019);
INSERT INTO Buys(GID, PID, year) VALUES (739, 314, 2015);
INSERT INTO Buys(GID, PID, year) VALUES (1373, 416, 2001);
INSERT INTO Buys(GID, PID, year) VALUES (1225, 316, 2004);
INSERT INTO Buys(GID, PID, year) VALUES (1434, 435, 2012);
INSERT INTO Buys(GID, PID, year) VALUES (340, 289, 2017);
INSERT INTO Buys(GID, PID, year) VALUES (1350, 417, 2005);
INSERT INTO Buys(GID, PID, year) VALUES (1198, 425, 2005);
INSERT INTO Buys(GID, PID, year) VALUES (1132, 251, 2005);
INSERT INTO Buys(GID, PID, year) VALUES (730, 488, 2013);
INSERT INTO Buys(GID, PID, year) VALUES (1434, 488, 2001);
INSERT INTO Buys(GID, PID, year) VALUES (737, 504, 2015);
INSERT INTO Buys(GID, PID, year) VALUES (1370, 33, 2000);
INSERT INTO Buys(GID, PID, year) VALUES (610, 522, 2005);
INSERT INTO Buys(GID, PID, year) VALUES (1352, 416, 2006);
INSERT INTO Buys(GID, PID, year) VALUES (447, 495, 2005);
INSERT INTO Buys(GID, PID, year) VALUES (1241, 524, 2009);
INSERT INTO Buys(GID, PID, year) VALUES (812, 388, 2021);
INSERT INTO Buys(GID, PID, year) VALUES (1071, 173, 2005);
INSERT INTO Buys(GID, PID, year) VALUES (839, 461, 2002);
INSERT INTO Buys(GID, PID, year) VALUES (512, 519, 2003);
INSERT INTO Buys(GID, PID, year) VALUES (1489, 490, 2000);
INSERT INTO Buys(GID, PID, year) VALUES (1492, 530, 2002);
INSERT INTO Buys(GID, PID, year) VALUES (1431, 521, 2000);
INSERT INTO Buys(GID, PID, year) VALUES (1052, 402, 2003);
INSERT INTO Buys(GID, PID, year) VALUES (847, 155, 2002);
INSERT INTO Buys(GID, PID, year) VALUES (748, 443, 2006);
INSERT INTO Buys(GID, PID, year) VALUES (1311, 124, 2002);
INSERT INTO Buys(GID, PID, year) VALUES (1397, 144, 2010);
INSERT INTO Buys(GID, PID, year) VALUES (1146, 439, 2005);
INSERT INTO Buys(GID, PID, year) VALUES (1056, 372, 2003);
INSERT INTO Buys(GID, PID, year) VALUES (829, 238, 2003);
INSERT INTO Buys(GID, PID, year) VALUES (758, 212, 2004);
INSERT INTO Buys(GID, PID, year) VALUES (627, 527, 2005);
INSERT INTO Buys(GID, PID, year) VALUES (1281, 513, 2017);
INSERT INTO Buys(GID, PID, year) VALUES (1351, 437, 2009);
INSERT INTO Buys(GID, PID, year) VALUES (1033, 380, 2004);
INSERT INTO Buys(GID, PID, year) VALUES (1089, 57, 2009);
INSERT INTO Buys(GID, PID, year) VALUES (1161, 493, 2012);
INSERT INTO Buys(GID, PID, year) VALUES (747, 203, 2002);
INSERT INTO Buys(GID, PID, year) VALUES (1275, 476, 2010);
INSERT INTO Buys(GID, PID, year) VALUES (1435, 387, 2005);
INSERT INTO Buys(GID, PID, year) VALUES (367, 258, 2001);
INSERT INTO Buys(GID, PID, year) VALUES (1507, 522, 2018);
INSERT INTO Buys(GID, PID, year) VALUES (1422, 393, 2002);
INSERT INTO Buys(GID, PID, year) VALUES (1104, 424, 2005);
INSERT INTO Buys(GID, PID, year) VALUES (241, 56, 2019);
INSERT INTO Buys(GID, PID, year) VALUES (288, 441, 2005);
INSERT INTO Buys(GID, PID, year) VALUES (1398, 137, 2014);
INSERT INTO Buys(GID, PID, year) VALUES (1507, 311, 2008);
INSERT INTO Buys(GID, PID, year) VALUES (1319, 223, 2015);
INSERT INTO Buys(GID, PID, year) VALUES (789, 385, 2020);
INSERT INTO Buys(GID, PID, year) VALUES (1067, 200, 2017);
INSERT INTO Buys(GID, PID, year) VALUES (983, 83, 2017);
INSERT INTO Buys(GID, PID, year) VALUES (1468, 157, 2000);
INSERT INTO Buys(GID, PID, year) VALUES (1125, 506, 2006);
INSERT INTO Buys(GID, PID, year) VALUES (1136, 366, 2006);
INSERT INTO Buys(GID, PID, year) VALUES (717, 388, 2005);
INSERT INTO Buys(GID, PID, year) VALUES (812, 160, 2008);
INSERT INTO Buys(GID, PID, year) VALUES (1184, 276, 2008);
INSERT INTO Buys(GID, PID, year) VALUES (1337, 446, 2013);
INSERT INTO Buys(GID, PID, year) VALUES (808, 488, 2007);
INSERT INTO Buys(GID, PID, year) VALUES (981, 499, 2000);
INSERT INTO Buys(GID, PID, year) VALUES (1007, 528, 2008);
INSERT INTO Buys(GID, PID, year) VALUES (1098, 108, 2010);
INSERT INTO Buys(GID, PID, year) VALUES (951, 89, 2001);
INSERT INTO Buys(GID, PID, year) VALUES (1391, 403, 2007);
INSERT INTO Buys(GID, PID, year) VALUES (905, 171, 2003);
INSERT INTO Buys(GID, PID, year) VALUES (1008, 450, 2024);
INSERT INTO Buys(GID, PID, year) VALUES (1266, 196, 2005);
INSERT INTO Buys(GID, PID, year) VALUES (930, 412, 2009);
INSERT INTO Buys(GID, PID, year) VALUES (652, 482, 2004);
INSERT INTO Buys(GID, PID, year) VALUES (268, 283, 2016);
INSERT INTO Buys(GID, PID, year) VALUES (1488, 276, 2006);
INSERT INTO Buys(GID, PID, year) VALUES (175, 445, 2017);
INSERT INTO Buys(GID, PID, year) VALUES (302, 92, 2007);
INSERT INTO Buys(GID, PID, year) VALUES (1158, 529, 2010);
INSERT INTO Buys(GID, PID, year) VALUES (1252, 356, 2004);
INSERT INTO Buys(GID, PID, year) VALUES (923, 204, 2015);
INSERT INTO Buys(GID, PID, year) VALUES (1072, 205, 2001);
INSERT INTO Buys(GID, PID, year) VALUES (432, 474, 2012);
INSERT INTO Buys(GID, PID, year) VALUES (1405, 222, 2008);
INSERT INTO Buys(GID, PID, year) VALUES (566, 504, 2008);
INSERT INTO Buys(GID, PID, year) VALUES (953, 537, 2008);
INSERT INTO Buys(GID, PID, year) VALUES (396, 398, 2008);
INSERT INTO Buys(GID, PID, year) VALUES (472, 432, 2007);
INSERT INTO Buys(GID, PID, year) VALUES (315, 190, 2018);
INSERT INTO Buys(GID, PID, year) VALUES (1038, 370, 2003);
INSERT INTO Buys(GID, PID, year) VALUES (1183, 222, 2015);
INSERT INTO Buys(GID, PID, year) VALUES (1313, 306, 2004);
INSERT INTO Buys(GID, PID, year) VALUES (1087, 226, 2003);
INSERT INTO Buys(GID, PID, year) VALUES (1250, 348, 2005);
INSERT INTO Buys(GID, PID, year) VALUES (1114, 496, 2003);
INSERT INTO Buys(GID, PID, year) VALUES (1088, 292, 2015);
INSERT INTO Buys(GID, PID, year) VALUES (365, 460, 2013);
INSERT INTO Buys(GID, PID, year) VALUES (1252, 217, 2011);
INSERT INTO Buys(GID, PID, year) VALUES (1358, 436, 2010);
INSERT INTO Buys(GID, PID, year) VALUES (792, 460, 2002);
INSERT INTO Buys(GID, PID, year) VALUES (1003, 377, 2008);
INSERT INTO Buys(GID, PID, year) VALUES (1314, 428, 2013);
INSERT INTO Buys(GID, PID, year) VALUES (1456, 280, 2003);
INSERT INTO Buys(GID, PID, year) VALUES (883, 542, 2009);
INSERT INTO Buys(GID, PID, year) VALUES (632, 417, 2000);
INSERT INTO Buys(GID, PID, year) VALUES (1027, 311, 2007);
INSERT INTO Buys(GID, PID, year) VALUES (643, 370, 2006);
INSERT INTO Buys(GID, PID, year) VALUES (882, 445, 2013);
INSERT INTO Buys(GID, PID, year) VALUES (1497, 536, 2020);
INSERT INTO Buys(GID, PID, year) VALUES (1264, 308, 2011);
INSERT INTO Buys(GID, PID, year) VALUES (645, 206, 2003);
INSERT INTO Buys(GID, PID, year) VALUES (1351, 415, 2007);
INSERT INTO Buys(GID, PID, year) VALUES (396, 480, 2008);
INSERT INTO Buys(GID, PID, year) VALUES (376, 383, 2002);
INSERT INTO Buys(GID, PID, year) VALUES (1217, 516, 2000);
INSERT INTO Buys(GID, PID, year) VALUES (1492, 501, 2008);
INSERT INTO Buys(GID, PID, year) VALUES (1003, 309, 2005);
INSERT INTO Buys(GID, PID, year) VALUES (507, 502, 2000);
INSERT INTO Buys(GID, PID, year) VALUES (446, 148, 2000);
INSERT INTO Buys(GID, PID, year) VALUES (965, 177, 2004);
INSERT INTO Buys(GID, PID, year) VALUES (1122, 350, 2002);
INSERT INTO Buys(GID, PID, year) VALUES (555, 221, 2005);
INSERT INTO Buys(GID, PID, year) VALUES (1442, 447, 2004);
INSERT INTO Buys(GID, PID, year) VALUES (966, 189, 2003);
INSERT INTO Buys(GID, PID, year) VALUES (840, 518, 2008);
INSERT INTO Buys(GID, PID, year) VALUES (606, 507, 2009);
INSERT INTO Buys(GID, PID, year) VALUES (1050, 297, 2002);
INSERT INTO Buys(GID, PID, year) VALUES (878, 518, 2000);
INSERT INTO Buys(GID, PID, year) VALUES (969, 505, 2020);
INSERT INTO Buys(GID, PID, year) VALUES (1087, 486, 2008);
INSERT INTO Buys(GID, PID, year) VALUES (1457, 361, 2000);
INSERT INTO Buys(GID, PID, year) VALUES (476, 279, 2015);
INSERT INTO Buys(GID, PID, year) VALUES (1328, 513, 2019);
INSERT INTO Buys(GID, PID, year) VALUES (1428, 417, 2008);
INSERT INTO Buys(GID, PID, year) VALUES (1353, 320, 2003);
INSERT INTO Buys(GID, PID, year) VALUES (1240, 473, 2000);
INSERT INTO Buys(GID, PID, year) VALUES (1490, 209, 2008);
INSERT INTO Buys(GID, PID, year) VALUES (1419, 538, 2003);
INSERT INTO Buys(GID, PID, year) VALUES (1304, 524, 2014);
INSERT INTO Buys(GID, PID, year) VALUES (1116, 533, 2004);
INSERT INTO Buys(GID, PID, year) VALUES (1499, 346, 2005);
INSERT INTO Buys(GID, PID, year) VALUES (758, 345, 2003);
INSERT INTO Buys(GID, PID, year) VALUES (574, 398, 2007);
INSERT INTO Buys(GID, PID, year) VALUES (1291, 415, 2009);
INSERT INTO Buys(GID, PID, year) VALUES (431, 113, 2013);
INSERT INTO Buys(GID, PID, year) VALUES (1382, 490, 2001);
INSERT INTO Buys(GID, PID, year) VALUES (1499, 469, 2001);
INSERT INTO Buys(GID, PID, year) VALUES (1485, 218, 2003);
INSERT INTO Buys(GID, PID, year) VALUES (1429, 520, 2007);
INSERT INTO Buys(GID, PID, year) VALUES (1399, 159, 2020);
INSERT INTO Buys(GID, PID, year) VALUES (778, 478, 2020);
INSERT INTO Buys(GID, PID, year) VALUES (1234, 343, 2011);
INSERT INTO Buys(GID, PID, year) VALUES (685, 190, 2008);
INSERT INTO Buys(GID, PID, year) VALUES (1341, 429, 2015);
INSERT INTO Buys(GID, PID, year) VALUES (1377, 74, 2012);
INSERT INTO Buys(GID, PID, year) VALUES (1213, 255, 2017);
INSERT INTO Buys(GID, PID, year) VALUES (943, 171, 2018);
INSERT INTO Buys(GID, PID, year) VALUES (1120, 531, 2020);
INSERT INTO Buys(GID, PID, year) VALUES (1032, 453, 2000);
INSERT INTO Buys(GID, PID, year) VALUES (1123, 233, 2002);
INSERT INTO Buys(GID, PID, year) VALUES (866, 256, 2018);
INSERT INTO Buys(GID, PID, year) VALUES (1287, 270, 2003);
INSERT INTO Buys(GID, PID, year) VALUES (1390, 394, 2000);
INSERT INTO Buys(GID, PID, year) VALUES (1036, 530, 2003);
INSERT INTO Buys(GID, PID, year) VALUES (1057, 179, 2006);
INSERT INTO Buys(GID, PID, year) VALUES (1272, 321, 2013);
INSERT INTO Buys(GID, PID, year) VALUES (1358, 356, 2005);
INSERT INTO Buys(GID, PID, year) VALUES (1319, 383, 2015);
INSERT INTO Buys(GID, PID, year) VALUES (1024, 398, 2005);
INSERT INTO Buys(GID, PID, year) VALUES (1212, 375, 2014);
INSERT INTO Buys(GID, PID, year) VALUES (1405, 285, 2007);
INSERT INTO Buys(GID, PID, year) VALUES (514, 317, 2012);
INSERT INTO Buys(GID, PID, year) VALUES (1209, 150, 2017);
INSERT INTO Buys(GID, PID, year) VALUES (1162, 75, 2006);
INSERT INTO Buys(GID, PID, year) VALUES (1264, 471, 2019);
INSERT INTO Buys(GID, PID, year) VALUES (342, 307, 2003);
INSERT INTO Buys(GID, PID, year) VALUES (1045, 397, 2005);
INSERT INTO Buys(GID, PID, year) VALUES (1491, 203, 2010);
INSERT INTO Buys(GID, PID, year) VALUES (1083, 297, 2002);
INSERT INTO Buys(GID, PID, year) VALUES (1501, 523, 2008);
INSERT INTO Buys(GID, PID, year) VALUES (779, 178, 2010);
INSERT INTO Buys(GID, PID, year) VALUES (1176, 428, 2008);
INSERT INTO Buys(GID, PID, year) VALUES (1248, 504, 2017);
INSERT INTO Buys(GID, PID, year) VALUES (1265, 530, 2004);
INSERT INTO Buys(GID, PID, year) VALUES (1019, 390, 2009);
INSERT INTO Buys(GID, PID, year) VALUES (1329, 411, 2008);
INSERT INTO Buys(GID, PID, year) VALUES (841, 317, 2001);
INSERT INTO Buys(GID, PID, year) VALUES (1012, 521, 2001);
INSERT INTO Buys(GID, PID, year) VALUES (1305, 279, 2009);
INSERT INTO Buys(GID, PID, year) VALUES (1238, 145, 2009);
INSERT INTO Buys(GID, PID, year) VALUES (1333, 394, 2004);
INSERT INTO Buys(GID, PID, year) VALUES (956, 500, 2011);
INSERT INTO Buys(GID, PID, year) VALUES (772, 290, 2000);
INSERT INTO Buys(GID, PID, year) VALUES (697, 329, 2004);
INSERT INTO Buys(GID, PID, year) VALUES (1288, 112, 2016);
INSERT INTO Buys(GID, PID, year) VALUES (827, 353, 2001);
INSERT INTO Buys(GID, PID, year) VALUES (1207, 502, 2013);
INSERT INTO Buys(GID, PID, year) VALUES (1128, 475, 2004);
INSERT INTO Buys(GID, PID, year) VALUES (1369, 439, 2009);
INSERT INTO Buys(GID, PID, year) VALUES (1427, 130, 2017);
INSERT INTO Buys(GID, PID, year) VALUES (978, 366, 2001);
INSERT INTO Buys(GID, PID, year) VALUES (780, 187, 2012);
INSERT INTO Buys(GID, PID, year) VALUES (1121, 340, 2006);
INSERT INTO Buys(GID, PID, year) VALUES (1445, 321, 2003);
INSERT INTO Buys(GID, PID, year) VALUES (1478, 61, 2007);
INSERT INTO Buys(GID, PID, year) VALUES (933, 198, 2002);
INSERT INTO Buys(GID, PID, year) VALUES (731, 94, 2008);
INSERT INTO Buys(GID, PID, year) VALUES (1506, 265, 2000);
INSERT INTO Buys(GID, PID, year) VALUES (1216, 515, 2002);
INSERT INTO Buys(GID, PID, year) VALUES (1269, 301, 2004);
INSERT INTO Buys(GID, PID, year) VALUES (608, 339, 2016);
INSERT INTO Buys(GID, PID, year) VALUES (800, 275, 2009);
INSERT INTO Buys(GID, PID, year) VALUES (1237, 394, 2000);
INSERT INTO Buys(GID, PID, year) VALUES (228, 128, 2001);
INSERT INTO Buys(GID, PID, year) VALUES (285, 486, 2002);
INSERT INTO Buys(GID, PID, year) VALUES (619, 285, 2013);
INSERT INTO Buys(GID, PID, year) VALUES (672, 123, 2008);
INSERT INTO Buys(GID, PID, year) VALUES (997, 372, 2008);
INSERT INTO Buys(GID, PID, year) VALUES (873, 363, 2017);
INSERT INTO Buys(GID, PID, year) VALUES (1208, 270, 2002);
INSERT INTO Buys(GID, PID, year) VALUES (272, 529, 2000);
INSERT INTO Buys(GID, PID, year) VALUES (811, 140, 2012);
INSERT INTO Buys(GID, PID, year) VALUES (1361, 366, 2001);
INSERT INTO Buys(GID, PID, year) VALUES (1407, 342, 2000);
INSERT INTO Buys(GID, PID, year) VALUES (1236, 275, 2000);
INSERT INTO Buys(GID, PID, year) VALUES (1468, 151, 2015);
INSERT INTO Buys(GID, PID, year) VALUES (1507, 289, 2010);
INSERT INTO Buys(GID, PID, year) VALUES (1032, 462, 2002);
INSERT INTO Buys(GID, PID, year) VALUES (1442, 219, 2016);
INSERT INTO Buys(GID, PID, year) VALUES (608, 274, 2003);
INSERT INTO Buys(GID, PID, year) VALUES (498, 124, 2002);
INSERT INTO Buys(GID, PID, year) VALUES (632, 64, 2017);
INSERT INTO Buys(GID, PID, year) VALUES (1197, 275, 2001);
INSERT INTO Buys(GID, PID, year) VALUES (244, 226, 2003);
INSERT INTO Buys(GID, PID, year) VALUES (800, 182, 2008);
INSERT INTO Buys(GID, PID, year) VALUES (904, 161, 2009);
INSERT INTO Buys(GID, PID, year) VALUES (1209, 261, 2009);
INSERT INTO Buys(GID, PID, year) VALUES (914, 412, 2001);
INSERT INTO Buys(GID, PID, year) VALUES (1099, 324, 2003);
INSERT INTO Buys(GID, PID, year) VALUES (1336, 373, 2000);
INSERT INTO Buys(GID, PID, year) VALUES (1379, 259, 2019);
INSERT INTO Buys(GID, PID, year) VALUES (1391, 72, 2013);
INSERT INTO Buys(GID, PID, year) VALUES (497, 169, 2001);
INSERT INTO Buys(GID, PID, year) VALUES (801, 541, 2001);
INSERT INTO Buys(GID, PID, year) VALUES (948, 473, 2015);
INSERT INTO Buys(GID, PID, year) VALUES (1048, 240, 2007);
INSERT INTO Buys(GID, PID, year) VALUES (1275, 414, 2015);
INSERT INTO Buys(GID, PID, year) VALUES (812, 534, 2006);
INSERT INTO Buys(GID, PID, year) VALUES (1210, 492, 2019);
INSERT INTO Buys(GID, PID, year) VALUES (511, 417, 2002);
INSERT INTO Buys(GID, PID, year) VALUES (882, 392, 2004);
INSERT INTO Buys(GID, PID, year) VALUES (905, 407, 2006);
INSERT INTO Buys(GID, PID, year) VALUES (1020, 479, 2005);
INSERT INTO Buys(GID, PID, year) VALUES (1011, 429, 2000);
INSERT INTO Buys(GID, PID, year) VALUES (687, 383, 2010);
INSERT INTO Buys(GID, PID, year) VALUES (957, 439, 2002);
INSERT INTO Buys(GID, PID, year) VALUES (1496, 222, 2007);
INSERT INTO Buys(GID, PID, year) VALUES (1470, 310, 2002);
INSERT INTO Buys(GID, PID, year) VALUES (1324, 502, 2008);
INSERT INTO Buys(GID, PID, year) VALUES (905, 518, 2006);
INSERT INTO Buys(GID, PID, year) VALUES (1414, 471, 2001);
INSERT INTO Buys(GID, PID, year) VALUES (1479, 282, 2013);
INSERT INTO Buys(GID, PID, year) VALUES (1170, 464, 2002);
INSERT INTO Buys(GID, PID, year) VALUES (1092, 229, 2010);
INSERT INTO Buys(GID, PID, year) VALUES (1384, 337, 2000);
INSERT INTO Buys(GID, PID, year) VALUES (1210, 483, 2015);
INSERT INTO Buys(GID, PID, year) VALUES (605, 478, 2007);
INSERT INTO Buys(GID, PID, year) VALUES (1484, 463, 2010);
INSERT INTO Buys(GID, PID, year) VALUES (1395, 268, 2000);
INSERT INTO Buys(GID, PID, year) VALUES (1293, 542, 2001);
INSERT INTO Buys(GID, PID, year) VALUES (633, 355, 2014);
INSERT INTO Buys(GID, PID, year) VALUES (945, 339, 2001);
INSERT INTO Buys(GID, PID, year) VALUES (728, 541, 2018);
INSERT INTO Buys(GID, PID, year) VALUES (1139, 390, 2008);
INSERT INTO Buys(GID, PID, year) VALUES (1128, 325, 2012);
INSERT INTO Buys(GID, PID, year) VALUES (1276, 31, 2021);
INSERT INTO Buys(GID, PID, year) VALUES (672, 220, 2003);
INSERT INTO Buys(GID, PID, year) VALUES (1101, 198, 2012);
INSERT INTO Buys(GID, PID, year) VALUES (1329, 404, 2017);
INSERT INTO Buys(GID, PID, year) VALUES (1325, 400, 2002);
INSERT INTO Buys(GID, PID, year) VALUES (672, 360, 2022);
INSERT INTO Buys(GID, PID, year) VALUES (1156, 423, 2009);
INSERT INTO Buys(GID, PID, year) VALUES (1147, 384, 2005);
INSERT INTO Buys(GID, PID, year) VALUES (464, 412, 2013);
INSERT INTO Buys(GID, PID, year) VALUES (1015, 100, 2003);
INSERT INTO Buys(GID, PID, year) VALUES (1019, 289, 2007);
INSERT INTO Buys(GID, PID, year) VALUES (1189, 300, 2004);
INSERT INTO Buys(GID, PID, year) VALUES (1310, 125, 2013);
INSERT INTO Buys(GID, PID, year) VALUES (837, 295, 2000);
INSERT INTO Buys(GID, PID, year) VALUES (1390, 342, 2003);
INSERT INTO Buys(GID, PID, year) VALUES (809, 261, 2000);
INSERT INTO Buys(GID, PID, year) VALUES (1425, 267, 2006);
INSERT INTO Buys(GID, PID, year) VALUES (946, 437, 2015);
INSERT INTO Buys(GID, PID, year) VALUES (1483, 290, 2013);
INSERT INTO Buys(GID, PID, year) VALUES (73, 382, 2004);
INSERT INTO Buys(GID, PID, year) VALUES (805, 279, 2015);
INSERT INTO Buys(GID, PID, year) VALUES (1159, 471, 2003);
INSERT INTO Buys(GID, PID, year) VALUES (1210, 358, 2007);
INSERT INTO Buys(GID, PID, year) VALUES (1462, 439, 2002);
INSERT INTO Buys(GID, PID, year) VALUES (873, 438, 2004);
INSERT INTO Buys(GID, PID, year) VALUES (1134, 350, 2000);
INSERT INTO Buys(GID, PID, year) VALUES (1356, 336, 2001);
INSERT INTO Buys(GID, PID, year) VALUES (1018, 526, 2012);
INSERT INTO Buys(GID, PID, year) VALUES (1299, 143, 2013);
INSERT INTO Buys(GID, PID, year) VALUES (734, 296, 2013);
INSERT INTO Buys(GID, PID, year) VALUES (1068, 538, 2007);
INSERT INTO Buys(GID, PID, year) VALUES (757, 186, 2017);
INSERT INTO Buys(GID, PID, year) VALUES (1250, 509, 2003);
INSERT INTO Buys(GID, PID, year) VALUES (880, 341, 2004);
INSERT INTO Buys(GID, PID, year) VALUES (1499, 253, 2021);
INSERT INTO Buys(GID, PID, year) VALUES (960, 513, 2005);
INSERT INTO Buys(GID, PID, year) VALUES (1338, 502, 2009);
INSERT INTO Buys(GID, PID, year) VALUES (1283, 457, 2001);
INSERT INTO Buys(GID, PID, year) VALUES (1344, 532, 2005);
INSERT INTO Buys(GID, PID, year) VALUES (459, 227, 2002);
INSERT INTO Buys(GID, PID, year) VALUES (405, 341, 2010);
INSERT INTO Buys(GID, PID, year) VALUES (657, 515, 2005);
INSERT INTO Buys(GID, PID, year) VALUES (395, 542, 2012);
INSERT INTO Buys(GID, PID, year) VALUES (1025, 466, 2005);
INSERT INTO Buys(GID, PID, year) VALUES (1243, 350, 2005);
INSERT INTO Buys(GID, PID, year) VALUES (1140, 357, 2023);
INSERT INTO Buys(GID, PID, year) VALUES (984, 65, 2002);
INSERT INTO Buys(GID, PID, year) VALUES (552, 346, 2007);
INSERT INTO Buys(GID, PID, year) VALUES (457, 273, 2011);
INSERT INTO Buys(GID, PID, year) VALUES (778, 499, 2009);
INSERT INTO Buys(GID, PID, year) VALUES (1224, 444, 2007);
INSERT INTO Buys(GID, PID, year) VALUES (1126, 543, 2004);
INSERT INTO Buys(GID, PID, year) VALUES (1121, 413, 2003);
INSERT INTO Buys(GID, PID, year) VALUES (809, 500, 2013);
INSERT INTO Buys(GID, PID, year) VALUES (1264, 367, 2001);
INSERT INTO Buys(GID, PID, year) VALUES (555, 125, 2008);
INSERT INTO Buys(GID, PID, year) VALUES (583, 129, 2001);
INSERT INTO Buys(GID, PID, year) VALUES (1123, 500, 2022);
INSERT INTO Buys(GID, PID, year) VALUES (1355, 328, 2017);
INSERT INTO Buys(GID, PID, year) VALUES (1216, 446, 2009);
INSERT INTO Buys(GID, PID, year) VALUES (852, 152, 2020);
INSERT INTO Buys(GID, PID, year) VALUES (849, 404, 2005);
INSERT INTO Buys(GID, PID, year) VALUES (1427, 255, 2015);
INSERT INTO Buys(GID, PID, year) VALUES (1299, 531, 2008);
INSERT INTO Buys(GID, PID, year) VALUES (671, 211, 2015);
INSERT INTO Buys(GID, PID, year) VALUES (756, 93, 2012);
INSERT INTO Buys(GID, PID, year) VALUES (837, 376, 2008);
INSERT INTO Buys(GID, PID, year) VALUES (596, 323, 2000);
INSERT INTO Buys(GID, PID, year) VALUES (1088, 328, 2002);
INSERT INTO Buys(GID, PID, year) VALUES (667, 371, 2008);
INSERT INTO Buys(GID, PID, year) VALUES (789, 496, 2003);
INSERT INTO Buys(GID, PID, year) VALUES (1372, 505, 2018);
INSERT INTO Buys(GID, PID, year) VALUES (331, 364, 2000);
INSERT INTO Buys(GID, PID, year) VALUES (83, 416, 2003);
INSERT INTO Buys(GID, PID, year) VALUES (593, 65, 2001);
INSERT INTO Buys(GID, PID, year) VALUES (647, 207, 2015);
INSERT INTO Buys(GID, PID, year) VALUES (1228, 348, 2007);
INSERT INTO Buys(GID, PID, year) VALUES (201, 494, 2005);
INSERT INTO Buys(GID, PID, year) VALUES (932, 486, 2015);
INSERT INTO Buys(GID, PID, year) VALUES (1389, 414, 2010);
INSERT INTO Buys(GID, PID, year) VALUES (1246, 55, 2005);
INSERT INTO Buys(GID, PID, year) VALUES (1113, 474, 2008);
INSERT INTO Buys(GID, PID, year) VALUES (1502, 495, 2007);
INSERT INTO Buys(GID, PID, year) VALUES (1148, 484, 2007);
INSERT INTO Buys(GID, PID, year) VALUES (1162, 384, 2004);
INSERT INTO Buys(GID, PID, year) VALUES (1297, 346, 2002);
INSERT INTO Buys(GID, PID, year) VALUES (586, 407, 2007);
INSERT INTO Buys(GID, PID, year) VALUES (1491, 87, 2007);
INSERT INTO Buys(GID, PID, year) VALUES (1330, 437, 2001);
INSERT INTO Buys(GID, PID, year) VALUES (902, 483, 2003);
INSERT INTO Buys(GID, PID, year) VALUES (915, 194, 2008);
INSERT INTO Buys(GID, PID, year) VALUES (542, 467, 2000);
INSERT INTO Buys(GID, PID, year) VALUES (1476, 231, 2000);
INSERT INTO Buys(GID, PID, year) VALUES (1307, 445, 2006);
INSERT INTO Buys(GID, PID, year) VALUES (756, 218, 2015);
INSERT INTO Buys(GID, PID, year) VALUES (1221, 489, 2001);
INSERT INTO Buys(GID, PID, year) VALUES (703, 435, 2020);
INSERT INTO Buys(GID, PID, year) VALUES (743, 199, 2022);
INSERT INTO Buys(GID, PID, year) VALUES (1422, 437, 2002);
INSERT INTO Buys(GID, PID, year) VALUES (1243, 400, 2015);
INSERT INTO Buys(GID, PID, year) VALUES (1354, 290, 2007);
INSERT INTO Buys(GID, PID, year) VALUES (1115, 458, 2004);
INSERT INTO Buys(GID, PID, year) VALUES (1286, 449, 2005);
INSERT INTO Buys(GID, PID, year) VALUES (950, 437, 2010);
INSERT INTO Buys(GID, PID, year) VALUES (1128, 236, 2005);
INSERT INTO Buys(GID, PID, year) VALUES (915, 311, 2012);
INSERT INTO Buys(GID, PID, year) VALUES (143, 247, 2007);
INSERT INTO Buys(GID, PID, year) VALUES (572, 264, 2003);
INSERT INTO Buys(GID, PID, year) VALUES (1341, 269, 2005);
INSERT INTO Buys(GID, PID, year) VALUES (870, 97, 2011);
INSERT INTO Buys(GID, PID, year) VALUES (1186, 228, 2017);
INSERT INTO Buys(GID, PID, year) VALUES (866, 451, 2004);
INSERT INTO Buys(GID, PID, year) VALUES (163, 313, 2009);
INSERT INTO Buys(GID, PID, year) VALUES (1222, 525, 2003);
INSERT INTO Buys(GID, PID, year) VALUES (1387, 291, 2010);
INSERT INTO Buys(GID, PID, year) VALUES (631, 513, 2004);
INSERT INTO Buys(GID, PID, year) VALUES (932, 212, 2003);
INSERT INTO Buys(GID, PID, year) VALUES (1187, 432, 2001);
INSERT INTO Buys(GID, PID, year) VALUES (1402, 323, 2004);
INSERT INTO Buys(GID, PID, year) VALUES (1428, 534, 2000);
INSERT INTO Buys(GID, PID, year) VALUES (411, 276, 2005);
INSERT INTO Buys(GID, PID, year) VALUES (1318, 324, 2000);
INSERT INTO Buys(GID, PID, year) VALUES (468, 25, 2000);
INSERT INTO Buys(GID, PID, year) VALUES (259, 333, 2005);
INSERT INTO Buys(GID, PID, year) VALUES (847, 208, 2008);
INSERT INTO Buys(GID, PID, year) VALUES (687, 376, 2005);
INSERT INTO Buys(GID, PID, year) VALUES (905, 229, 2024);
INSERT INTO Buys(GID, PID, year) VALUES (1502, 512, 2005);
INSERT INTO Buys(GID, PID, year) VALUES (888, 467, 2007);
INSERT INTO Buys(GID, PID, year) VALUES (844, 337, 2009);
INSERT INTO Buys(GID, PID, year) VALUES (1139, 327, 2008);
INSERT INTO Buys(GID, PID, year) VALUES (1452, 532, 2013);
INSERT INTO Buys(GID, PID, year) VALUES (1454, 511, 2010);
INSERT INTO Buys(GID, PID, year) VALUES (834, 493, 2010);
INSERT INTO Buys(GID, PID, year) VALUES (1015, 352, 2004);
INSERT INTO Buys(GID, PID, year) VALUES (1455, 505, 2001);
INSERT INTO Buys(GID, PID, year) VALUES (499, 377, 2012);
INSERT INTO Buys(GID, PID, year) VALUES (1505, 377, 2013);
INSERT INTO Buys(GID, PID, year) VALUES (1294, 174, 2006);
INSERT INTO Buys(GID, PID, year) VALUES (523, 417, 2001);
INSERT INTO Buys(GID, PID, year) VALUES (1047, 536, 2008);
INSERT INTO Buys(GID, PID, year) VALUES (1002, 356, 2009);
INSERT INTO Buys(GID, PID, year) VALUES (863, 439, 2010);
INSERT INTO Buys(GID, PID, year) VALUES (587, 536, 2005);
INSERT INTO Buys(GID, PID, year) VALUES (1139, 308, 2018);
INSERT INTO Buys(GID, PID, year) VALUES (993, 540, 2022);
INSERT INTO Buys(GID, PID, year) VALUES (1442, 504, 2016);
INSERT INTO Buys(GID, PID, year) VALUES (949, 166, 2016);
INSERT INTO Buys(GID, PID, year) VALUES (1064, 307, 2001);
INSERT INTO Buys(GID, PID, year) VALUES (444, 514, 2000);
INSERT INTO Buys(GID, PID, year) VALUES (366, 481, 2008);
INSERT INTO Buys(GID, PID, year) VALUES (1055, 267, 2001);
INSERT INTO Buys(GID, PID, year) VALUES (570, 431, 2013);
INSERT INTO Buys(GID, PID, year) VALUES (513, 529, 2009);
INSERT INTO Buys(GID, PID, year) VALUES (997, 410, 2000);
INSERT INTO Buys(GID, PID, year) VALUES (982, 436, 2009);
INSERT INTO Buys(GID, PID, year) VALUES (804, 439, 2011);
INSERT INTO Buys(GID, PID, year) VALUES (927, 477, 2004);
INSERT INTO Buys(GID, PID, year) VALUES (1260, 511, 2014);
INSERT INTO Buys(GID, PID, year) VALUES (1161, 466, 2011);
INSERT INTO Buys(GID, PID, year) VALUES (924, 457, 2010);
INSERT INTO Buys(GID, PID, year) VALUES (1185, 218, 2002);
INSERT INTO Buys(GID, PID, year) VALUES (748, 129, 2000);
INSERT INTO Buys(GID, PID, year) VALUES (660, 287, 2017);
INSERT INTO Buys(GID, PID, year) VALUES (1315, 440, 2006);
INSERT INTO Buys(GID, PID, year) VALUES (960, 421, 2000);
INSERT INTO Buys(GID, PID, year) VALUES (364, 538, 2013);
INSERT INTO Buys(GID, PID, year) VALUES (1373, 285, 2005);
INSERT INTO Buys(GID, PID, year) VALUES (1274, 534, 2011);
INSERT INTO Buys(GID, PID, year) VALUES (1011, 215, 2001);
INSERT INTO Buys(GID, PID, year) VALUES (596, 357, 2011);
INSERT INTO Buys(GID, PID, year) VALUES (849, 476, 2001);
INSERT INTO Buys(GID, PID, year) VALUES (921, 418, 2015);
INSERT INTO Buys(GID, PID, year) VALUES (1219, 406, 2010);
INSERT INTO Buys(GID, PID, year) VALUES (837, 435, 2017);
INSERT INTO Buys(GID, PID, year) VALUES (1438, 219, 2007);
INSERT INTO Buys(GID, PID, year) VALUES (1423, 179, 2006);
INSERT INTO Buys(GID, PID, year) VALUES (617, 316, 2009);
INSERT INTO Buys(GID, PID, year) VALUES (553, 528, 2017);
INSERT INTO Buys(GID, PID, year) VALUES (813, 272, 2006);
INSERT INTO Buys(GID, PID, year) VALUES (1282, 211, 2004);
INSERT INTO Buys(GID, PID, year) VALUES (1055, 355, 2021);
INSERT INTO Buys(GID, PID, year) VALUES (431, 307, 2009);
INSERT INTO Buys(GID, PID, year) VALUES (1207, 367, 2019);
INSERT INTO Buys(GID, PID, year) VALUES (802, 482, 2010);
INSERT INTO Buys(GID, PID, year) VALUES (1007, 510, 2012);
INSERT INTO Buys(GID, PID, year) VALUES (1122, 333, 2015);
INSERT INTO Buys(GID, PID, year) VALUES (1424, 525, 2010);
INSERT INTO Buys(GID, PID, year) VALUES (1380, 305, 2008);
INSERT INTO Buys(GID, PID, year) VALUES (451, 350, 2003);
INSERT INTO Buys(GID, PID, year) VALUES (739, 533, 2007);
INSERT INTO Buys(GID, PID, year) VALUES (1231, 443, 2000);
INSERT INTO Buys(GID, PID, year) VALUES (1496, 450, 2019);
INSERT INTO Buys(GID, PID, year) VALUES (1003, 154, 2004);
INSERT INTO Buys(GID, PID, year) VALUES (724, 195, 2000);
INSERT INTO Buys(GID, PID, year) VALUES (500, 379, 2008);
INSERT INTO Buys(GID, PID, year) VALUES (1051, 471, 2000);
INSERT INTO Buys(GID, PID, year) VALUES (974, 518, 2001);
INSERT INTO Buys(GID, PID, year) VALUES (1291, 263, 2004);
INSERT INTO Buys(GID, PID, year) VALUES (578, 453, 2002);
INSERT INTO Buys(GID, PID, year) VALUES (498, 362, 2020);
INSERT INTO Buys(GID, PID, year) VALUES (1327, 521, 2004);
INSERT INTO Buys(GID, PID, year) VALUES (1024, 511, 2004);
INSERT INTO Buys(GID, PID, year) VALUES (1110, 524, 2016);
INSERT INTO Buys(GID, PID, year) VALUES (1236, 426, 2010);
INSERT INTO Buys(GID, PID, year) VALUES (598, 416, 2007);
INSERT INTO Buys(GID, PID, year) VALUES (1437, 11, 2000);
INSERT INTO Buys(GID, PID, year) VALUES (1363, 535, 2009);
INSERT INTO Buys(GID, PID, year) VALUES (342, 496, 2017);
INSERT INTO Buys(GID, PID, year) VALUES (1301, 397, 2012);
INSERT INTO Buys(GID, PID, year) VALUES (656, 309, 2010);
INSERT INTO Buys(GID, PID, year) VALUES (495, 323, 2015);
INSERT INTO Buys(GID, PID, year) VALUES (1500, 122, 2005);
INSERT INTO Buys(GID, PID, year) VALUES (1445, 465, 2015);
INSERT INTO Buys(GID, PID, year) VALUES (1102, 503, 2002);
INSERT INTO Buys(GID, PID, year) VALUES (520, 250, 2000);
INSERT INTO Buys(GID, PID, year) VALUES (521, 447, 2001);
INSERT INTO Buys(GID, PID, year) VALUES (452, 430, 2004);
INSERT INTO Buys(GID, PID, year) VALUES (1448, 542, 2003);
INSERT INTO Buys(GID, PID, year) VALUES (1017, 169, 2007);
INSERT INTO Buys(GID, PID, year) VALUES (1330, 320, 2004);
INSERT INTO Buys(GID, PID, year) VALUES (548, 456, 2002);
INSERT INTO Buys(GID, PID, year) VALUES (644, 498, 2002);
INSERT INTO Buys(GID, PID, year) VALUES (1442, 357, 2004);
INSERT INTO Buys(GID, PID, year) VALUES (1324, 410, 2012);
INSERT INTO Buys(GID, PID, year) VALUES (1495, 335, 2010);
INSERT INTO Buys(GID, PID, year) VALUES (1224, 319, 2007);
INSERT INTO Buys(GID, PID, year) VALUES (807, 255, 2006);
INSERT INTO Buys(GID, PID, year) VALUES (801, 520, 2007);
INSERT INTO Buys(GID, PID, year) VALUES (930, 441, 2000);
INSERT INTO Buys(GID, PID, year) VALUES (1285, 209, 2003);
INSERT INTO Buys(GID, PID, year) VALUES (991, 494, 2001);
INSERT INTO Buys(GID, PID, year) VALUES (784, 426, 2020);
INSERT INTO Buys(GID, PID, year) VALUES (1264, 340, 2000);
INSERT INTO Buys(GID, PID, year) VALUES (789, 162, 2003);
INSERT INTO Buys(GID, PID, year) VALUES (1218, 307, 2004);
INSERT INTO Buys(GID, PID, year) VALUES (1507, 445, 2009);
INSERT INTO Buys(GID, PID, year) VALUES (707, 203, 2004);
INSERT INTO Buys(GID, PID, year) VALUES (552, 454, 2000);
INSERT INTO Buys(GID, PID, year) VALUES (1342, 231, 2011);
INSERT INTO Buys(GID, PID, year) VALUES (1462, 187, 2020);
INSERT INTO Buys(GID, PID, year) VALUES (1322, 497, 2007);
INSERT INTO Buys(GID, PID, year) VALUES (933, 449, 2003);
INSERT INTO Buys(GID, PID, year) VALUES (1328, 460, 2008);
INSERT INTO Buys(GID, PID, year) VALUES (1402, 442, 2003);
INSERT INTO Buys(GID, PID, year) VALUES (648, 335, 2009);
INSERT INTO Buys(GID, PID, year) VALUES (1394, 156, 2009);
INSERT INTO Buys(GID, PID, year) VALUES (1503, 362, 2005);
INSERT INTO Buys(GID, PID, year) VALUES (1255, 166, 2003);
INSERT INTO Buys(GID, PID, year) VALUES (1409, 85, 2006);
INSERT INTO Buys(GID, PID, year) VALUES (1502, 315, 2008);
INSERT INTO Buys(GID, PID, year) VALUES (1372, 333, 2013);
INSERT INTO Buys(GID, PID, year) VALUES (1079, 500, 2005);
INSERT INTO Buys(GID, PID, year) VALUES (719, 417, 2009);
INSERT INTO Buys(GID, PID, year) VALUES (1422, 101, 2012);
INSERT INTO Buys(GID, PID, year) VALUES (784, 472, 2008);
INSERT INTO Buys(GID, PID, year) VALUES (896, 194, 2011);
INSERT INTO Buys(GID, PID, year) VALUES (1347, 384, 2011);
INSERT INTO Buys(GID, PID, year) VALUES (1423, 164, 2000);
INSERT INTO Buys(GID, PID, year) VALUES (1443, 492, 2001);
INSERT INTO Buys(GID, PID, year) VALUES (758, 315, 2002);
INSERT INTO Buys(GID, PID, year) VALUES (1195, 485, 2004);
INSERT INTO Buys(GID, PID, year) VALUES (1040, 86, 2014);
INSERT INTO Buys(GID, PID, year) VALUES (385, 434, 2008);
INSERT INTO Buys(GID, PID, year) VALUES (477, 87, 2011);
INSERT INTO Buys(GID, PID, year) VALUES (1394, 287, 2006);
INSERT INTO Buys(GID, PID, year) VALUES (1495, 460, 2000);
INSERT INTO Buys(GID, PID, year) VALUES (1047, 48, 2003);
INSERT INTO Buys(GID, PID, year) VALUES (1143, 294, 2005);
INSERT INTO Buys(GID, PID, year) VALUES (944, 284, 2006);
INSERT INTO Buys(GID, PID, year) VALUES (1288, 193, 2002);
INSERT INTO Buys(GID, PID, year) VALUES (1094, 536, 2008);
INSERT INTO Buys(GID, PID, year) VALUES (1120, 437, 2001);
INSERT INTO Buys(GID, PID, year) VALUES (656, 496, 2000);
INSERT INTO Buys(GID, PID, year) VALUES (699, 269, 2019);
INSERT INTO Buys(GID, PID, year) VALUES (1059, 403, 2001);
INSERT INTO Buys(GID, PID, year) VALUES (689, 190, 2001);
INSERT INTO Buys(GID, PID, year) VALUES (702, 122, 2009);
INSERT INTO Buys(GID, PID, year) VALUES (1078, 479, 2000);
INSERT INTO Buys(GID, PID, year) VALUES (1335, 341, 2010);
INSERT INTO Buys(GID, PID, year) VALUES (1439, 523, 2018);
INSERT INTO Buys(GID, PID, year) VALUES (1417, 459, 2005);
INSERT INTO Buys(GID, PID, year) VALUES (1097, 195, 2015);
INSERT INTO Buys(GID, PID, year) VALUES (907, 78, 2010);
INSERT INTO Buys(GID, PID, year) VALUES (1175, 538, 2006);
INSERT INTO Buys(GID, PID, year) VALUES (597, 102, 2019);
INSERT INTO Buys(GID, PID, year) VALUES (798, 529, 2012);
INSERT INTO Buys(GID, PID, year) VALUES (867, 499, 2007);
INSERT INTO Buys(GID, PID, year) VALUES (492, 255, 2000);
INSERT INTO Buys(GID, PID, year) VALUES (1066, 227, 2003);
INSERT INTO Buys(GID, PID, year) VALUES (985, 392, 2004);
INSERT INTO Buys(GID, PID, year) VALUES (564, 419, 2006);
INSERT INTO Buys(GID, PID, year) VALUES (783, 240, 2017);
INSERT INTO Buys(GID, PID, year) VALUES (813, 321, 2008);
INSERT INTO Buys(GID, PID, year) VALUES (781, 452, 2018);
INSERT INTO Buys(GID, PID, year) VALUES (831, 270, 2013);
INSERT INTO Buys(GID, PID, year) VALUES (757, 297, 2007);
INSERT INTO Buys(GID, PID, year) VALUES (466, 406, 2002);
INSERT INTO Buys(GID, PID, year) VALUES (849, 102, 2000);
INSERT INTO Buys(GID, PID, year) VALUES (1056, 84, 2008);
INSERT INTO Buys(GID, PID, year) VALUES (156, 485, 2001);
INSERT INTO Buys(GID, PID, year) VALUES (1172, 377, 2022);
INSERT INTO Buys(GID, PID, year) VALUES (1349, 119, 2011);
INSERT INTO Buys(GID, PID, year) VALUES (581, 207, 2006);
INSERT INTO Buys(GID, PID, year) VALUES (1381, 422, 2002);
INSERT INTO Buys(GID, PID, year) VALUES (445, 445, 2015);
INSERT INTO Buys(GID, PID, year) VALUES (936, 514, 2009);
INSERT INTO Buys(GID, PID, year) VALUES (1465, 343, 2007);
INSERT INTO Buys(GID, PID, year) VALUES (1492, 262, 2002);
INSERT INTO Buys(GID, PID, year) VALUES (88, 227, 2011);
INSERT INTO Buys(GID, PID, year) VALUES (1349, 427, 2011);
INSERT INTO Buys(GID, PID, year) VALUES (800, 378, 2001);
INSERT INTO Buys(GID, PID, year) VALUES (866, 381, 2003);
INSERT INTO Buys(GID, PID, year) VALUES (1040, 477, 2001);
INSERT INTO Buys(GID, PID, year) VALUES (425, 317, 2004);
INSERT INTO Buys(GID, PID, year) VALUES (1305, 229, 2002);
INSERT INTO Buys(GID, PID, year) VALUES (1210, 307, 2014);
INSERT INTO Buys(GID, PID, year) VALUES (312, 459, 2016);
INSERT INTO Buys(GID, PID, year) VALUES (792, 246, 2017);
INSERT INTO Buys(GID, PID, year) VALUES (1012, 60, 2017);
INSERT INTO Buys(GID, PID, year) VALUES (391, 303, 2001);
INSERT INTO Buys(GID, PID, year) VALUES (1120, 428, 2014);
INSERT INTO Buys(GID, PID, year) VALUES (318, 397, 2007);
INSERT INTO Buys(GID, PID, year) VALUES (1361, 271, 2000);
INSERT INTO Buys(GID, PID, year) VALUES (595, 183, 2018);
INSERT INTO Buys(GID, PID, year) VALUES (870, 491, 2002);
INSERT INTO Buys(GID, PID, year) VALUES (1219, 423, 2007);
INSERT INTO Buys(GID, PID, year) VALUES (914, 481, 2007);
INSERT INTO Buys(GID, PID, year) VALUES (1141, 516, 2002);
INSERT INTO Buys(GID, PID, year) VALUES (1153, 19, 2012);
INSERT INTO Buys(GID, PID, year) VALUES (1427, 175, 2011);
INSERT INTO Buys(GID, PID, year) VALUES (1083, 44, 2001);
INSERT INTO Buys(GID, PID, year) VALUES (341, 238, 2001);
INSERT INTO Buys(GID, PID, year) VALUES (827, 457, 2003);
INSERT INTO Buys(GID, PID, year) VALUES (970, 454, 2001);
INSERT INTO Buys(GID, PID, year) VALUES (725, 477, 2013);
INSERT INTO Buys(GID, PID, year) VALUES (1380, 418, 2001);
INSERT INTO Buys(GID, PID, year) VALUES (1188, 128, 2013);
INSERT INTO Buys(GID, PID, year) VALUES (1090, 408, 2002);
INSERT INTO Buys(GID, PID, year) VALUES (1092, 321, 2009);
INSERT INTO Buys(GID, PID, year) VALUES (1195, 415, 2011);
INSERT INTO Buys(GID, PID, year) VALUES (1201, 512, 2002);
INSERT INTO Buys(GID, PID, year) VALUES (1371, 468, 2001);
INSERT INTO Buys(GID, PID, year) VALUES (1102, 435, 2015);
INSERT INTO Buys(GID, PID, year) VALUES (728, 325, 2006);
INSERT INTO Buys(GID, PID, year) VALUES (80, 259, 2002);
INSERT INTO Buys(GID, PID, year) VALUES (1161, 357, 2005);
INSERT INTO Buys(GID, PID, year) VALUES (1214, 293, 2012);
INSERT INTO Buys(GID, PID, year) VALUES (695, 390, 2002);
INSERT INTO Buys(GID, PID, year) VALUES (1129, 305, 2011);
INSERT INTO Buys(GID, PID, year) VALUES (574, 454, 2000);
INSERT INTO Buys(GID, PID, year) VALUES (271, 538, 2006);
INSERT INTO Buys(GID, PID, year) VALUES (1327, 479, 2009);
INSERT INTO Buys(GID, PID, year) VALUES (972, 429, 2000);
INSERT INTO Buys(GID, PID, year) VALUES (1325, 478, 2015);
INSERT INTO Buys(GID, PID, year) VALUES (44, 315, 2014);
INSERT INTO Buys(GID, PID, year) VALUES (992, 196, 2003);
INSERT INTO Buys(GID, PID, year) VALUES (1282, 475, 2009);
INSERT INTO Buys(GID, PID, year) VALUES (739, 68, 2005);
INSERT INTO Buys(GID, PID, year) VALUES (1124, 484, 2014);
INSERT INTO Buys(GID, PID, year) VALUES (761, 166, 2010);
INSERT INTO Buys(GID, PID, year) VALUES (730, 80, 2010);
INSERT INTO Buys(GID, PID, year) VALUES (157, 416, 2016);
INSERT INTO Buys(GID, PID, year) VALUES (1201, 537, 2006);
INSERT INTO Buys(GID, PID, year) VALUES (962, 516, 2010);
INSERT INTO Buys(GID, PID, year) VALUES (1299, 133, 2010);
INSERT INTO Buys(GID, PID, year) VALUES (1408, 255, 2003);
INSERT INTO Buys(GID, PID, year) VALUES (1202, 537, 2007);
INSERT INTO Buys(GID, PID, year) VALUES (1216, 334, 2003);
INSERT INTO Buys(GID, PID, year) VALUES (1004, 542, 2011);
INSERT INTO Buys(GID, PID, year) VALUES (1104, 225, 2006);
INSERT INTO Buys(GID, PID, year) VALUES (1127, 382, 2003);
INSERT INTO Buys(GID, PID, year) VALUES (573, 501, 2003);
INSERT INTO Buys(GID, PID, year) VALUES (525, 537, 2009);
INSERT INTO Buys(GID, PID, year) VALUES (228, 393, 2002);
INSERT INTO Buys(GID, PID, year) VALUES (434, 498, 2006);
INSERT INTO Buys(GID, PID, year) VALUES (831, 217, 2008);
INSERT INTO Buys(GID, PID, year) VALUES (796, 519, 2018);
INSERT INTO Buys(GID, PID, year) VALUES (1222, 338, 2003);
INSERT INTO Buys(GID, PID, year) VALUES (1217, 175, 2014);
INSERT INTO Buys(GID, PID, year) VALUES (1368, 333, 2004);
INSERT INTO Buys(GID, PID, year) VALUES (849, 517, 2012);
INSERT INTO Buys(GID, PID, year) VALUES (614, 443, 2009);
INSERT INTO Buys(GID, PID, year) VALUES (572, 360, 2006);
INSERT INTO Buys(GID, PID, year) VALUES (1231, 500, 2006);
INSERT INTO Buys(GID, PID, year) VALUES (1074, 442, 2005);
INSERT INTO Buys(GID, PID, year) VALUES (1232, 254, 2000);
INSERT INTO Buys(GID, PID, year) VALUES (1148, 438, 2013);
INSERT INTO Buys(GID, PID, year) VALUES (1483, 460, 2001);
INSERT INTO Buys(GID, PID, year) VALUES (405, 357, 2006);
INSERT INTO Buys(GID, PID, year) VALUES (1009, 418, 2010);
INSERT INTO Buys(GID, PID, year) VALUES (894, 292, 2004);
INSERT INTO Buys(GID, PID, year) VALUES (198, 401, 2002);
INSERT INTO Buys(GID, PID, year) VALUES (1017, 528, 2000);
INSERT INTO Buys(GID, PID, year) VALUES (828, 371, 2005);
INSERT INTO Buys(GID, PID, year) VALUES (1479, 55, 2015);
INSERT INTO Buys(GID, PID, year) VALUES (640, 434, 2002);
INSERT INTO Buys(GID, PID, year) VALUES (1373, 410, 2009);
INSERT INTO Buys(GID, PID, year) VALUES (1112, 480, 2010);
INSERT INTO Buys(GID, PID, year) VALUES (1490, 437, 2008);
INSERT INTO Buys(GID, PID, year) VALUES (1137, 221, 2001);
INSERT INTO Buys(GID, PID, year) VALUES (1397, 388, 2012);
INSERT INTO Buys(GID, PID, year) VALUES (957, 223, 2012);
INSERT INTO Buys(GID, PID, year) VALUES (889, 542, 2003);
INSERT INTO Buys(GID, PID, year) VALUES (1360, 534, 2022);
INSERT INTO Buys(GID, PID, year) VALUES (1369, 421, 2000);
INSERT INTO Buys(GID, PID, year) VALUES (1026, 469, 2015);
INSERT INTO Buys(GID, PID, year) VALUES (269, 406, 2000);
INSERT INTO Buys(GID, PID, year) VALUES (1358, 530, 2006);
INSERT INTO Buys(GID, PID, year) VALUES (1020, 303, 2007);
INSERT INTO Buys(GID, PID, year) VALUES (1191, 468, 2018);
INSERT INTO Buys(GID, PID, year) VALUES (549, 429, 2000);
INSERT INTO Buys(GID, PID, year) VALUES (828, 503, 2010);
INSERT INTO Buys(GID, PID, year) VALUES (821, 177, 2004);
INSERT INTO Buys(GID, PID, year) VALUES (771, 490, 2007);
INSERT INTO Buys(GID, PID, year) VALUES (1400, 492, 2010);
INSERT INTO Buys(GID, PID, year) VALUES (1177, 482, 2002);
INSERT INTO Buys(GID, PID, year) VALUES (617, 526, 2002);
INSERT INTO Buys(GID, PID, year) VALUES (517, 521, 2005);
INSERT INTO Buys(GID, PID, year) VALUES (986, 361, 2017);
INSERT INTO Buys(GID, PID, year) VALUES (622, 528, 2003);
INSERT INTO Buys(GID, PID, year) VALUES (1343, 60, 2002);
INSERT INTO Buys(GID, PID, year) VALUES (1215, 527, 2015);
INSERT INTO Buys(GID, PID, year) VALUES (1310, 284, 2008);
INSERT INTO Buys(GID, PID, year) VALUES (1135, 531, 2004);
INSERT INTO Buys(GID, PID, year) VALUES (936, 364, 2006);
INSERT INTO Buys(GID, PID, year) VALUES (628, 477, 2014);
INSERT INTO Buys(GID, PID, year) VALUES (504, 404, 2010);
INSERT INTO Buys(GID, PID, year) VALUES (257, 330, 2008);
INSERT INTO Buys(GID, PID, year) VALUES (1034, 542, 2001);
INSERT INTO Buys(GID, PID, year) VALUES (969, 152, 2018);
INSERT INTO Buys(GID, PID, year) VALUES (983, 482, 2001);
INSERT INTO Buys(GID, PID, year) VALUES (913, 431, 2007);
INSERT INTO Buys(GID, PID, year) VALUES (1206, 477, 2012);
INSERT INTO Buys(GID, PID, year) VALUES (1162, 250, 2002);
INSERT INTO Buys(GID, PID, year) VALUES (316, 519, 2013);
INSERT INTO Buys(GID, PID, year) VALUES (1360, 375, 2009);
INSERT INTO Buys(GID, PID, year) VALUES (912, 438, 2007);
INSERT INTO Buys(GID, PID, year) VALUES (1292, 541, 2006);
INSERT INTO Buys(GID, PID, year) VALUES (1287, 364, 2000);
INSERT INTO Buys(GID, PID, year) VALUES (1355, 315, 2009);
INSERT INTO Buys(GID, PID, year) VALUES (1163, 341, 2002);
INSERT INTO Buys(GID, PID, year) VALUES (713, 269, 2013);
INSERT INTO Buys(GID, PID, year) VALUES (1504, 469, 2002);
INSERT INTO Buys(GID, PID, year) VALUES (685, 29, 2008);
INSERT INTO Buys(GID, PID, year) VALUES (519, 494, 2007);
INSERT INTO Buys(GID, PID, year) VALUES (1163, 103, 2011);
INSERT INTO Buys(GID, PID, year) VALUES (746, 352, 2004);
INSERT INTO Buys(GID, PID, year) VALUES (731, 520, 2009);
INSERT INTO Buys(GID, PID, year) VALUES (1247, 360, 2016);
INSERT INTO Buys(GID, PID, year) VALUES (219, 358, 2000);
INSERT INTO Buys(GID, PID, year) VALUES (971, 498, 2006);
INSERT INTO Buys(GID, PID, year) VALUES (1225, 446, 2003);
INSERT INTO Buys(GID, PID, year) VALUES (961, 508, 2003);
INSERT INTO Buys(GID, PID, year) VALUES (965, 460, 2000);
INSERT INTO Buys(GID, PID, year) VALUES (733, 211, 2018);
INSERT INTO Buys(GID, PID, year) VALUES (786, 431, 2004);
INSERT INTO Buys(GID, PID, year) VALUES (1253, 522, 2001);
INSERT INTO Buys(GID, PID, year) VALUES (1173, 415, 2015);
INSERT INTO Buys(GID, PID, year) VALUES (316, 537, 2002);
INSERT INTO Buys(GID, PID, year) VALUES (1041, 171, 2001);
INSERT INTO Buys(GID, PID, year) VALUES (851, 94, 2012);
INSERT INTO Buys(GID, PID, year) VALUES (1502, 405, 2000);
INSERT INTO Buys(GID, PID, year) VALUES (1404, 300, 2010);
INSERT INTO Buys(GID, PID, year) VALUES (1151, 122, 2003);
INSERT INTO Buys(GID, PID, year) VALUES (1291, 26, 2000);
INSERT INTO Buys(GID, PID, year) VALUES (909, 146, 2012);
INSERT INTO Buys(GID, PID, year) VALUES (806, 467, 2000);
INSERT INTO Buys(GID, PID, year) VALUES (1405, 438, 2006);
INSERT INTO Buys(GID, PID, year) VALUES (1386, 484, 2005);
INSERT INTO Buys(GID, PID, year) VALUES (1465, 430, 2018);
INSERT INTO Buys(GID, PID, year) VALUES (1489, 375, 2009);
INSERT INTO Buys(GID, PID, year) VALUES (1099, 469, 2009);
INSERT INTO Buys(GID, PID, year) VALUES (1380, 446, 2012);
INSERT INTO Buys(GID, PID, year) VALUES (1421, 45, 2002);
INSERT INTO Buys(GID, PID, year) VALUES (1423, 471, 2006);
INSERT INTO Buys(GID, PID, year) VALUES (1480, 465, 2000);
INSERT INTO Buys(GID, PID, year) VALUES (1263, 539, 2013);
INSERT INTO Buys(GID, PID, year) VALUES (892, 524, 2017);
INSERT INTO Buys(GID, PID, year) VALUES (574, 376, 2000);
INSERT INTO Buys(GID, PID, year) VALUES (1323, 147, 2001);
INSERT INTO Buys(GID, PID, year) VALUES (751, 206, 2001);
INSERT INTO Buys(GID, PID, year) VALUES (1502, 397, 2009);
INSERT INTO Buys(GID, PID, year) VALUES (1230, 520, 2013);
INSERT INTO Buys(GID, PID, year) VALUES (1236, 222, 2016);
INSERT INTO Buys(GID, PID, year) VALUES (981, 19, 2024);
INSERT INTO Buys(GID, PID, year) VALUES (595, 410, 2000);
INSERT INTO Buys(GID, PID, year) VALUES (566, 384, 2004);
INSERT INTO Buys(GID, PID, year) VALUES (400, 460, 2021);
INSERT INTO Buys(GID, PID, year) VALUES (1118, 487, 2014);
INSERT INTO Buys(GID, PID, year) VALUES (1190, 466, 2000);
INSERT INTO Buys(GID, PID, year) VALUES (1321, 424, 2014);
INSERT INTO Buys(GID, PID, year) VALUES (828, 369, 2014);
INSERT INTO Buys(GID, PID, year) VALUES (704, 499, 2002);
INSERT INTO Buys(GID, PID, year) VALUES (936, 138, 2007);
INSERT INTO Buys(GID, PID, year) VALUES (938, 227, 2000);
INSERT INTO Buys(GID, PID, year) VALUES (1474, 227, 2017);
INSERT INTO Buys(GID, PID, year) VALUES (1017, 203, 2012);
INSERT INTO Buys(GID, PID, year) VALUES (625, 488, 2011);
INSERT INTO Buys(GID, PID, year) VALUES (1488, 493, 2001);
INSERT INTO Buys(GID, PID, year) VALUES (1269, 539, 2007);
INSERT INTO Buys(GID, PID, year) VALUES (851, 521, 2012);
INSERT INTO Buys(GID, PID, year) VALUES (1332, 170, 2006);
INSERT INTO Buys(GID, PID, year) VALUES (1191, 284, 2003);
INSERT INTO Buys(GID, PID, year) VALUES (1252, 181, 2015);
INSERT INTO Buys(GID, PID, year) VALUES (1401, 429, 2006);
INSERT INTO Buys(GID, PID, year) VALUES (299, 406, 2007);
INSERT INTO Buys(GID, PID, year) VALUES (638, 438, 2000);
INSERT INTO Buys(GID, PID, year) VALUES (1496, 510, 2016);
INSERT INTO Buys(GID, PID, year) VALUES (1355, 234, 2017);
INSERT INTO Buys(GID, PID, year) VALUES (1343, 105, 2002);
INSERT INTO Buys(GID, PID, year) VALUES (1271, 389, 2016);
INSERT INTO Buys(GID, PID, year) VALUES (1357, 473, 2001);
INSERT INTO Buys(GID, PID, year) VALUES (432, 298, 2006);
INSERT INTO Buys(GID, PID, year) VALUES (664, 139, 2013);
INSERT INTO Buys(GID, PID, year) VALUES (1363, 252, 2017);
INSERT INTO Buys(GID, PID, year) VALUES (924, 471, 2016);
INSERT INTO Buys(GID, PID, year) VALUES (243, 269, 2011);
INSERT INTO Buys(GID, PID, year) VALUES (1437, 239, 2011);
INSERT INTO Buys(GID, PID, year) VALUES (460, 304, 2017);
INSERT INTO Buys(GID, PID, year) VALUES (546, 347, 2001);
INSERT INTO Buys(GID, PID, year) VALUES (1211, 250, 2005);
INSERT INTO Buys(GID, PID, year) VALUES (956, 315, 2009);
INSERT INTO Buys(GID, PID, year) VALUES (1265, 265, 2007);
INSERT INTO Buys(GID, PID, year) VALUES (1323, 476, 2004);
INSERT INTO Buys(GID, PID, year) VALUES (1496, 539, 2007);
INSERT INTO Buys(GID, PID, year) VALUES (1294, 139, 2001);
INSERT INTO Buys(GID, PID, year) VALUES (1494, 235, 2001);
INSERT INTO Buys(GID, PID, year) VALUES (631, 379, 2002);
INSERT INTO Buys(GID, PID, year) VALUES (1054, 478, 2001);
INSERT INTO Buys(GID, PID, year) VALUES (1428, 506, 2020);
INSERT INTO Buys(GID, PID, year) VALUES (501, 472, 2004);
INSERT INTO Buys(GID, PID, year) VALUES (1007, 322, 2017);
INSERT INTO Buys(GID, PID, year) VALUES (1247, 474, 2002);
INSERT INTO Buys(GID, PID, year) VALUES (1012, 271, 2006);
INSERT INTO Buys(GID, PID, year) VALUES (994, 525, 2006);
INSERT INTO Buys(GID, PID, year) VALUES (1066, 359, 2011);
INSERT INTO Buys(GID, PID, year) VALUES (1249, 304, 2012);
INSERT INTO Buys(GID, PID, year) VALUES (629, 254, 2008);
INSERT INTO Buys(GID, PID, year) VALUES (1467, 95, 2000);
INSERT INTO Buys(GID, PID, year) VALUES (1360, 526, 2002);
INSERT INTO Buys(GID, PID, year) VALUES (1135, 536, 2000);
INSERT INTO Buys(GID, PID, year) VALUES (1445, 440, 2009);
INSERT INTO Buys(GID, PID, year) VALUES (1241, 467, 2018);
INSERT INTO Buys(GID, PID, year) VALUES (1452, 395, 2007);
INSERT INTO Buys(GID, PID, year) VALUES (821, 431, 2008);
INSERT INTO Buys(GID, PID, year) VALUES (1178, 518, 2015);
INSERT INTO Buys(GID, PID, year) VALUES (1373, 225, 2011);
INSERT INTO Buys(GID, PID, year) VALUES (1398, 424, 2012);
INSERT INTO Buys(GID, PID, year) VALUES (1345, 397, 2018);
INSERT INTO Buys(GID, PID, year) VALUES (1323, 325, 2005);
INSERT INTO Buys(GID, PID, year) VALUES (984, 294, 2006);
INSERT INTO Buys(GID, PID, year) VALUES (614, 446, 2012);
INSERT INTO Buys(GID, PID, year) VALUES (1256, 467, 2014);
INSERT INTO Buys(GID, PID, year) VALUES (1332, 274, 2021);
INSERT INTO Buys(GID, PID, year) VALUES (965, 246, 2010);
INSERT INTO Buys(GID, PID, year) VALUES (852, 440, 2000);
INSERT INTO Buys(GID, PID, year) VALUES (1056, 484, 2003);
INSERT INTO Buys(GID, PID, year) VALUES (475, 177, 2005);
INSERT INTO Buys(GID, PID, year) VALUES (1201, 329, 2008);
INSERT INTO Buys(GID, PID, year) VALUES (1502, 360, 2014);
INSERT INTO Buys(GID, PID, year) VALUES (806, 151, 2005);
INSERT INTO Buys(GID, PID, year) VALUES (1477, 433, 2002);
INSERT INTO Buys(GID, PID, year) VALUES (1259, 507, 2007);
INSERT INTO Buys(GID, PID, year) VALUES (1471, 100, 2012);
INSERT INTO Buys(GID, PID, year) VALUES (599, 131, 2004);
INSERT INTO Buys(GID, PID, year) VALUES (1360, 335, 2000);
INSERT INTO Buys(GID, PID, year) VALUES (1177, 303, 2007);
INSERT INTO Buys(GID, PID, year) VALUES (1276, 147, 2006);
INSERT INTO Buys(GID, PID, year) VALUES (432, 453, 2013);
INSERT INTO Buys(GID, PID, year) VALUES (1087, 181, 2013);
INSERT INTO Buys(GID, PID, year) VALUES (1166, 297, 2007);
INSERT INTO Buys(GID, PID, year) VALUES (728, 519, 2008);
INSERT INTO Buys(GID, PID, year) VALUES (488, 452, 2015);
INSERT INTO Buys(GID, PID, year) VALUES (562, 220, 2017);
INSERT INTO Buys(GID, PID, year) VALUES (669, 352, 2012);
INSERT INTO Buys(GID, PID, year) VALUES (1145, 156, 2018);
INSERT INTO Buys(GID, PID, year) VALUES (1422, 139, 2004);
INSERT INTO Buys(GID, PID, year) VALUES (1479, 399, 2009);
INSERT INTO Buys(GID, PID, year) VALUES (1222, 182, 2007);
INSERT INTO Buys(GID, PID, year) VALUES (1322, 307, 2000);
INSERT INTO Buys(GID, PID, year) VALUES (394, 392, 2005);
INSERT INTO Buys(GID, PID, year) VALUES (1493, 48, 2002);
INSERT INTO Buys(GID, PID, year) VALUES (1236, 366, 2000);
INSERT INTO Buys(GID, PID, year) VALUES (1379, 421, 2018);
INSERT INTO Buys(GID, PID, year) VALUES (763, 453, 2012);
INSERT INTO Buys(GID, PID, year) VALUES (877, 530, 2001);
INSERT INTO Buys(GID, PID, year) VALUES (958, 75, 2003);
INSERT INTO Buys(GID, PID, year) VALUES (1465, 454, 2004);
INSERT INTO Buys(GID, PID, year) VALUES (358, 165, 2010);
INSERT INTO Buys(GID, PID, year) VALUES (925, 410, 2016);
INSERT INTO Buys(GID, PID, year) VALUES (1428, 409, 2013);
INSERT INTO Buys(GID, PID, year) VALUES (1435, 218, 2014);
INSERT INTO Buys(GID, PID, year) VALUES (904, 541, 2001);
INSERT INTO Buys(GID, PID, year) VALUES (1476, 522, 2004);
INSERT INTO Buys(GID, PID, year) VALUES (1220, 543, 2000);
INSERT INTO Buys(GID, PID, year) VALUES (1172, 281, 2011);
INSERT INTO Buys(GID, PID, year) VALUES (1191, 183, 2004);
INSERT INTO Buys(GID, PID, year) VALUES (855, 501, 2005);
INSERT INTO Buys(GID, PID, year) VALUES (970, 403, 2004);
INSERT INTO Buys(GID, PID, year) VALUES (1494, 518, 2018);
INSERT INTO Buys(GID, PID, year) VALUES (1116, 99, 2000);
INSERT INTO Buys(GID, PID, year) VALUES (1270, 259, 2001);
INSERT INTO Buys(GID, PID, year) VALUES (1261, 345, 2013);
INSERT INTO Buys(GID, PID, year) VALUES (1191, 272, 2014);
INSERT INTO Buys(GID, PID, year) VALUES (1188, 526, 2002);
INSERT INTO Buys(GID, PID, year) VALUES (1420, 509, 2008);
INSERT INTO Buys(GID, PID, year) VALUES (71, 215, 2018);
INSERT INTO Buys(GID, PID, year) VALUES (1392, 498, 2009);
INSERT INTO Buys(GID, PID, year) VALUES (958, 372, 2002);
INSERT INTO Buys(GID, PID, year) VALUES (840, 212, 2002);
INSERT INTO Buys(GID, PID, year) VALUES (884, 251, 2010);
INSERT INTO Buys(GID, PID, year) VALUES (1140, 226, 2019);
INSERT INTO Buys(GID, PID, year) VALUES (1488, 104, 2003);
INSERT INTO Buys(GID, PID, year) VALUES (716, 277, 2009);
INSERT INTO Buys(GID, PID, year) VALUES (606, 362, 2000);
INSERT INTO Buys(GID, PID, year) VALUES (295, 288, 2001);
INSERT INTO Buys(GID, PID, year) VALUES (665, 463, 2001);
INSERT INTO Buys(GID, PID, year) VALUES (285, 484, 2003);
INSERT INTO Buys(GID, PID, year) VALUES (1071, 231, 2015);
INSERT INTO Buys(GID, PID, year) VALUES (1223, 539, 2008);
INSERT INTO Buys(GID, PID, year) VALUES (1408, 477, 2002);
INSERT INTO Buys(GID, PID, year) VALUES (318, 175, 2009);
INSERT INTO Buys(GID, PID, year) VALUES (429, 209, 2010);
INSERT INTO Buys(GID, PID, year) VALUES (882, 513, 2006);
INSERT INTO Buys(GID, PID, year) VALUES (1337, 277, 2003);
INSERT INTO Buys(GID, PID, year) VALUES (393, 271, 2003);
INSERT INTO Buys(GID, PID, year) VALUES (1342, 192, 2000);
INSERT INTO Buys(GID, PID, year) VALUES (1153, 33, 2000);
INSERT INTO Buys(GID, PID, year) VALUES (1320, 466, 2007);
INSERT INTO Buys(GID, PID, year) VALUES (1306, 507, 2015);
INSERT INTO Buys(GID, PID, year) VALUES (1088, 306, 2020);
INSERT INTO Buys(GID, PID, year) VALUES (1192, 178, 2018);
INSERT INTO Buys(GID, PID, year) VALUES (1326, 373, 2015);
INSERT INTO Buys(GID, PID, year) VALUES (1230, 488, 2007);
INSERT INTO Buys(GID, PID, year) VALUES (1450, 331, 2011);
INSERT INTO Buys(GID, PID, year) VALUES (628, 167, 2010);
INSERT INTO Buys(GID, PID, year) VALUES (824, 503, 2015);
INSERT INTO Buys(GID, PID, year) VALUES (829, 491, 2003);
INSERT INTO Buys(GID, PID, year) VALUES (294, 489, 2007);
INSERT INTO Buys(GID, PID, year) VALUES (1438, 301, 2012);
INSERT INTO Buys(GID, PID, year) VALUES (718, 370, 2003);
INSERT INTO Buys(GID, PID, year) VALUES (873, 381, 2009);
INSERT INTO Buys(GID, PID, year) VALUES (1353, 408, 2014);
INSERT INTO Buys(GID, PID, year) VALUES (1180, 461, 2002);
INSERT INTO Buys(GID, PID, year) VALUES (1495, 252, 2003);
INSERT INTO Buys(GID, PID, year) VALUES (423, 383, 2000);
INSERT INTO Buys(GID, PID, year) VALUES (1459, 500, 2013);
INSERT INTO Buys(GID, PID, year) VALUES (1308, 541, 2006);
INSERT INTO Buys(GID, PID, year) VALUES (1131, 461, 2006);
INSERT INTO Buys(GID, PID, year) VALUES (1407, 251, 2007);
INSERT INTO Buys(GID, PID, year) VALUES (873, 368, 2003);
INSERT INTO Buys(GID, PID, year) VALUES (1371, 258, 2019);
INSERT INTO Buys(GID, PID, year) VALUES (944, 427, 2001);
INSERT INTO Buys(GID, PID, year) VALUES (503, 481, 2008);
INSERT INTO Buys(GID, PID, year) VALUES (861, 426, 2008);
INSERT INTO Buys(GID, PID, year) VALUES (1368, 331, 2006);
INSERT INTO Buys(GID, PID, year) VALUES (1235, 299, 2008);
INSERT INTO Buys(GID, PID, year) VALUES (1226, 397, 2013);
INSERT INTO Buys(GID, PID, year) VALUES (929, 140, 2002);
INSERT INTO Buys(GID, PID, year) VALUES (1161, 434, 2004);
INSERT INTO Buys(GID, PID, year) VALUES (343, 186, 2000);
INSERT INTO Buys(GID, PID, year) VALUES (794, 494, 2002);
INSERT INTO Buys(GID, PID, year) VALUES (1426, 506, 2013);
INSERT INTO Buys(GID, PID, year) VALUES (1242, 460, 2010);
INSERT INTO Buys(GID, PID, year) VALUES (817, 229, 2004);
INSERT INTO Buys(GID, PID, year) VALUES (1230, 429, 2007);
INSERT INTO Buys(GID, PID, year) VALUES (1484, 208, 2015);
INSERT INTO Buys(GID, PID, year) VALUES (1069, 424, 2002);
INSERT INTO Buys(GID, PID, year) VALUES (1138, 493, 2014);
INSERT INTO Buys(GID, PID, year) VALUES (686, 421, 2003);
INSERT INTO Buys(GID, PID, year) VALUES (859, 270, 2002);
INSERT INTO Buys(GID, PID, year) VALUES (584, 261, 2017);
INSERT INTO Buys(GID, PID, year) VALUES (201, 111, 2000);
INSERT INTO Buys(GID, PID, year) VALUES (1291, 269, 2004);
INSERT INTO Buys(GID, PID, year) VALUES (1439, 407, 2000);
INSERT INTO Buys(GID, PID, year) VALUES (1101, 244, 2005);
INSERT INTO Buys(GID, PID, year) VALUES (1243, 444, 2005);
INSERT INTO Buys(GID, PID, year) VALUES (808, 487, 2016);
INSERT INTO Buys(GID, PID, year) VALUES (500, 421, 2004);
INSERT INTO Buys(GID, PID, year) VALUES (1270, 479, 2001);
INSERT INTO Buys(GID, PID, year) VALUES (1475, 402, 2013);
INSERT INTO Buys(GID, PID, year) VALUES (654, 330, 2010);
INSERT INTO Buys(GID, PID, year) VALUES (724, 371, 2009);
INSERT INTO Buys(GID, PID, year) VALUES (1040, 369, 2016);
INSERT INTO Buys(GID, PID, year) VALUES (288, 199, 2021);
INSERT INTO Buys(GID, PID, year) VALUES (736, 171, 2006);
INSERT INTO Buys(GID, PID, year) VALUES (1434, 465, 2012);
INSERT INTO Buys(GID, PID, year) VALUES (1268, 314, 2006);
INSERT INTO Buys(GID, PID, year) VALUES (834, 360, 2005);
INSERT INTO Buys(GID, PID, year) VALUES (433, 183, 2010);
INSERT INTO Buys(GID, PID, year) VALUES (1196, 542, 2011);
INSERT INTO Buys(GID, PID, year) VALUES (1506, 244, 2007);
INSERT INTO Buys(GID, PID, year) VALUES (1028, 406, 2003);
INSERT INTO Buys(GID, PID, year) VALUES (1451, 525, 2014);
INSERT INTO Buys(GID, PID, year) VALUES (370, 112, 2013);
INSERT INTO Buys(GID, PID, year) VALUES (603, 135, 2007);
INSERT INTO Buys(GID, PID, year) VALUES (1424, 426, 2009);
INSERT INTO Buys(GID, PID, year) VALUES (716, 500, 2017);
INSERT INTO Buys(GID, PID, year) VALUES (1229, 329, 2009);
INSERT INTO Buys(GID, PID, year) VALUES (1329, 543, 2007);
INSERT INTO Buys(GID, PID, year) VALUES (1326, 316, 2017);
INSERT INTO Buys(GID, PID, year) VALUES (1489, 433, 2017);
INSERT INTO Buys(GID, PID, year) VALUES (1103, 189, 2006);
INSERT INTO Buys(GID, PID, year) VALUES (1032, 498, 2007);
INSERT INTO Buys(GID, PID, year) VALUES (1078, 95, 2006);
INSERT INTO Buys(GID, PID, year) VALUES (1142, 277, 2003);
INSERT INTO Buys(GID, PID, year) VALUES (654, 463, 2005);
INSERT INTO Buys(GID, PID, year) VALUES (285, 171, 2002);
INSERT INTO Buys(GID, PID, year) VALUES (958, 229, 2007);
INSERT INTO Buys(GID, PID, year) VALUES (956, 408, 2012);
INSERT INTO Buys(GID, PID, year) VALUES (1297, 97, 2019);
INSERT INTO Buys(GID, PID, year) VALUES (925, 195, 2021);
INSERT INTO Buys(GID, PID, year) VALUES (1064, 257, 2006);
INSERT INTO Buys(GID, PID, year) VALUES (874, 481, 2021);
INSERT INTO Buys(GID, PID, year) VALUES (913, 282, 2006);
INSERT INTO Buys(GID, PID, year) VALUES (1194, 491, 2016);
INSERT INTO Buys(GID, PID, year) VALUES (897, 394, 2011);
INSERT INTO Buys(GID, PID, year) VALUES (1015, 191, 2010);
INSERT INTO Buys(GID, PID, year) VALUES (1198, 530, 2003);
INSERT INTO Buys(GID, PID, year) VALUES (666, 360, 2015);
INSERT INTO Buys(GID, PID, year) VALUES (718, 457, 2001);
INSERT INTO Buys(GID, PID, year) VALUES (900, 470, 2012);
INSERT INTO Buys(GID, PID, year) VALUES (1149, 475, 2003);
INSERT INTO Buys(GID, PID, year) VALUES (911, 304, 2017);
INSERT INTO Buys(GID, PID, year) VALUES (1202, 314, 2008);
INSERT INTO Buys(GID, PID, year) VALUES (1015, 506, 2017);
INSERT INTO Buys(GID, PID, year) VALUES (1491, 536, 2008);
INSERT INTO Buys(GID, PID, year) VALUES (481, 280, 2001);
INSERT INTO Buys(GID, PID, year) VALUES (341, 420, 2006);
INSERT INTO Buys(GID, PID, year) VALUES (1055, 312, 2003);
INSERT INTO Buys(GID, PID, year) VALUES (1464, 319, 2011);
INSERT INTO Buys(GID, PID, year) VALUES (1266, 420, 2001);
INSERT INTO Buys(GID, PID, year) VALUES (212, 321, 2012);
INSERT INTO Buys(GID, PID, year) VALUES (897, 359, 2001);
INSERT INTO Buys(GID, PID, year) VALUES (709, 514, 2010);
INSERT INTO Buys(GID, PID, year) VALUES (663, 537, 2011);
INSERT INTO Buys(GID, PID, year) VALUES (1022, 349, 2008);
INSERT INTO Buys(GID, PID, year) VALUES (359, 298, 2007);
INSERT INTO Buys(GID, PID, year) VALUES (938, 493, 2000);
INSERT INTO Buys(GID, PID, year) VALUES (1394, 399, 2015);
INSERT INTO Buys(GID, PID, year) VALUES (671, 377, 2017);
INSERT INTO Buys(GID, PID, year) VALUES (1345, 480, 2002);
INSERT INTO Buys(GID, PID, year) VALUES (574, 442, 2002);
INSERT INTO Buys(GID, PID, year) VALUES (1151, 518, 2014);
INSERT INTO Buys(GID, PID, year) VALUES (1040, 483, 2009);
INSERT INTO Buys(GID, PID, year) VALUES (1013, 193, 2005);
INSERT INTO Buys(GID, PID, year) VALUES (1401, 360, 2019);
INSERT INTO Buys(GID, PID, year) VALUES (611, 502, 2016);
INSERT INTO Buys(GID, PID, year) VALUES (1497, 307, 2007);
INSERT INTO Buys(GID, PID, year) VALUES (1092, 285, 2010);
INSERT INTO Buys(GID, PID, year) VALUES (119, 355, 2006);
INSERT INTO Buys(GID, PID, year) VALUES (1338, 393, 2010);
INSERT INTO Buys(GID, PID, year) VALUES (1012, 309, 2007);
INSERT INTO Buys(GID, PID, year) VALUES (904, 206, 2018);
INSERT INTO Buys(GID, PID, year) VALUES (585, 306, 2006);
INSERT INTO Buys(GID, PID, year) VALUES (793, 459, 2000);
INSERT INTO Buys(GID, PID, year) VALUES (1275, 299, 2001);
INSERT INTO Buys(GID, PID, year) VALUES (1137, 323, 2020);
INSERT INTO Buys(GID, PID, year) VALUES (1422, 368, 2022);
INSERT INTO Buys(GID, PID, year) VALUES (613, 531, 2006);
INSERT INTO Buys(GID, PID, year) VALUES (1161, 298, 2006);
INSERT INTO Buys(GID, PID, year) VALUES (514, 501, 2010);
INSERT INTO Buys(GID, PID, year) VALUES (999, 238, 2002);
INSERT INTO Buys(GID, PID, year) VALUES (1151, 448, 2015);
INSERT INTO Buys(GID, PID, year) VALUES (1431, 471, 2011);
INSERT INTO Buys(GID, PID, year) VALUES (1183, 297, 2006);
INSERT INTO Buys(GID, PID, year) VALUES (1445, 297, 2011);
INSERT INTO Buys(GID, PID, year) VALUES (786, 217, 2001);
INSERT INTO Buys(GID, PID, year) VALUES (1289, 235, 2003);
INSERT INTO Buys(GID, PID, year) VALUES (1248, 243, 2001);
INSERT INTO Buys(GID, PID, year) VALUES (1498, 467, 2007);
INSERT INTO Buys(GID, PID, year) VALUES (1378, 288, 2005);
INSERT INTO Buys(GID, PID, year) VALUES (253, 426, 2018);
INSERT INTO Buys(GID, PID, year) VALUES (1269, 342, 2004);
INSERT INTO Buys(GID, PID, year) VALUES (1023, 399, 2006);
INSERT INTO Buys(GID, PID, year) VALUES (1314, 496, 2015);
INSERT INTO Buys(GID, PID, year) VALUES (364, 344, 2018);
INSERT INTO Buys(GID, PID, year) VALUES (705, 451, 2010);
INSERT INTO Buys(GID, PID, year) VALUES (960, 400, 2017);
INSERT INTO Buys(GID, PID, year) VALUES (1173, 291, 2003);
INSERT INTO Buys(GID, PID, year) VALUES (883, 241, 2003);
INSERT INTO Buys(GID, PID, year) VALUES (1191, 455, 2005);
INSERT INTO Buys(GID, PID, year) VALUES (736, 307, 2005);
INSERT INTO Buys(GID, PID, year) VALUES (1201, 334, 2010);
INSERT INTO Buys(GID, PID, year) VALUES (627, 76, 2002);
INSERT INTO Buys(GID, PID, year) VALUES (106, 408, 2006);
INSERT INTO Buys(GID, PID, year) VALUES (961, 461, 2005);
INSERT INTO Buys(GID, PID, year) VALUES (463, 486, 2002);
INSERT INTO Buys(GID, PID, year) VALUES (1203, 209, 2013);
INSERT INTO Buys(GID, PID, year) VALUES (1449, 260, 2002);
INSERT INTO Buys(GID, PID, year) VALUES (523, 543, 2014);
INSERT INTO Buys(GID, PID, year) VALUES (1365, 471, 2002);
INSERT INTO Buys(GID, PID, year) VALUES (562, 317, 2019);
INSERT INTO Buys(GID, PID, year) VALUES (1084, 532, 2004);
INSERT INTO Buys(GID, PID, year) VALUES (1104, 290, 2001);
INSERT INTO Buys(GID, PID, year) VALUES (475, 146, 2001);
INSERT INTO Buys(GID, PID, year) VALUES (1365, 428, 2012);
INSERT INTO Buys(GID, PID, year) VALUES (1186, 258, 2010);
INSERT INTO Buys(GID, PID, year) VALUES (1321, 121, 2000);
INSERT INTO Buys(GID, PID, year) VALUES (1506, 288, 2001);
INSERT INTO Buys(GID, PID, year) VALUES (1503, 185, 2020);
INSERT INTO Buys(GID, PID, year) VALUES (1300, 295, 2001);
INSERT INTO Buys(GID, PID, year) VALUES (438, 171, 2000);
INSERT INTO Buys(GID, PID, year) VALUES (312, 204, 2007);
INSERT INTO Buys(GID, PID, year) VALUES (864, 491, 2019);
INSERT INTO Buys(GID, PID, year) VALUES (954, 444, 2015);
INSERT INTO Buys(GID, PID, year) VALUES (219, 393, 2000);
INSERT INTO Buys(GID, PID, year) VALUES (749, 481, 2005);
INSERT INTO Buys(GID, PID, year) VALUES (822, 203, 2010);
INSERT INTO Buys(GID, PID, year) VALUES (1145, 197, 2010);
INSERT INTO Buys(GID, PID, year) VALUES (1255, 119, 2010);
INSERT INTO Buys(GID, PID, year) VALUES (1499, 158, 2017);
INSERT INTO Buys(GID, PID, year) VALUES (447, 527, 2014);
INSERT INTO Buys(GID, PID, year) VALUES (721, 526, 2013);
INSERT INTO Buys(GID, PID, year) VALUES (327, 365, 2006);
INSERT INTO Buys(GID, PID, year) VALUES (1274, 384, 2000);
INSERT INTO Buys(GID, PID, year) VALUES (733, 438, 2000);
INSERT INTO Buys(GID, PID, year) VALUES (216, 427, 2013);
INSERT INTO Buys(GID, PID, year) VALUES (603, 246, 2007);
INSERT INTO Buys(GID, PID, year) VALUES (815, 407, 2017);
INSERT INTO Buys(GID, PID, year) VALUES (880, 520, 2002);
INSERT INTO Buys(GID, PID, year) VALUES (984, 278, 2003);
INSERT INTO Buys(GID, PID, year) VALUES (915, 322, 2001);
INSERT INTO Buys(GID, PID, year) VALUES (833, 395, 2017);
INSERT INTO Buys(GID, PID, year) VALUES (1311, 469, 2015);
INSERT INTO Buys(GID, PID, year) VALUES (763, 294, 2001);
INSERT INTO Buys(GID, PID, year) VALUES (1434, 267, 2017);
INSERT INTO Buys(GID, PID, year) VALUES (1090, 249, 2016);
INSERT INTO Buys(GID, PID, year) VALUES (1286, 355, 2012);
INSERT INTO Buys(GID, PID, year) VALUES (811, 527, 2006);
INSERT INTO Buys(GID, PID, year) VALUES (680, 93, 2001);
INSERT INTO Buys(GID, PID, year) VALUES (1028, 490, 2010);
INSERT INTO Buys(GID, PID, year) VALUES (1363, 416, 2004);
INSERT INTO Buys(GID, PID, year) VALUES (885, 363, 2023);
INSERT INTO Buys(GID, PID, year) VALUES (455, 398, 2003);
INSERT INTO Buys(GID, PID, year) VALUES (934, 446, 2021);
INSERT INTO Buys(GID, PID, year) VALUES (1192, 394, 2001);
INSERT INTO Buys(GID, PID, year) VALUES (1378, 426, 2008);
INSERT INTO Buys(GID, PID, year) VALUES (770, 462, 2014);
INSERT INTO Buys(GID, PID, year) VALUES (674, 542, 2008);
INSERT INTO Buys(GID, PID, year) VALUES (722, 405, 2004);
INSERT INTO Buys(GID, PID, year) VALUES (314, 368, 2015);
INSERT INTO Buys(GID, PID, year) VALUES (1197, 483, 2000);
INSERT INTO Buys(GID, PID, year) VALUES (421, 380, 2011);
INSERT INTO Buys(GID, PID, year) VALUES (1183, 381, 2009);
INSERT INTO Buys(GID, PID, year) VALUES (812, 273, 2003);
INSERT INTO Buys(GID, PID, year) VALUES (1363, 282, 2009);
INSERT INTO Buys(GID, PID, year) VALUES (991, 237, 2013);
INSERT INTO Buys(GID, PID, year) VALUES (596, 433, 2007);
INSERT INTO Buys(GID, PID, year) VALUES (584, 488, 2004);
INSERT INTO Buys(GID, PID, year) VALUES (1267, 281, 2001);
INSERT INTO Buys(GID, PID, year) VALUES (615, 525, 2000);
INSERT INTO Buys(GID, PID, year) VALUES (1474, 136, 2005);
INSERT INTO Buys(GID, PID, year) VALUES (1005, 54, 2004);
INSERT INTO Buys(GID, PID, year) VALUES (1459, 299, 2011);
INSERT INTO Buys(GID, PID, year) VALUES (654, 450, 2005);
INSERT INTO Buys(GID, PID, year) VALUES (1019, 366, 2009);
INSERT INTO Buys(GID, PID, year) VALUES (1213, 500, 2002);
INSERT INTO Buys(GID, PID, year) VALUES (800, 148, 2000);
INSERT INTO Buys(GID, PID, year) VALUES (446, 408, 2015);
INSERT INTO Buys(GID, PID, year) VALUES (899, 274, 2002);
INSERT INTO Buys(GID, PID, year) VALUES (809, 226, 2022);
INSERT INTO Buys(GID, PID, year) VALUES (893, 201, 2000);
INSERT INTO Buys(GID, PID, year) VALUES (906, 465, 2009);
INSERT INTO Buys(GID, PID, year) VALUES (1228, 345, 2010);
INSERT INTO Buys(GID, PID, year) VALUES (891, 451, 2006);
INSERT INTO Buys(GID, PID, year) VALUES (1351, 281, 2000);
INSERT INTO Buys(GID, PID, year) VALUES (1215, 442, 2005);
INSERT INTO Buys(GID, PID, year) VALUES (1283, 380, 2001);
INSERT INTO Buys(GID, PID, year) VALUES (810, 374, 2023);
INSERT INTO Buys(GID, PID, year) VALUES (1111, 423, 2009);
INSERT INTO Buys(GID, PID, year) VALUES (1277, 363, 2004);
INSERT INTO Buys(GID, PID, year) VALUES (1394, 366, 2024);
INSERT INTO Buys(GID, PID, year) VALUES (1153, 350, 2009);
INSERT INTO Buys(GID, PID, year) VALUES (1499, 493, 2020);
INSERT INTO Buys(GID, PID, year) VALUES (1241, 222, 2009);
INSERT INTO Buys(GID, PID, year) VALUES (1466, 454, 2014);
INSERT INTO Buys(GID, PID, year) VALUES (1176, 451, 2002);
INSERT INTO Buys(GID, PID, year) VALUES (471, 309, 2006);
INSERT INTO Buys(GID, PID, year) VALUES (1139, 267, 2002);
INSERT INTO Buys(GID, PID, year) VALUES (634, 271, 2009);
INSERT INTO Buys(GID, PID, year) VALUES (1191, 424, 2017);
INSERT INTO Buys(GID, PID, year) VALUES (419, 277, 2000);
INSERT INTO Buys(GID, PID, year) VALUES (1059, 277, 2006);
INSERT INTO Buys(GID, PID, year) VALUES (848, 429, 2006);
INSERT INTO Buys(GID, PID, year) VALUES (1048, 438, 2013);
INSERT INTO Buys(GID, PID, year) VALUES (643, 84, 2015);
INSERT INTO Buys(GID, PID, year) VALUES (1405, 244, 2003);
INSERT INTO Buys(GID, PID, year) VALUES (662, 91, 2001);
INSERT INTO Buys(GID, PID, year) VALUES (995, 414, 2008);
INSERT INTO Buys(GID, PID, year) VALUES (1247, 352, 2005);
INSERT INTO Buys(GID, PID, year) VALUES (817, 487, 2012);
INSERT INTO Buys(GID, PID, year) VALUES (1122, 516, 2011);
INSERT INTO Buys(GID, PID, year) VALUES (1361, 503, 2002);
INSERT INTO Buys(GID, PID, year) VALUES (998, 343, 2016);
INSERT INTO Buys(GID, PID, year) VALUES (445, 523, 2005);
INSERT INTO Buys(GID, PID, year) VALUES (503, 198, 2002);
INSERT INTO Buys(GID, PID, year) VALUES (843, 290, 2004);
INSERT INTO Buys(GID, PID, year) VALUES (881, 117, 2002);
INSERT INTO Buys(GID, PID, year) VALUES (1447, 517, 2011);
INSERT INTO Buys(GID, PID, year) VALUES (880, 314, 2000);
INSERT INTO Buys(GID, PID, year) VALUES (571, 527, 2012);
INSERT INTO Buys(GID, PID, year) VALUES (323, 225, 2002);
INSERT INTO Buys(GID, PID, year) VALUES (1433, 376, 2005);
INSERT INTO Buys(GID, PID, year) VALUES (827, 288, 2018);
INSERT INTO Buys(GID, PID, year) VALUES (719, 343, 2015);
INSERT INTO Buys(GID, PID, year) VALUES (905, 12, 2012);
INSERT INTO Buys(GID, PID, year) VALUES (1212, 481, 2005);
INSERT INTO Buys(GID, PID, year) VALUES (1255, 359, 2001);
INSERT INTO Buys(GID, PID, year) VALUES (1165, 289, 2002);
INSERT INTO Buys(GID, PID, year) VALUES (1455, 408, 2014);
INSERT INTO Buys(GID, PID, year) VALUES (1409, 396, 2010);
INSERT INTO Buys(GID, PID, year) VALUES (318, 483, 2009);
INSERT INTO Buys(GID, PID, year) VALUES (1091, 422, 2011);
INSERT INTO Buys(GID, PID, year) VALUES (1352, 262, 2006);
INSERT INTO Buys(GID, PID, year) VALUES (679, 298, 2002);
INSERT INTO Buys(GID, PID, year) VALUES (680, 366, 2014);
INSERT INTO Buys(GID, PID, year) VALUES (1498, 461, 2002);
INSERT INTO Buys(GID, PID, year) VALUES (982, 297, 2007);
INSERT INTO Buys(GID, PID, year) VALUES (1268, 255, 2016);
INSERT INTO Buys(GID, PID, year) VALUES (787, 135, 2020);
INSERT INTO Buys(GID, PID, year) VALUES (1351, 269, 2001);
INSERT INTO Buys(GID, PID, year) VALUES (1161, 411, 2000);
INSERT INTO Buys(GID, PID, year) VALUES (670, 528, 2007);
INSERT INTO Buys(GID, PID, year) VALUES (989, 255, 2011);
INSERT INTO Buys(GID, PID, year) VALUES (1289, 485, 2007);
INSERT INTO Buys(GID, PID, year) VALUES (649, 422, 2004);
INSERT INTO Buys(GID, PID, year) VALUES (1435, 477, 2004);
INSERT INTO Buys(GID, PID, year) VALUES (683, 414, 2017);
INSERT INTO Buys(GID, PID, year) VALUES (983, 160, 2002);
INSERT INTO Buys(GID, PID, year) VALUES (1052, 237, 2017);
INSERT INTO Buys(GID, PID, year) VALUES (1290, 258, 2001);
INSERT INTO Buys(GID, PID, year) VALUES (831, 199, 2007);
INSERT INTO Buys(GID, PID, year) VALUES (750, 161, 2004);
INSERT INTO Buys(GID, PID, year) VALUES (1030, 408, 2016);
INSERT INTO Buys(GID, PID, year) VALUES (775, 500, 2002);
INSERT INTO Buys(GID, PID, year) VALUES (1404, 313, 2021);
INSERT INTO Buys(GID, PID, year) VALUES (1202, 78, 2000);
INSERT INTO Buys(GID, PID, year) VALUES (703, 454, 2015);
INSERT INTO Buys(GID, PID, year) VALUES (832, 486, 2006);
INSERT INTO Buys(GID, PID, year) VALUES (1060, 424, 2019);
INSERT INTO Buys(GID, PID, year) VALUES (1279, 452, 2002);
INSERT INTO Buys(GID, PID, year) VALUES (1394, 413, 2017);
INSERT INTO Buys(GID, PID, year) VALUES (1463, 130, 2010);
INSERT INTO Buys(GID, PID, year) VALUES (1073, 466, 2002);
INSERT INTO Buys(GID, PID, year) VALUES (897, 499, 2018);
INSERT INTO Buys(GID, PID, year) VALUES (1248, 449, 2000);
INSERT INTO Buys(GID, PID, year) VALUES (1267, 457, 2006);
INSERT INTO Buys(GID, PID, year) VALUES (959, 434, 2002);
INSERT INTO Buys(GID, PID, year) VALUES (682, 478, 2017);
INSERT INTO Buys(GID, PID, year) VALUES (1360, 314, 2005);
INSERT INTO Buys(GID, PID, year) VALUES (1073, 337, 2011);
INSERT INTO Buys(GID, PID, year) VALUES (439, 221, 2015);
INSERT INTO Buys(GID, PID, year) VALUES (569, 272, 2017);
INSERT INTO Buys(GID, PID, year) VALUES (1412, 415, 2005);
INSERT INTO Buys(GID, PID, year) VALUES (1279, 337, 2000);
INSERT INTO Buys(GID, PID, year) VALUES (956, 364, 2004);
INSERT INTO Buys(GID, PID, year) VALUES (497, 336, 2010);
INSERT INTO Buys(GID, PID, year) VALUES (1302, 530, 2003);
INSERT INTO Buys(GID, PID, year) VALUES (1086, 466, 2000);
INSERT INTO Buys(GID, PID, year) VALUES (1393, 494, 2002);
INSERT INTO Buys(GID, PID, year) VALUES (735, 348, 2011);
INSERT INTO Buys(GID, PID, year) VALUES (958, 459, 2009);
INSERT INTO Buys(GID, PID, year) VALUES (1220, 508, 2007);
INSERT INTO Buys(GID, PID, year) VALUES (738, 537, 2009);
INSERT INTO Buys(GID, PID, year) VALUES (1191, 415, 2016);
INSERT INTO Buys(GID, PID, year) VALUES (410, 402, 2007);
INSERT INTO Buys(GID, PID, year) VALUES (1018, 239, 2005);
INSERT INTO Buys(GID, PID, year) VALUES (960, 403, 2009);
INSERT INTO Buys(GID, PID, year) VALUES (565, 302, 2001);
INSERT INTO Buys(GID, PID, year) VALUES (1481, 285, 2003);
INSERT INTO Buys(GID, PID, year) VALUES (923, 126, 2000);
INSERT INTO Buys(GID, PID, year) VALUES (450, 317, 2009);
INSERT INTO Buys(GID, PID, year) VALUES (1479, 458, 2020);
INSERT INTO Buys(GID, PID, year) VALUES (1460, 257, 2011);
INSERT INTO Buys(GID, PID, year) VALUES (1089, 426, 2001);
INSERT INTO Buys(GID, PID, year) VALUES (392, 463, 2000);
INSERT INTO Buys(GID, PID, year) VALUES (772, 266, 2008);
INSERT INTO Buys(GID, PID, year) VALUES (1358, 505, 2002);
INSERT INTO Buys(GID, PID, year) VALUES (526, 260, 2000);
INSERT INTO Buys(GID, PID, year) VALUES (950, 185, 2000);
INSERT INTO Buys(GID, PID, year) VALUES (1012, 503, 2010);
INSERT INTO Buys(GID, PID, year) VALUES (1341, 497, 2009);
INSERT INTO Buys(GID, PID, year) VALUES (1069, 254, 2009);
INSERT INTO Buys(GID, PID, year) VALUES (1286, 275, 2011);
INSERT INTO Buys(GID, PID, year) VALUES (883, 397, 2002);
INSERT INTO Buys(GID, PID, year) VALUES (399, 359, 2001);
INSERT INTO Buys(GID, PID, year) VALUES (839, 350, 2014);
INSERT INTO Buys(GID, PID, year) VALUES (625, 500, 2000);
INSERT INTO Buys(GID, PID, year) VALUES (955, 449, 2017);
INSERT INTO Buys(GID, PID, year) VALUES (1085, 442, 2007);
INSERT INTO Buys(GID, PID, year) VALUES (924, 423, 2000);
INSERT INTO Buys(GID, PID, year) VALUES (694, 523, 2003);
INSERT INTO Buys(GID, PID, year) VALUES (990, 314, 2012);
INSERT INTO Buys(GID, PID, year) VALUES (1251, 456, 2000);
INSERT INTO Buys(GID, PID, year) VALUES (713, 62, 2011);
INSERT INTO Buys(GID, PID, year) VALUES (1226, 499, 2009);
INSERT INTO Buys(GID, PID, year) VALUES (413, 468, 2004);
INSERT INTO Buys(GID, PID, year) VALUES (1447, 516, 2001);
INSERT INTO Buys(GID, PID, year) VALUES (1173, 508, 2012);
INSERT INTO Buys(GID, PID, year) VALUES (781, 535, 2002);
INSERT INTO Buys(GID, PID, year) VALUES (1410, 368, 2015);
INSERT INTO Buys(GID, PID, year) VALUES (1348, 344, 2009);
INSERT INTO Buys(GID, PID, year) VALUES (550, 199, 2002);
INSERT INTO Buys(GID, PID, year) VALUES (1380, 331, 2007);
INSERT INTO Buys(GID, PID, year) VALUES (1390, 314, 2003);
INSERT INTO Buys(GID, PID, year) VALUES (1256, 435, 2009);
INSERT INTO Buys(GID, PID, year) VALUES (994, 73, 2008);
INSERT INTO Buys(GID, PID, year) VALUES (874, 456, 2009);
INSERT INTO Buys(GID, PID, year) VALUES (691, 408, 2000);
INSERT INTO Buys(GID, PID, year) VALUES (636, 494, 2012);
INSERT INTO Buys(GID, PID, year) VALUES (1203, 423, 2016);
INSERT INTO Buys(GID, PID, year) VALUES (295, 474, 2001);
INSERT INTO Buys(GID, PID, year) VALUES (627, 194, 2019);
INSERT INTO Buys(GID, PID, year) VALUES (1112, 523, 2001);
INSERT INTO Buys(GID, PID, year) VALUES (1413, 349, 2003);
INSERT INTO Buys(GID, PID, year) VALUES (1087, 190, 2008);
INSERT INTO Buys(GID, PID, year) VALUES (1106, 382, 2001);
INSERT INTO Buys(GID, PID, year) VALUES (745, 527, 2013);
INSERT INTO Buys(GID, PID, year) VALUES (1356, 302, 2008);
INSERT INTO Buys(GID, PID, year) VALUES (1201, 289, 2005);
INSERT INTO Buys(GID, PID, year) VALUES (739, 393, 2013);
INSERT INTO Buys(GID, PID, year) VALUES (56, 435, 2012);
INSERT INTO Buys(GID, PID, year) VALUES (541, 406, 2008);
INSERT INTO Buys(GID, PID, year) VALUES (353, 424, 2000);
INSERT INTO Buys(GID, PID, year) VALUES (1030, 383, 2001);
INSERT INTO Buys(GID, PID, year) VALUES (1158, 264, 2009);
INSERT INTO Buys(GID, PID, year) VALUES (436, 444, 2000);
INSERT INTO Buys(GID, PID, year) VALUES (234, 398, 2014);
INSERT INTO Buys(GID, PID, year) VALUES (869, 468, 2000);
INSERT INTO Buys(GID, PID, year) VALUES (1182, 214, 2005);
INSERT INTO Buys(GID, PID, year) VALUES (562, 470, 2001);
INSERT INTO Buys(GID, PID, year) VALUES (1332, 538, 2001);
INSERT INTO Buys(GID, PID, year) VALUES (878, 270, 2000);
INSERT INTO Buys(GID, PID, year) VALUES (1468, 451, 2020);
INSERT INTO Buys(GID, PID, year) VALUES (1007, 446, 2007);
INSERT INTO Buys(GID, PID, year) VALUES (1245, 399, 2017);
INSERT INTO Buys(GID, PID, year) VALUES (892, 522, 2014);
INSERT INTO Buys(GID, PID, year) VALUES (1420, 500, 2013);
INSERT INTO Buys(GID, PID, year) VALUES (1195, 63, 2006);
INSERT INTO Buys(GID, PID, year) VALUES (1335, 541, 2015);
INSERT INTO Buys(GID, PID, year) VALUES (1100, 421, 2011);
INSERT INTO Buys(GID, PID, year) VALUES (1078, 366, 2018);
INSERT INTO Buys(GID, PID, year) VALUES (1312, 301, 2008);
INSERT INTO Buys(GID, PID, year) VALUES (1007, 292, 2010);
INSERT INTO Buys(GID, PID, year) VALUES (522, 310, 2002);
INSERT INTO Buys(GID, PID, year) VALUES (1223, 496, 2007);
INSERT INTO Buys(GID, PID, year) VALUES (1150, 523, 2002);
INSERT INTO Buys(GID, PID, year) VALUES (986, 176, 2003);
INSERT INTO Buys(GID, PID, year) VALUES (1001, 301, 2010);
INSERT INTO Buys(GID, PID, year) VALUES (990, 499, 2015);
INSERT INTO Buys(GID, PID, year) VALUES (271, 542, 2004);
INSERT INTO Buys(GID, PID, year) VALUES (1050, 289, 2014);
INSERT INTO Buys(GID, PID, year) VALUES (1342, 323, 2000);
INSERT INTO Buys(GID, PID, year) VALUES (430, 475, 2009);
INSERT INTO Buys(GID, PID, year) VALUES (963, 190, 2007);
INSERT INTO Buys(GID, PID, year) VALUES (738, 523, 2014);
INSERT INTO Buys(GID, PID, year) VALUES (615, 349, 2003);
INSERT INTO Buys(GID, PID, year) VALUES (786, 272, 2014);
INSERT INTO Buys(GID, PID, year) VALUES (1148, 537, 2005);
INSERT INTO Buys(GID, PID, year) VALUES (981, 311, 2019);
INSERT INTO Buys(GID, PID, year) VALUES (973, 370, 2018);
INSERT INTO Buys(GID, PID, year) VALUES (1261, 198, 2006);
INSERT INTO Buys(GID, PID, year) VALUES (347, 304, 2010);
INSERT INTO Buys(GID, PID, year) VALUES (1362, 272, 2008);
INSERT INTO Buys(GID, PID, year) VALUES (1461, 433, 2002);
INSERT INTO Buys(GID, PID, year) VALUES (1402, 203, 2017);
INSERT INTO Buys(GID, PID, year) VALUES (796, 299, 2012);
INSERT INTO Buys(GID, PID, year) VALUES (1097, 118, 2006);
INSERT INTO Buys(GID, PID, year) VALUES (1070, 255, 2016);
INSERT INTO Buys(GID, PID, year) VALUES (1374, 496, 2006);
INSERT INTO Buys(GID, PID, year) VALUES (818, 510, 2000);
INSERT INTO Buys(GID, PID, year) VALUES (985, 532, 2004);
INSERT INTO Buys(GID, PID, year) VALUES (1297, 392, 2004);
INSERT INTO Buys(GID, PID, year) VALUES (1500, 508, 2007);
INSERT INTO Buys(GID, PID, year) VALUES (1192, 303, 2008);
INSERT INTO Buys(GID, PID, year) VALUES (1318, 215, 2010);
INSERT INTO Buys(GID, PID, year) VALUES (391, 267, 2005);
INSERT INTO Buys(GID, PID, year) VALUES (510, 381, 2016);
INSERT INTO Buys(GID, PID, year) VALUES (872, 68, 2005);
INSERT INTO Buys(GID, PID, year) VALUES (618, 187, 2008);
INSERT INTO Buys(GID, PID, year) VALUES (328, 437, 2003);
INSERT INTO Buys(GID, PID, year) VALUES (98, 417, 2014);
INSERT INTO Buys(GID, PID, year) VALUES (1091, 261, 2000);
INSERT INTO Buys(GID, PID, year) VALUES (953, 524, 2001);
INSERT INTO Buys(GID, PID, year) VALUES (1272, 361, 2006);
INSERT INTO Buys(GID, PID, year) VALUES (1405, 513, 2011);
INSERT INTO Buys(GID, PID, year) VALUES (500, 249, 2009);
INSERT INTO Buys(GID, PID, year) VALUES (1170, 488, 2007);
INSERT INTO Buys(GID, PID, year) VALUES (1186, 524, 2002);
INSERT INTO Buys(GID, PID, year) VALUES (1295, 407, 2000);
INSERT INTO Buys(GID, PID, year) VALUES (933, 80, 2020);
INSERT INTO Buys(GID, PID, year) VALUES (1486, 479, 2019);
INSERT INTO Buys(GID, PID, year) VALUES (680, 533, 2006);
INSERT INTO Buys(GID, PID, year) VALUES (547, 511, 2000);
INSERT INTO Buys(GID, PID, year) VALUES (1141, 486, 2004);
INSERT INTO Buys(GID, PID, year) VALUES (1028, 316, 2006);
INSERT INTO Buys(GID, PID, year) VALUES (1238, 436, 2004);
INSERT INTO Buys(GID, PID, year) VALUES (1045, 67, 2012);
INSERT INTO Buys(GID, PID, year) VALUES (967, 385, 2001);
INSERT INTO Buys(GID, PID, year) VALUES (1486, 309, 2005);
INSERT INTO Buys(GID, PID, year) VALUES (1503, 304, 2000);
INSERT INTO Buys(GID, PID, year) VALUES (1325, 322, 2000);
INSERT INTO Buys(GID, PID, year) VALUES (1291, 340, 2014);
INSERT INTO Buys(GID, PID, year) VALUES (1185, 532, 2011);
INSERT INTO Buys(GID, PID, year) VALUES (1309, 421, 2010);
INSERT INTO Buys(GID, PID, year) VALUES (950, 207, 2021);
INSERT INTO Buys(GID, PID, year) VALUES (968, 486, 2007);
INSERT INTO Buys(GID, PID, year) VALUES (1442, 132, 2001);
INSERT INTO Buys(GID, PID, year) VALUES (736, 526, 2001);
INSERT INTO Buys(GID, PID, year) VALUES (1119, 404, 2001);
INSERT INTO Buys(GID, PID, year) VALUES (1432, 403, 2004);
INSERT INTO Buys(GID, PID, year) VALUES (817, 392, 2009);
INSERT INTO Buys(GID, PID, year) VALUES (756, 453, 2000);
INSERT INTO Buys(GID, PID, year) VALUES (629, 543, 2008);
INSERT INTO Buys(GID, PID, year) VALUES (1327, 509, 2014);
INSERT INTO Buys(GID, PID, year) VALUES (1446, 254, 2006);
INSERT INTO Buys(GID, PID, year) VALUES (1280, 265, 2000);
INSERT INTO Buys(GID, PID, year) VALUES (1332, 466, 2001);
INSERT INTO Buys(GID, PID, year) VALUES (1277, 436, 2015);
INSERT INTO Buys(GID, PID, year) VALUES (782, 394, 2004);
INSERT INTO Buys(GID, PID, year) VALUES (1364, 344, 2005);
INSERT INTO Buys(GID, PID, year) VALUES (878, 120, 2001);
INSERT INTO Buys(GID, PID, year) VALUES (274, 356, 2015);
INSERT INTO Buys(GID, PID, year) VALUES (269, 356, 2011);
INSERT INTO Buys(GID, PID, year) VALUES (1437, 499, 2017);
INSERT INTO Buys(GID, PID, year) VALUES (540, 64, 2024);
INSERT INTO Buys(GID, PID, year) VALUES (911, 414, 2003);
INSERT INTO Buys(GID, PID, year) VALUES (479, 407, 2007);
INSERT INTO Buys(GID, PID, year) VALUES (785, 418, 2007);
INSERT INTO Buys(GID, PID, year) VALUES (1236, 285, 2011);
INSERT INTO Buys(GID, PID, year) VALUES (1281, 505, 2004);
INSERT INTO Buys(GID, PID, year) VALUES (588, 469, 2004);
INSERT INTO Buys(GID, PID, year) VALUES (1149, 509, 2003);
INSERT INTO Buys(GID, PID, year) VALUES (983, 233, 2005);
INSERT INTO Buys(GID, PID, year) VALUES (779, 471, 2021);
INSERT INTO Buys(GID, PID, year) VALUES (1500, 185, 2005);
INSERT INTO Buys(GID, PID, year) VALUES (1058, 253, 2019);
INSERT INTO Buys(GID, PID, year) VALUES (1273, 533, 2005);
INSERT INTO Buys(GID, PID, year) VALUES (678, 262, 2001);
INSERT INTO Buys(GID, PID, year) VALUES (1078, 517, 2003);
INSERT INTO Buys(GID, PID, year) VALUES (601, 431, 2007);
INSERT INTO Buys(GID, PID, year) VALUES (1382, 480, 2009);
INSERT INTO Buys(GID, PID, year) VALUES (1122, 327, 2006);
INSERT INTO Buys(GID, PID, year) VALUES (632, 482, 2002);
INSERT INTO Buys(GID, PID, year) VALUES (1451, 259, 2016);
INSERT INTO Buys(GID, PID, year) VALUES (309, 271, 2017);
INSERT INTO Buys(GID, PID, year) VALUES (767, 496, 2005);
INSERT INTO Buys(GID, PID, year) VALUES (709, 508, 2011);
INSERT INTO Buys(GID, PID, year) VALUES (1017, 386, 2007);
INSERT INTO Buys(GID, PID, year) VALUES (906, 348, 2021);
INSERT INTO Buys(GID, PID, year) VALUES (1499, 231, 2014);
INSERT INTO Buys(GID, PID, year) VALUES (1322, 454, 2021);
INSERT INTO Buys(GID, PID, year) VALUES (545, 162, 2006);
INSERT INTO Buys(GID, PID, year) VALUES (1445, 443, 2003);
INSERT INTO Buys(GID, PID, year) VALUES (574, 387, 2004);
INSERT INTO Buys(GID, PID, year) VALUES (946, 426, 2003);
INSERT INTO Buys(GID, PID, year) VALUES (716, 459, 2000);
INSERT INTO Buys(GID, PID, year) VALUES (471, 300, 2013);
INSERT INTO Buys(GID, PID, year) VALUES (1169, 424, 2004);
INSERT INTO Buys(GID, PID, year) VALUES (167, 183, 2022);
INSERT INTO Buys(GID, PID, year) VALUES (664, 196, 2024);
INSERT INTO Buys(GID, PID, year) VALUES (1423, 301, 2003);
INSERT INTO Buys(GID, PID, year) VALUES (1492, 309, 2001);
INSERT INTO Buys(GID, PID, year) VALUES (1211, 514, 2002);
INSERT INTO Buys(GID, PID, year) VALUES (588, 435, 2000);
INSERT INTO Buys(GID, PID, year) VALUES (1321, 303, 2010);
INSERT INTO Buys(GID, PID, year) VALUES (1047, 88, 2005);
INSERT INTO Buys(GID, PID, year) VALUES (1337, 4, 2004);
INSERT INTO Buys(GID, PID, year) VALUES (948, 240, 2011);
INSERT INTO Buys(GID, PID, year) VALUES (1076, 500, 2011);
INSERT INTO Buys(GID, PID, year) VALUES (1206, 503, 2007);
INSERT INTO Buys(GID, PID, year) VALUES (1467, 503, 2009);
INSERT INTO Buys(GID, PID, year) VALUES (784, 430, 2010);
INSERT INTO Buys(GID, PID, year) VALUES (611, 394, 2023);
INSERT INTO Buys(GID, PID, year) VALUES (1352, 319, 2015);
INSERT INTO Buys(GID, PID, year) VALUES (514, 302, 2000);
INSERT INTO Buys(GID, PID, year) VALUES (570, 444, 2009);
INSERT INTO Buys(GID, PID, year) VALUES (570, 272, 2013);
INSERT INTO Buys(GID, PID, year) VALUES (877, 524, 2005);
INSERT INTO Buys(GID, PID, year) VALUES (646, 251, 2017);
INSERT INTO Buys(GID, PID, year) VALUES (300, 387, 2003);
INSERT INTO Buys(GID, PID, year) VALUES (1427, 543, 2004);
INSERT INTO Buys(GID, PID, year) VALUES (1089, 334, 2000);
INSERT INTO Buys(GID, PID, year) VALUES (333, 466, 2016);
INSERT INTO Buys(GID, PID, year) VALUES (946, 468, 2000);
INSERT INTO Buys(GID, PID, year) VALUES (1264, 515, 2019);
INSERT INTO Buys(GID, PID, year) VALUES (918, 493, 2014);
INSERT INTO Buys(GID, PID, year) VALUES (1188, 261, 2010);
INSERT INTO Buys(GID, PID, year) VALUES (1120, 354, 2004);
INSERT INTO Buys(GID, PID, year) VALUES (1319, 65, 2001);
INSERT INTO Buys(GID, PID, year) VALUES (790, 183, 2001);
INSERT INTO Buys(GID, PID, year) VALUES (786, 502, 2002);
INSERT INTO Buys(GID, PID, year) VALUES (1215, 398, 2011);
INSERT INTO Buys(GID, PID, year) VALUES (937, 382, 2010);
INSERT INTO Buys(GID, PID, year) VALUES (539, 426, 2003);
INSERT INTO Buys(GID, PID, year) VALUES (246, 399, 2008);
INSERT INTO Buys(GID, PID, year) VALUES (1390, 414, 2002);
INSERT INTO Buys(GID, PID, year) VALUES (430, 476, 2008);
INSERT INTO Buys(GID, PID, year) VALUES (1073, 167, 2000);
INSERT INTO Buys(GID, PID, year) VALUES (1088, 474, 2003);
INSERT INTO Buys(GID, PID, year) VALUES (1201, 425, 2019);
INSERT INTO Buys(GID, PID, year) VALUES (1051, 384, 2011);
INSERT INTO Buys(GID, PID, year) VALUES (234, 291, 2000);
INSERT INTO Buys(GID, PID, year) VALUES (1085, 419, 2010);
INSERT INTO Buys(GID, PID, year) VALUES (550, 530, 2007);
INSERT INTO Buys(GID, PID, year) VALUES (1237, 456, 2007);
INSERT INTO Buys(GID, PID, year) VALUES (760, 216, 2010);
INSERT INTO Buys(GID, PID, year) VALUES (217, 539, 2008);
INSERT INTO Buys(GID, PID, year) VALUES (512, 357, 2000);
INSERT INTO Buys(GID, PID, year) VALUES (1411, 357, 2008);
INSERT INTO Buys(GID, PID, year) VALUES (1052, 241, 2017);
INSERT INTO Buys(GID, PID, year) VALUES (1498, 265, 2005);
INSERT INTO Buys(GID, PID, year) VALUES (788, 403, 2005);
INSERT INTO Buys(GID, PID, year) VALUES (1405, 388, 2016);
INSERT INTO Buys(GID, PID, year) VALUES (1365, 504, 2012);
INSERT INTO Buys(GID, PID, year) VALUES (1091, 314, 2000);
INSERT INTO Buys(GID, PID, year) VALUES (1246, 497, 2014);
INSERT INTO Buys(GID, PID, year) VALUES (1232, 236, 2013);
INSERT INTO Buys(GID, PID, year) VALUES (477, 429, 2010);
INSERT INTO Buys(GID, PID, year) VALUES (1099, 408, 2013);
INSERT INTO Buys(GID, PID, year) VALUES (1287, 90, 2004);
INSERT INTO Buys(GID, PID, year) VALUES (1482, 191, 2004);
INSERT INTO Buys(GID, PID, year) VALUES (1082, 457, 2000);
INSERT INTO Buys(GID, PID, year) VALUES (246, 304, 2002);
INSERT INTO Buys(GID, PID, year) VALUES (1419, 360, 2005);
INSERT INTO Buys(GID, PID, year) VALUES (707, 454, 2015);
INSERT INTO Buys(GID, PID, year) VALUES (358, 431, 2002);
INSERT INTO Buys(GID, PID, year) VALUES (748, 491, 2007);
INSERT INTO Buys(GID, PID, year) VALUES (1406, 81, 2005);
INSERT INTO Buys(GID, PID, year) VALUES (995, 319, 2015);
INSERT INTO Buys(GID, PID, year) VALUES (1026, 400, 2001);
INSERT INTO Buys(GID, PID, year) VALUES (1155, 259, 2002);
INSERT INTO Buys(GID, PID, year) VALUES (817, 516, 2010);
INSERT INTO Buys(GID, PID, year) VALUES (1176, 500, 2009);
INSERT INTO Buys(GID, PID, year) VALUES (330, 441, 2012);
INSERT INTO Buys(GID, PID, year) VALUES (1302, 295, 2007);
INSERT INTO Buys(GID, PID, year) VALUES (924, 366, 2006);
INSERT INTO Buys(GID, PID, year) VALUES (659, 295, 2002);
INSERT INTO Buys(GID, PID, year) VALUES (697, 487, 2004);
INSERT INTO Buys(GID, PID, year) VALUES (1127, 349, 2017);
INSERT INTO Buys(GID, PID, year) VALUES (480, 404, 2006);
INSERT INTO Buys(GID, PID, year) VALUES (865, 354, 2015);
INSERT INTO Buys(GID, PID, year) VALUES (723, 277, 2008);
INSERT INTO Buys(GID, PID, year) VALUES (415, 425, 2019);
INSERT INTO Buys(GID, PID, year) VALUES (1293, 540, 2017);
INSERT INTO Buys(GID, PID, year) VALUES (263, 273, 2002);
INSERT INTO Buys(GID, PID, year) VALUES (1048, 466, 2013);
INSERT INTO Buys(GID, PID, year) VALUES (1329, 285, 2009);
INSERT INTO Buys(GID, PID, year) VALUES (1149, 136, 2005);
INSERT INTO Buys(GID, PID, year) VALUES (1503, 461, 2014);
INSERT INTO Buys(GID, PID, year) VALUES (1116, 489, 2011);
INSERT INTO Buys(GID, PID, year) VALUES (1487, 328, 2005);
INSERT INTO Buys(GID, PID, year) VALUES (726, 387, 2002);
INSERT INTO Buys(GID, PID, year) VALUES (1384, 528, 2001);
INSERT INTO Buys(GID, PID, year) VALUES (1375, 540, 2004);
INSERT INTO Buys(GID, PID, year) VALUES (437, 152, 2004);
INSERT INTO Buys(GID, PID, year) VALUES (1365, 520, 2014);
INSERT INTO Buys(GID, PID, year) VALUES (468, 196, 2000);
INSERT INTO Buys(GID, PID, year) VALUES (601, 398, 2006);
INSERT INTO Buys(GID, PID, year) VALUES (1413, 214, 2006);
INSERT INTO Buys(GID, PID, year) VALUES (1251, 313, 2018);
INSERT INTO Buys(GID, PID, year) VALUES (350, 425, 2020);
INSERT INTO Buys(GID, PID, year) VALUES (1129, 256, 2011);
INSERT INTO Buys(GID, PID, year) VALUES (1070, 134, 2016);
INSERT INTO Buys(GID, PID, year) VALUES (1056, 537, 2000);
INSERT INTO Buys(GID, PID, year) VALUES (1138, 430, 2020);
INSERT INTO Buys(GID, PID, year) VALUES (1052, 302, 2001);
INSERT INTO Buys(GID, PID, year) VALUES (1185, 374, 2000);
INSERT INTO Buys(GID, PID, year) VALUES (591, 351, 2016);
INSERT INTO Buys(GID, PID, year) VALUES (838, 527, 2000);
INSERT INTO Buys(GID, PID, year) VALUES (1208, 368, 2004);
INSERT INTO Buys(GID, PID, year) VALUES (761, 395, 2003);
INSERT INTO Buys(GID, PID, year) VALUES (1041, 409, 2011);
INSERT INTO Buys(GID, PID, year) VALUES (1106, 498, 2002);
INSERT INTO Buys(GID, PID, year) VALUES (1081, 530, 2011);
INSERT INTO Buys(GID, PID, year) VALUES (568, 515, 2001);
INSERT INTO Buys(GID, PID, year) VALUES (1012, 524, 2010);
INSERT INTO Buys(GID, PID, year) VALUES (1450, 479, 2000);
INSERT INTO Buys(GID, PID, year) VALUES (882, 463, 2016);
INSERT INTO Buys(GID, PID, year) VALUES (802, 495, 2008);
INSERT INTO Buys(GID, PID, year) VALUES (1300, 490, 2018);
INSERT INTO Buys(GID, PID, year) VALUES (784, 379, 2010);
INSERT INTO Buys(GID, PID, year) VALUES (1380, 251, 2002);
INSERT INTO Buys(GID, PID, year) VALUES (1239, 384, 2010);
INSERT INTO Buys(GID, PID, year) VALUES (1195, 294, 2001);
INSERT INTO Buys(GID, PID, year) VALUES (1094, 412, 2000);
INSERT INTO Buys(GID, PID, year) VALUES (1016, 355, 2008);
INSERT INTO Buys(GID, PID, year) VALUES (726, 476, 2009);
INSERT INTO Buys(GID, PID, year) VALUES (1475, 462, 2003);
INSERT INTO Buys(GID, PID, year) VALUES (1337, 497, 2000);
INSERT INTO Buys(GID, PID, year) VALUES (1169, 275, 2003);
INSERT INTO Buys(GID, PID, year) VALUES (446, 307, 2022);
INSERT INTO Buys(GID, PID, year) VALUES (827, 434, 2002);
INSERT INTO Buys(GID, PID, year) VALUES (1349, 357, 2006);
INSERT INTO Buys(GID, PID, year) VALUES (461, 475, 2015);
INSERT INTO Buys(GID, PID, year) VALUES (1232, 426, 2004);
INSERT INTO Buys(GID, PID, year) VALUES (466, 422, 2015);
INSERT INTO Buys(GID, PID, year) VALUES (1400, 115, 2009);
INSERT INTO Buys(GID, PID, year) VALUES (1155, 349, 2010);
INSERT INTO Buys(GID, PID, year) VALUES (980, 189, 2016);
INSERT INTO Buys(GID, PID, year) VALUES (1242, 183, 2003);
INSERT INTO Buys(GID, PID, year) VALUES (1506, 501, 2002);
INSERT INTO Buys(GID, PID, year) VALUES (1201, 503, 2017);
INSERT INTO Buys(GID, PID, year) VALUES (388, 455, 2001);
INSERT INTO Buys(GID, PID, year) VALUES (1375, 255, 2000);
INSERT INTO Buys(GID, PID, year) VALUES (1006, 330, 2004);
INSERT INTO Buys(GID, PID, year) VALUES (332, 114, 2003);
INSERT INTO Buys(GID, PID, year) VALUES (461, 226, 2005);
INSERT INTO Buys(GID, PID, year) VALUES (1072, 398, 2013);
INSERT INTO Buys(GID, PID, year) VALUES (1193, 502, 2005);
INSERT INTO Buys(GID, PID, year) VALUES (1296, 533, 2011);
INSERT INTO Buys(GID, PID, year) VALUES (1157, 444, 2011);
INSERT INTO Buys(GID, PID, year) VALUES (1005, 370, 2000);
INSERT INTO Buys(GID, PID, year) VALUES (573, 406, 2023);
INSERT INTO Buys(GID, PID, year) VALUES (910, 367, 2002);
INSERT INTO Buys(GID, PID, year) VALUES (1291, 363, 2011);
INSERT INTO Buys(GID, PID, year) VALUES (1329, 177, 2010);
INSERT INTO Buys(GID, PID, year) VALUES (1470, 504, 2008);
INSERT INTO Buys(GID, PID, year) VALUES (1052, 376, 2000);
INSERT INTO Buys(GID, PID, year) VALUES (881, 449, 2006);
INSERT INTO Buys(GID, PID, year) VALUES (829, 302, 2011);
INSERT INTO Buys(GID, PID, year) VALUES (1485, 426, 2001);
INSERT INTO Buys(GID, PID, year) VALUES (993, 521, 2010);
INSERT INTO Buys(GID, PID, year) VALUES (1502, 503, 2007);
INSERT INTO Buys(GID, PID, year) VALUES (1011, 504, 2002);
INSERT INTO Buys(GID, PID, year) VALUES (1428, 453, 2006);
INSERT INTO Buys(GID, PID, year) VALUES (85, 537, 2010);
INSERT INTO Buys(GID, PID, year) VALUES (1401, 300, 2011);
INSERT INTO Buys(GID, PID, year) VALUES (882, 464, 2002);
INSERT INTO Buys(GID, PID, year) VALUES (239, 441, 2016);
INSERT INTO Buys(GID, PID, year) VALUES (872, 250, 2008);
INSERT INTO Buys(GID, PID, year) VALUES (1469, 387, 2009);
INSERT INTO Buys(GID, PID, year) VALUES (1403, 340, 2002);
INSERT INTO Buys(GID, PID, year) VALUES (1281, 461, 2002);
INSERT INTO Buys(GID, PID, year) VALUES (1149, 237, 2011);
INSERT INTO Buys(GID, PID, year) VALUES (792, 91, 2014);
INSERT INTO Buys(GID, PID, year) VALUES (756, 420, 2014);
INSERT INTO Buys(GID, PID, year) VALUES (1125, 529, 2019);
INSERT INTO Buys(GID, PID, year) VALUES (806, 269, 2009);
INSERT INTO Buys(GID, PID, year) VALUES (1464, 98, 2008);
INSERT INTO Buys(GID, PID, year) VALUES (595, 218, 2003);
INSERT INTO Buys(GID, PID, year) VALUES (1228, 419, 2004);
INSERT INTO Buys(GID, PID, year) VALUES (352, 542, 2006);
INSERT INTO Buys(GID, PID, year) VALUES (1326, 496, 2011);
INSERT INTO Buys(GID, PID, year) VALUES (1481, 442, 2001);
INSERT INTO Buys(GID, PID, year) VALUES (1502, 527, 2015);
INSERT INTO Buys(GID, PID, year) VALUES (1159, 186, 2009);
INSERT INTO Buys(GID, PID, year) VALUES (1105, 296, 2000);
INSERT INTO Buys(GID, PID, year) VALUES (1335, 317, 2012);
INSERT INTO Buys(GID, PID, year) VALUES (1362, 463, 2014);
INSERT INTO Buys(GID, PID, year) VALUES (1491, 202, 2010);
INSERT INTO Buys(GID, PID, year) VALUES (1140, 511, 2000);
INSERT INTO Buys(GID, PID, year) VALUES (1136, 414, 2019);
INSERT INTO Buys(GID, PID, year) VALUES (954, 204, 2002);
INSERT INTO Buys(GID, PID, year) VALUES (377, 354, 2002);
INSERT INTO Buys(GID, PID, year) VALUES (97, 292, 2002);
INSERT INTO Buys(GID, PID, year) VALUES (526, 356, 2009);
INSERT INTO Buys(GID, PID, year) VALUES (976, 493, 2001);
INSERT INTO Buys(GID, PID, year) VALUES (1314, 478, 2004);
INSERT INTO Buys(GID, PID, year) VALUES (1052, 47, 2007);
INSERT INTO Buys(GID, PID, year) VALUES (1192, 234, 2007);
INSERT INTO Buys(GID, PID, year) VALUES (1077, 392, 2018);
INSERT INTO Buys(GID, PID, year) VALUES (451, 392, 2005);
INSERT INTO Buys(GID, PID, year) VALUES (723, 411, 2020);
INSERT INTO Buys(GID, PID, year) VALUES (1220, 343, 2017);
INSERT INTO Buys(GID, PID, year) VALUES (1465, 237, 2017);
INSERT INTO Buys(GID, PID, year) VALUES (921, 536, 2013);
INSERT INTO Buys(GID, PID, year) VALUES (667, 321, 2005);
INSERT INTO Buys(GID, PID, year) VALUES (1483, 278, 2009);
INSERT INTO Buys(GID, PID, year) VALUES (1489, 532, 2001);
INSERT INTO Buys(GID, PID, year) VALUES (607, 373, 2007);
INSERT INTO Buys(GID, PID, year) VALUES (1247, 534, 2021);
INSERT INTO Buys(GID, PID, year) VALUES (680, 89, 2016);
INSERT INTO Buys(GID, PID, year) VALUES (1329, 441, 2010);
INSERT INTO Buys(GID, PID, year) VALUES (632, 451, 2000);
INSERT INTO Buys(GID, PID, year) VALUES (913, 481, 2000);
INSERT INTO Buys(GID, PID, year) VALUES (880, 510, 2010);
INSERT INTO Buys(GID, PID, year) VALUES (1253, 173, 2007);
INSERT INTO Buys(GID, PID, year) VALUES (1472, 468, 2007);
INSERT INTO Buys(GID, PID, year) VALUES (1440, 203, 2008);
INSERT INTO Buys(GID, PID, year) VALUES (935, 88, 2005);
INSERT INTO Buys(GID, PID, year) VALUES (890, 399, 2011);
INSERT INTO Buys(GID, PID, year) VALUES (924, 407, 2007);
INSERT INTO Buys(GID, PID, year) VALUES (278, 446, 2011);
INSERT INTO Buys(GID, PID, year) VALUES (1282, 65, 2008);
INSERT INTO Buys(GID, PID, year) VALUES (1073, 58, 2002);
INSERT INTO Buys(GID, PID, year) VALUES (940, 530, 2014);
INSERT INTO Buys(GID, PID, year) VALUES (1055, 280, 2001);
INSERT INTO Buys(GID, PID, year) VALUES (724, 479, 2002);
INSERT INTO Buys(GID, PID, year) VALUES (918, 275, 2003);
INSERT INTO Buys(GID, PID, year) VALUES (950, 458, 2016);
INSERT INTO Buys(GID, PID, year) VALUES (1458, 311, 2008);
INSERT INTO Buys(GID, PID, year) VALUES (1062, 431, 2002);
INSERT INTO Buys(GID, PID, year) VALUES (620, 198, 2001);
INSERT INTO Buys(GID, PID, year) VALUES (646, 350, 2005);
INSERT INTO Buys(GID, PID, year) VALUES (666, 507, 2017);
INSERT INTO Buys(GID, PID, year) VALUES (579, 453, 2007);
INSERT INTO Buys(GID, PID, year) VALUES (970, 504, 2000);
INSERT INTO Buys(GID, PID, year) VALUES (660, 460, 2013);
INSERT INTO Buys(GID, PID, year) VALUES (1009, 394, 2006);
INSERT INTO Buys(GID, PID, year) VALUES (600, 270, 2000);
INSERT INTO Buys(GID, PID, year) VALUES (1051, 323, 2001);
INSERT INTO Buys(GID, PID, year) VALUES (510, 489, 2009);
INSERT INTO Buys(GID, PID, year) VALUES (750, 434, 2006);
INSERT INTO Buys(GID, PID, year) VALUES (1227, 385, 2003);
INSERT INTO Buys(GID, PID, year) VALUES (1102, 164, 2000);
INSERT INTO Buys(GID, PID, year) VALUES (723, 234, 2017);
INSERT INTO Buys(GID, PID, year) VALUES (457, 445, 2007);
INSERT INTO Buys(GID, PID, year) VALUES (1356, 436, 2003);
INSERT INTO Buys(GID, PID, year) VALUES (874, 501, 2015);
INSERT INTO Buys(GID, PID, year) VALUES (1152, 354, 2010);
INSERT INTO Buys(GID, PID, year) VALUES (1460, 342, 2002);
INSERT INTO Buys(GID, PID, year) VALUES (1302, 300, 2001);
INSERT INTO Buys(GID, PID, year) VALUES (935, 458, 2014);
INSERT INTO Buys(GID, PID, year) VALUES (1421, 291, 2002);
INSERT INTO Buys(GID, PID, year) VALUES (1492, 115, 2009);
INSERT INTO Buys(GID, PID, year) VALUES (613, 543, 2005);
INSERT INTO Buys(GID, PID, year) VALUES (1378, 173, 2004);
INSERT INTO Buys(GID, PID, year) VALUES (1044, 427, 2007);
INSERT INTO Buys(GID, PID, year) VALUES (864, 311, 2002);
INSERT INTO Buys(GID, PID, year) VALUES (1308, 378, 2008);
INSERT INTO Buys(GID, PID, year) VALUES (584, 486, 2010);
INSERT INTO Buys(GID, PID, year) VALUES (1018, 421, 2017);
INSERT INTO Buys(GID, PID, year) VALUES (617, 390, 2007);
INSERT INTO Buys(GID, PID, year) VALUES (1016, 448, 2009);
INSERT INTO Buys(GID, PID, year) VALUES (1065, 386, 2010);
INSERT INTO Buys(GID, PID, year) VALUES (1065, 505, 2007);
INSERT INTO Buys(GID, PID, year) VALUES (1168, 367, 2010);
INSERT INTO Buys(GID, PID, year) VALUES (706, 202, 2002);
INSERT INTO Buys(GID, PID, year) VALUES (1114, 432, 2015);
INSERT INTO Buys(GID, PID, year) VALUES (261, 368, 2001);
INSERT INTO Buys(GID, PID, year) VALUES (1372, 507, 2018);
INSERT INTO Buys(GID, PID, year) VALUES (985, 256, 2006);
INSERT INTO Buys(GID, PID, year) VALUES (1463, 306, 2004);
INSERT INTO Buys(GID, PID, year) VALUES (1188, 486, 2015);
INSERT INTO Buys(GID, PID, year) VALUES (534, 223, 2005);
INSERT INTO Buys(GID, PID, year) VALUES (1501, 391, 2015);
INSERT INTO Buys(GID, PID, year) VALUES (1007, 97, 2003);
INSERT INTO Buys(GID, PID, year) VALUES (1153, 336, 2000);
INSERT INTO Buys(GID, PID, year) VALUES (700, 250, 2007);
INSERT INTO Buys(GID, PID, year) VALUES (1238, 331, 2006);
INSERT INTO Buys(GID, PID, year) VALUES (1114, 289, 2009);
INSERT INTO Buys(GID, PID, year) VALUES (1321, 320, 2002);
INSERT INTO Buys(GID, PID, year) VALUES (440, 505, 2003);
INSERT INTO Buys(GID, PID, year) VALUES (1418, 404, 2010);
INSERT INTO Buys(GID, PID, year) VALUES (350, 452, 2007);
INSERT INTO Buys(GID, PID, year) VALUES (1140, 313, 2007);
INSERT INTO Buys(GID, PID, year) VALUES (1171, 373, 2001);
INSERT INTO Buys(GID, PID, year) VALUES (1497, 249, 2007);
INSERT INTO Buys(GID, PID, year) VALUES (670, 223, 2003);
INSERT INTO Buys(GID, PID, year) VALUES (1137, 446, 2009);
INSERT INTO Buys(GID, PID, year) VALUES (1392, 249, 2000);
INSERT INTO Buys(GID, PID, year) VALUES (671, 412, 2003);
INSERT INTO Buys(GID, PID, year) VALUES (379, 328, 2002);
INSERT INTO Buys(GID, PID, year) VALUES (1182, 171, 2004);
INSERT INTO Buys(GID, PID, year) VALUES (835, 366, 2003);
INSERT INTO Buys(GID, PID, year) VALUES (1205, 525, 2011);
INSERT INTO Buys(GID, PID, year) VALUES (500, 345, 2001);
INSERT INTO Buys(GID, PID, year) VALUES (853, 308, 2001);
INSERT INTO Buys(GID, PID, year) VALUES (1055, 493, 2017);
INSERT INTO Buys(GID, PID, year) VALUES (611, 400, 2004);
INSERT INTO Buys(GID, PID, year) VALUES (923, 526, 2007);
INSERT INTO Buys(GID, PID, year) VALUES (1469, 508, 2003);
INSERT INTO Buys(GID, PID, year) VALUES (846, 414, 2003);
INSERT INTO Buys(GID, PID, year) VALUES (970, 332, 2009);
INSERT INTO Buys(GID, PID, year) VALUES (1404, 121, 2004);
INSERT INTO Buys(GID, PID, year) VALUES (1349, 480, 2010);
INSERT INTO Buys(GID, PID, year) VALUES (681, 157, 2008);
INSERT INTO Buys(GID, PID, year) VALUES (1093, 541, 2003);
INSERT INTO Buys(GID, PID, year) VALUES (891, 511, 2012);
INSERT INTO Buys(GID, PID, year) VALUES (1423, 536, 2008);
INSERT INTO Buys(GID, PID, year) VALUES (1370, 431, 2002);
INSERT INTO Buys(GID, PID, year) VALUES (1262, 204, 2003);
INSERT INTO Buys(GID, PID, year) VALUES (799, 501, 2018);
INSERT INTO Buys(GID, PID, year) VALUES (1219, 429, 2007);
INSERT INTO Buys(GID, PID, year) VALUES (1265, 53, 2010);
INSERT INTO Buys(GID, PID, year) VALUES (1050, 456, 2015);
INSERT INTO Buys(GID, PID, year) VALUES (1137, 106, 2010);
INSERT INTO Buys(GID, PID, year) VALUES (1127, 377, 2001);
INSERT INTO Buys(GID, PID, year) VALUES (1002, 269, 2013);
INSERT INTO Buys(GID, PID, year) VALUES (970, 384, 2016);
INSERT INTO Buys(GID, PID, year) VALUES (318, 521, 2000);
INSERT INTO Buys(GID, PID, year) VALUES (649, 459, 2005);
INSERT INTO Buys(GID, PID, year) VALUES (285, 367, 2001);
INSERT INTO Buys(GID, PID, year) VALUES (1223, 390, 2006);
INSERT INTO Buys(GID, PID, year) VALUES (1232, 540, 2011);
INSERT INTO Buys(GID, PID, year) VALUES (920, 312, 2003);
INSERT INTO Buys(GID, PID, year) VALUES (966, 373, 2010);
INSERT INTO Buys(GID, PID, year) VALUES (1424, 491, 2001);
INSERT INTO Buys(GID, PID, year) VALUES (562, 450, 2010);
INSERT INTO Buys(GID, PID, year) VALUES (1205, 518, 2003);
INSERT INTO Buys(GID, PID, year) VALUES (1126, 75, 2002);
INSERT INTO Buys(GID, PID, year) VALUES (783, 532, 2000);
INSERT INTO Buys(GID, PID, year) VALUES (1285, 419, 2022);
INSERT INTO Buys(GID, PID, year) VALUES (741, 390, 2004);
INSERT INTO Buys(GID, PID, year) VALUES (723, 163, 2010);
INSERT INTO Buys(GID, PID, year) VALUES (1127, 330, 2003);
INSERT INTO Buys(GID, PID, year) VALUES (258, 197, 2016);
INSERT INTO Buys(GID, PID, year) VALUES (1386, 370, 2021);
INSERT INTO Buys(GID, PID, year) VALUES (1100, 323, 2015);
INSERT INTO Buys(GID, PID, year) VALUES (999, 451, 2002);
INSERT INTO Buys(GID, PID, year) VALUES (1021, 358, 2010);
INSERT INTO Buys(GID, PID, year) VALUES (972, 258, 2005);
INSERT INTO Buys(GID, PID, year) VALUES (165, 245, 2010);
INSERT INTO Buys(GID, PID, year) VALUES (1095, 252, 2005);
INSERT INTO Buys(GID, PID, year) VALUES (1185, 512, 2002);
INSERT INTO Buys(GID, PID, year) VALUES (1498, 259, 2009);
INSERT INTO Buys(GID, PID, year) VALUES (518, 527, 2009);
INSERT INTO Buys(GID, PID, year) VALUES (1150, 136, 2012);
INSERT INTO Buys(GID, PID, year) VALUES (1459, 152, 2002);
INSERT INTO Buys(GID, PID, year) VALUES (1190, 263, 2013);
INSERT INTO Buys(GID, PID, year) VALUES (362, 90, 2004);
INSERT INTO Buys(GID, PID, year) VALUES (803, 335, 2017);
INSERT INTO Buys(GID, PID, year) VALUES (1051, 21, 2016);
INSERT INTO Buys(GID, PID, year) VALUES (1264, 321, 2005);
INSERT INTO Buys(GID, PID, year) VALUES (1158, 527, 2012);
INSERT INTO Buys(GID, PID, year) VALUES (1363, 474, 2012);
INSERT INTO Buys(GID, PID, year) VALUES (1312, 201, 2009);
INSERT INTO Buys(GID, PID, year) VALUES (1365, 401, 2000);
INSERT INTO Buys(GID, PID, year) VALUES (1429, 486, 2001);
INSERT INTO Buys(GID, PID, year) VALUES (549, 415, 2007);
INSERT INTO Buys(GID, PID, year) VALUES (604, 489, 2006);
INSERT INTO Buys(GID, PID, year) VALUES (1108, 381, 2001);
INSERT INTO Buys(GID, PID, year) VALUES (1110, 418, 2010);
INSERT INTO Buys(GID, PID, year) VALUES (1424, 456, 2020);
INSERT INTO Buys(GID, PID, year) VALUES (1374, 318, 2005);
INSERT INTO Buys(GID, PID, year) VALUES (1158, 422, 2008);
INSERT INTO Buys(GID, PID, year) VALUES (1287, 500, 2013);
INSERT INTO Buys(GID, PID, year) VALUES (789, 249, 2021);
INSERT INTO Buys(GID, PID, year) VALUES (407, 215, 2001);
INSERT INTO Buys(GID, PID, year) VALUES (1222, 106, 2019);
INSERT INTO Buys(GID, PID, year) VALUES (1029, 400, 2013);
INSERT INTO Buys(GID, PID, year) VALUES (1476, 177, 2003);
INSERT INTO Buys(GID, PID, year) VALUES (1119, 531, 2011);
INSERT INTO Buys(GID, PID, year) VALUES (760, 290, 2014);
INSERT INTO Buys(GID, PID, year) VALUES (1166, 308, 2021);
INSERT INTO Buys(GID, PID, year) VALUES (675, 529, 2005);
INSERT INTO Buys(GID, PID, year) VALUES (329, 340, 2010);
INSERT INTO Buys(GID, PID, year) VALUES (767, 419, 2005);
INSERT INTO Buys(GID, PID, year) VALUES (971, 426, 2004);
INSERT INTO Buys(GID, PID, year) VALUES (1015, 398, 2010);
INSERT INTO Buys(GID, PID, year) VALUES (1505, 418, 2002);
INSERT INTO Buys(GID, PID, year) VALUES (483, 488, 2003);
INSERT INTO Buys(GID, PID, year) VALUES (355, 407, 2010);
INSERT INTO Buys(GID, PID, year) VALUES (881, 503, 2006);
INSERT INTO Buys(GID, PID, year) VALUES (1228, 116, 2014);
INSERT INTO Buys(GID, PID, year) VALUES (1179, 139, 2009);
INSERT INTO Buys(GID, PID, year) VALUES (100, 447, 2008);
INSERT INTO Buys(GID, PID, year) VALUES (1166, 67, 2004);
INSERT INTO Buys(GID, PID, year) VALUES (698, 431, 2017);
INSERT INTO Buys(GID, PID, year) VALUES (1307, 304, 2006);
INSERT INTO Buys(GID, PID, year) VALUES (883, 441, 2006);
INSERT INTO Buys(GID, PID, year) VALUES (581, 371, 2004);
INSERT INTO Buys(GID, PID, year) VALUES (1270, 263, 2004);
INSERT INTO Buys(GID, PID, year) VALUES (1135, 404, 2019);
INSERT INTO Buys(GID, PID, year) VALUES (1180, 193, 2003);
INSERT INTO Buys(GID, PID, year) VALUES (1242, 297, 2010);
INSERT INTO Buys(GID, PID, year) VALUES (899, 445, 2010);
INSERT INTO Buys(GID, PID, year) VALUES (918, 163, 2000);
INSERT INTO Buys(GID, PID, year) VALUES (1507, 476, 2015);
INSERT INTO Buys(GID, PID, year) VALUES (844, 505, 2001);
INSERT INTO Buys(GID, PID, year) VALUES (1485, 348, 2012);
INSERT INTO Buys(GID, PID, year) VALUES (997, 530, 2009);
INSERT INTO Buys(GID, PID, year) VALUES (1236, 420, 2017);
INSERT INTO Buys(GID, PID, year) VALUES (716, 298, 2004);
INSERT INTO Buys(GID, PID, year) VALUES (895, 319, 2012);
INSERT INTO Buys(GID, PID, year) VALUES (1216, 123, 2000);
INSERT INTO Buys(GID, PID, year) VALUES (854, 331, 2011);
INSERT INTO Buys(GID, PID, year) VALUES (967, 453, 2004);
INSERT INTO Buys(GID, PID, year) VALUES (639, 427, 2004);
INSERT INTO Buys(GID, PID, year) VALUES (309, 472, 2000);
INSERT INTO Buys(GID, PID, year) VALUES (1013, 436, 2000);
INSERT INTO Buys(GID, PID, year) VALUES (958, 508, 2009);
INSERT INTO Buys(GID, PID, year) VALUES (79, 274, 2018);
INSERT INTO Buys(GID, PID, year) VALUES (830, 319, 2011);
INSERT INTO Buys(GID, PID, year) VALUES (1213, 16, 2004);
INSERT INTO Buys(GID, PID, year) VALUES (1260, 283, 2011);
INSERT INTO Buys(GID, PID, year) VALUES (396, 254, 2005);
INSERT INTO Buys(GID, PID, year) VALUES (1317, 393, 2020);
INSERT INTO Buys(GID, PID, year) VALUES (930, 243, 2013);
INSERT INTO Buys(GID, PID, year) VALUES (553, 508, 2012);
INSERT INTO Buys(GID, PID, year) VALUES (1329, 505, 2004);
INSERT INTO Buys(GID, PID, year) VALUES (1217, 492, 2016);
INSERT INTO Buys(GID, PID, year) VALUES (1435, 253, 2016);
INSERT INTO Buys(GID, PID, year) VALUES (754, 290, 2008);
INSERT INTO Buys(GID, PID, year) VALUES (755, 414, 2018);
INSERT INTO Buys(GID, PID, year) VALUES (1089, 258, 2003);
INSERT INTO Buys(GID, PID, year) VALUES (1298, 393, 2002);
INSERT INTO Buys(GID, PID, year) VALUES (777, 204, 2005);
INSERT INTO Buys(GID, PID, year) VALUES (1028, 225, 2000);
INSERT INTO Buys(GID, PID, year) VALUES (878, 335, 2016);
INSERT INTO Buys(GID, PID, year) VALUES (677, 432, 2001);
INSERT INTO Buys(GID, PID, year) VALUES (224, 315, 2006);
INSERT INTO Buys(GID, PID, year) VALUES (736, 362, 2008);
INSERT INTO Buys(GID, PID, year) VALUES (1091, 404, 2004);
INSERT INTO Buys(GID, PID, year) VALUES (484, 534, 2000);
INSERT INTO Buys(GID, PID, year) VALUES (865, 89, 2007);
INSERT INTO Buys(GID, PID, year) VALUES (1392, 482, 2013);
INSERT INTO Buys(GID, PID, year) VALUES (1503, 426, 2007);
INSERT INTO Buys(GID, PID, year) VALUES (614, 246, 2000);
INSERT INTO Buys(GID, PID, year) VALUES (1115, 229, 2011);
INSERT INTO Buys(GID, PID, year) VALUES (640, 290, 2007);
INSERT INTO Buys(GID, PID, year) VALUES (1083, 223, 2007);
INSERT INTO Buys(GID, PID, year) VALUES (1477, 456, 2003);
INSERT INTO Buys(GID, PID, year) VALUES (1080, 208, 2012);
INSERT INTO Buys(GID, PID, year) VALUES (1044, 498, 2009);
INSERT INTO Buys(GID, PID, year) VALUES (1073, 481, 2004);
INSERT INTO Buys(GID, PID, year) VALUES (816, 270, 2006);
INSERT INTO Buys(GID, PID, year) VALUES (1436, 366, 2006);
INSERT INTO Buys(GID, PID, year) VALUES (506, 523, 2003);
INSERT INTO Buys(GID, PID, year) VALUES (814, 506, 2012);
INSERT INTO Buys(GID, PID, year) VALUES (1145, 206, 2008);
INSERT INTO Buys(GID, PID, year) VALUES (1302, 429, 2000);
INSERT INTO Buys(GID, PID, year) VALUES (1013, 192, 2001);
INSERT INTO Buys(GID, PID, year) VALUES (1166, 506, 2008);
INSERT INTO Buys(GID, PID, year) VALUES (996, 196, 2001);
INSERT INTO Buys(GID, PID, year) VALUES (705, 384, 2008);
INSERT INTO Buys(GID, PID, year) VALUES (1029, 240, 2003);
INSERT INTO Buys(GID, PID, year) VALUES (1446, 469, 2005);
INSERT INTO Buys(GID, PID, year) VALUES (1388, 293, 2003);
INSERT INTO Buys(GID, PID, year) VALUES (1273, 15, 2021);
INSERT INTO Buys(GID, PID, year) VALUES (1396, 276, 2005);
INSERT INTO Buys(GID, PID, year) VALUES (1045, 454, 2010);
INSERT INTO Buys(GID, PID, year) VALUES (1173, 438, 2002);
INSERT INTO Buys(GID, PID, year) VALUES (1035, 408, 2009);
INSERT INTO Buys(GID, PID, year) VALUES (1170, 541, 2002);
INSERT INTO Buys(GID, PID, year) VALUES (479, 515, 2019);
INSERT INTO Buys(GID, PID, year) VALUES (313, 76, 2008);
INSERT INTO Buys(GID, PID, year) VALUES (870, 432, 2011);
INSERT INTO Buys(GID, PID, year) VALUES (871, 326, 2000);
INSERT INTO Buys(GID, PID, year) VALUES (1161, 334, 2001);
INSERT INTO Buys(GID, PID, year) VALUES (811, 536, 2010);
INSERT INTO Buys(GID, PID, year) VALUES (1462, 304, 2000);
INSERT INTO Buys(GID, PID, year) VALUES (1071, 176, 2009);
INSERT INTO Buys(GID, PID, year) VALUES (1063, 383, 2022);
INSERT INTO Buys(GID, PID, year) VALUES (949, 309, 2016);
INSERT INTO Buys(GID, PID, year) VALUES (1270, 330, 2008);
INSERT INTO Buys(GID, PID, year) VALUES (1287, 510, 2008);
INSERT INTO Buys(GID, PID, year) VALUES (907, 304, 2002);
INSERT INTO Buys(GID, PID, year) VALUES (1281, 418, 2016);
INSERT INTO Buys(GID, PID, year) VALUES (476, 416, 2003);
INSERT INTO Buys(GID, PID, year) VALUES (405, 359, 2023);
INSERT INTO Buys(GID, PID, year) VALUES (936, 476, 2000);
INSERT INTO Buys(GID, PID, year) VALUES (1056, 456, 2008);
INSERT INTO Buys(GID, PID, year) VALUES (1498, 183, 2000);
INSERT INTO Buys(GID, PID, year) VALUES (839, 192, 2010);
INSERT INTO Buys(GID, PID, year) VALUES (1242, 265, 2019);
INSERT INTO Buys(GID, PID, year) VALUES (1128, 437, 2002);
INSERT INTO Buys(GID, PID, year) VALUES (1409, 172, 2015);
INSERT INTO Buys(GID, PID, year) VALUES (1029, 512, 2001);
INSERT INTO Buys(GID, PID, year) VALUES (346, 49, 2000);
INSERT INTO Buys(GID, PID, year) VALUES (1055, 462, 2020);
INSERT INTO Buys(GID, PID, year) VALUES (765, 463, 2008);
INSERT INTO Buys(GID, PID, year) VALUES (1479, 444, 2001);
INSERT INTO Buys(GID, PID, year) VALUES (417, 186, 2001);
INSERT INTO Buys(GID, PID, year) VALUES (677, 136, 2013);
INSERT INTO Buys(GID, PID, year) VALUES (1020, 513, 2017);
INSERT INTO Buys(GID, PID, year) VALUES (738, 365, 2014);
INSERT INTO Buys(GID, PID, year) VALUES (934, 309, 2018);
INSERT INTO Buys(GID, PID, year) VALUES (754, 483, 2017);
INSERT INTO Buys(GID, PID, year) VALUES (701, 499, 2002);
INSERT INTO Buys(GID, PID, year) VALUES (761, 314, 2006);
INSERT INTO Buys(GID, PID, year) VALUES (1242, 418, 2013);
INSERT INTO Buys(GID, PID, year) VALUES (1162, 404, 2010);
INSERT INTO Buys(GID, PID, year) VALUES (1269, 496, 2002);
INSERT INTO Buys(GID, PID, year) VALUES (1167, 283, 2012);
INSERT INTO Buys(GID, PID, year) VALUES (339, 326, 2007);
INSERT INTO Buys(GID, PID, year) VALUES (923, 403, 2001);
INSERT INTO Buys(GID, PID, year) VALUES (614, 430, 2016);
INSERT INTO Buys(GID, PID, year) VALUES (148, 459, 2010);
INSERT INTO Buys(GID, PID, year) VALUES (883, 392, 2005);
INSERT INTO Buys(GID, PID, year) VALUES (1457, 123, 2012);
INSERT INTO Buys(GID, PID, year) VALUES (1053, 273, 2001);
INSERT INTO Buys(GID, PID, year) VALUES (519, 410, 2010);
INSERT INTO Buys(GID, PID, year) VALUES (1470, 530, 2018);
INSERT INTO Buys(GID, PID, year) VALUES (712, 467, 2004);
INSERT INTO Buys(GID, PID, year) VALUES (1152, 539, 2003);
INSERT INTO Buys(GID, PID, year) VALUES (551, 371, 2017);
INSERT INTO Buys(GID, PID, year) VALUES (1315, 314, 2012);
INSERT INTO Buys(GID, PID, year) VALUES (1037, 366, 2012);
INSERT INTO Buys(GID, PID, year) VALUES (1502, 483, 2005);
INSERT INTO Buys(GID, PID, year) VALUES (317, 335, 2006);
INSERT INTO Buys(GID, PID, year) VALUES (821, 438, 2020);
INSERT INTO Buys(GID, PID, year) VALUES (1403, 389, 2015);
INSERT INTO Buys(GID, PID, year) VALUES (1363, 508, 2016);
INSERT INTO Buys(GID, PID, year) VALUES (1123, 527, 2010);
INSERT INTO Buys(GID, PID, year) VALUES (1104, 423, 2001);
INSERT INTO Buys(GID, PID, year) VALUES (84, 310, 2019);
INSERT INTO Buys(GID, PID, year) VALUES (876, 351, 2002);
INSERT INTO Buys(GID, PID, year) VALUES (1341, 447, 2011);
INSERT INTO Buys(GID, PID, year) VALUES (1148, 529, 2011);
INSERT INTO Buys(GID, PID, year) VALUES (1477, 406, 2010);
INSERT INTO Buys(GID, PID, year) VALUES (1176, 175, 2005);
INSERT INTO Buys(GID, PID, year) VALUES (524, 202, 2007);
INSERT INTO Buys(GID, PID, year) VALUES (1502, 293, 2011);
INSERT INTO Buys(GID, PID, year) VALUES (1456, 342, 2001);
INSERT INTO Buys(GID, PID, year) VALUES (1108, 462, 2009);
INSERT INTO Buys(GID, PID, year) VALUES (1402, 432, 2009);
INSERT INTO Buys(GID, PID, year) VALUES (802, 447, 2003);
INSERT INTO Buys(GID, PID, year) VALUES (1477, 378, 2006);
INSERT INTO Buys(GID, PID, year) VALUES (1435, 474, 2017);
INSERT INTO Buys(GID, PID, year) VALUES (1026, 99, 2018);
INSERT INTO Buys(GID, PID, year) VALUES (1136, 321, 2004);
INSERT INTO Buys(GID, PID, year) VALUES (1267, 533, 2002);
INSERT INTO Buys(GID, PID, year) VALUES (1506, 360, 2002);
INSERT INTO Buys(GID, PID, year) VALUES (945, 466, 2003);
INSERT INTO Buys(GID, PID, year) VALUES (513, 416, 2012);
INSERT INTO Buys(GID, PID, year) VALUES (1305, 536, 2016);
INSERT INTO Buys(GID, PID, year) VALUES (985, 327, 2009);
INSERT INTO Buys(GID, PID, year) VALUES (1439, 164, 2009);
INSERT INTO Buys(GID, PID, year) VALUES (1237, 425, 2011);
INSERT INTO Buys(GID, PID, year) VALUES (1267, 458, 2003);
INSERT INTO Buys(GID, PID, year) VALUES (355, 477, 2011);
INSERT INTO Buys(GID, PID, year) VALUES (190, 360, 2022);
INSERT INTO Buys(GID, PID, year) VALUES (1017, 260, 2023);
INSERT INTO Buys(GID, PID, year) VALUES (657, 56, 2009);
INSERT INTO Buys(GID, PID, year) VALUES (1328, 463, 2007);
INSERT INTO Buys(GID, PID, year) VALUES (1304, 538, 2012);
INSERT INTO Buys(GID, PID, year) VALUES (503, 172, 2004);
INSERT INTO Buys(GID, PID, year) VALUES (679, 386, 2005);
INSERT INTO Buys(GID, PID, year) VALUES (1361, 507, 2011);
INSERT INTO Buys(GID, PID, year) VALUES (1094, 203, 2000);
INSERT INTO Buys(GID, PID, year) VALUES (823, 508, 2020);
INSERT INTO Buys(GID, PID, year) VALUES (1295, 228, 2019);
INSERT INTO Buys(GID, PID, year) VALUES (1482, 233, 2007);
INSERT INTO Buys(GID, PID, year) VALUES (1490, 236, 2004);
INSERT INTO Buys(GID, PID, year) VALUES (1264, 417, 2007);
INSERT INTO Buys(GID, PID, year) VALUES (1246, 174, 2013);
INSERT INTO Buys(GID, PID, year) VALUES (1335, 329, 2010);
INSERT INTO Buys(GID, PID, year) VALUES (809, 129, 2006);
INSERT INTO Buys(GID, PID, year) VALUES (598, 441, 2010);
INSERT INTO Buys(GID, PID, year) VALUES (822, 525, 2001);
INSERT INTO Buys(GID, PID, year) VALUES (624, 520, 2014);
INSERT INTO Buys(GID, PID, year) VALUES (889, 531, 2001);
INSERT INTO Buys(GID, PID, year) VALUES (1099, 50, 2001);
INSERT INTO Buys(GID, PID, year) VALUES (1280, 391, 2001);
INSERT INTO Buys(GID, PID, year) VALUES (838, 253, 2006);
INSERT INTO Buys(GID, PID, year) VALUES (967, 452, 2012);
INSERT INTO Buys(GID, PID, year) VALUES (1329, 520, 2020);
INSERT INTO Buys(GID, PID, year) VALUES (1377, 271, 2010);
INSERT INTO Buys(GID, PID, year) VALUES (1059, 482, 2007);
INSERT INTO Buys(GID, PID, year) VALUES (987, 202, 2003);
INSERT INTO Buys(GID, PID, year) VALUES (886, 72, 2000);
INSERT INTO Buys(GID, PID, year) VALUES (827, 240, 2011);
INSERT INTO Buys(GID, PID, year) VALUES (839, 180, 2002);
INSERT INTO Buys(GID, PID, year) VALUES (1371, 541, 2006);
INSERT INTO Buys(GID, PID, year) VALUES (315, 501, 2001);
INSERT INTO Buys(GID, PID, year) VALUES (1292, 349, 2012);
INSERT INTO Buys(GID, PID, year) VALUES (1214, 441, 2019);
INSERT INTO Buys(GID, PID, year) VALUES (1427, 450, 2001);
INSERT INTO Buys(GID, PID, year) VALUES (1246, 33, 2009);
INSERT INTO Buys(GID, PID, year) VALUES (1366, 376, 2002);
INSERT INTO Buys(GID, PID, year) VALUES (1381, 272, 2015);
INSERT INTO Buys(GID, PID, year) VALUES (280, 239, 2008);
INSERT INTO Buys(GID, PID, year) VALUES (574, 378, 2003);
INSERT INTO Buys(GID, PID, year) VALUES (559, 301, 2005);
INSERT INTO Buys(GID, PID, year) VALUES (1499, 501, 2005);
INSERT INTO Buys(GID, PID, year) VALUES (956, 456, 2009);
INSERT INTO Buys(GID, PID, year) VALUES (370, 535, 2022);
INSERT INTO Buys(GID, PID, year) VALUES (1303, 55, 2001);
INSERT INTO Buys(GID, PID, year) VALUES (1306, 512, 2005);
INSERT INTO Buys(GID, PID, year) VALUES (722, 275, 2008);
INSERT INTO Buys(GID, PID, year) VALUES (1044, 128, 2012);
INSERT INTO Buys(GID, PID, year) VALUES (1237, 243, 2011);
INSERT INTO Buys(GID, PID, year) VALUES (600, 437, 2008);
INSERT INTO Buys(GID, PID, year) VALUES (1029, 344, 2006);
INSERT INTO Buys(GID, PID, year) VALUES (850, 539, 2006);
INSERT INTO Buys(GID, PID, year) VALUES (223, 425, 2000);
INSERT INTO Buys(GID, PID, year) VALUES (1500, 536, 2021);
INSERT INTO Buys(GID, PID, year) VALUES (48, 538, 2003);
INSERT INTO Buys(GID, PID, year) VALUES (1421, 512, 2007);
INSERT INTO Buys(GID, PID, year) VALUES (574, 375, 2003);
INSERT INTO Buys(GID, PID, year) VALUES (676, 512, 2013);
INSERT INTO Buys(GID, PID, year) VALUES (956, 200, 2001);
INSERT INTO Buys(GID, PID, year) VALUES (333, 352, 2018);
INSERT INTO Buys(GID, PID, year) VALUES (1012, 501, 2006);
INSERT INTO Buys(GID, PID, year) VALUES (994, 350, 2002);
INSERT INTO Buys(GID, PID, year) VALUES (323, 536, 2001);
INSERT INTO Buys(GID, PID, year) VALUES (200, 524, 2001);
INSERT INTO Buys(GID, PID, year) VALUES (1507, 529, 2001);
INSERT INTO Buys(GID, PID, year) VALUES (1419, 459, 2003);
INSERT INTO Buys(GID, PID, year) VALUES (907, 261, 2001);
INSERT INTO Buys(GID, PID, year) VALUES (751, 537, 2017);
INSERT INTO Buys(GID, PID, year) VALUES (935, 245, 2007);
INSERT INTO Buys(GID, PID, year) VALUES (1352, 174, 2006);
INSERT INTO Buys(GID, PID, year) VALUES (1219, 218, 2000);
INSERT INTO Buys(GID, PID, year) VALUES (399, 450, 2008);
INSERT INTO Buys(GID, PID, year) VALUES (309, 395, 2007);
INSERT INTO Buys(GID, PID, year) VALUES (1486, 341, 2007);
INSERT INTO Buys(GID, PID, year) VALUES (1446, 271, 2007);
INSERT INTO Buys(GID, PID, year) VALUES (1201, 175, 2009);
INSERT INTO Buys(GID, PID, year) VALUES (1402, 501, 2003);
INSERT INTO Buys(GID, PID, year) VALUES (1383, 467, 2000);
INSERT INTO Buys(GID, PID, year) VALUES (320, 495, 2009);
INSERT INTO Buys(GID, PID, year) VALUES (579, 308, 2014);
INSERT INTO Buys(GID, PID, year) VALUES (838, 505, 2002);
INSERT INTO Buys(GID, PID, year) VALUES (1504, 502, 2001);
INSERT INTO Buys(GID, PID, year) VALUES (1090, 289, 2000);
INSERT INTO Buys(GID, PID, year) VALUES (1443, 472, 2001);
INSERT INTO Buys(GID, PID, year) VALUES (611, 270, 2002);
INSERT INTO Buys(GID, PID, year) VALUES (782, 466, 2007);
INSERT INTO Buys(GID, PID, year) VALUES (517, 182, 2010);
INSERT INTO Buys(GID, PID, year) VALUES (1394, 501, 2014);
INSERT INTO Buys(GID, PID, year) VALUES (1247, 497, 2013);
INSERT INTO Buys(GID, PID, year) VALUES (107, 248, 2009);
INSERT INTO Buys(GID, PID, year) VALUES (1404, 337, 2004);
INSERT INTO Buys(GID, PID, year) VALUES (1282, 251, 2004);
INSERT INTO Buys(GID, PID, year) VALUES (106, 183, 2013);
INSERT INTO Buys(GID, PID, year) VALUES (1315, 128, 2016);
INSERT INTO Buys(GID, PID, year) VALUES (127, 535, 2011);
INSERT INTO Buys(GID, PID, year) VALUES (1300, 487, 2006);
INSERT INTO Buys(GID, PID, year) VALUES (1395, 284, 2004);
INSERT INTO Buys(GID, PID, year) VALUES (1267, 424, 2006);
INSERT INTO Buys(GID, PID, year) VALUES (1111, 481, 2013);
INSERT INTO Buys(GID, PID, year) VALUES (1307, 40, 2013);
INSERT INTO Buys(GID, PID, year) VALUES (554, 333, 2018);
INSERT INTO Buys(GID, PID, year) VALUES (890, 125, 2002);
INSERT INTO Buys(GID, PID, year) VALUES (1025, 463, 2002);
INSERT INTO Buys(GID, PID, year) VALUES (1085, 522, 2006);
INSERT INTO Buys(GID, PID, year) VALUES (1052, 102, 2006);
INSERT INTO Buys(GID, PID, year) VALUES (814, 304, 2010);
INSERT INTO Buys(GID, PID, year) VALUES (1133, 504, 2014);
INSERT INTO Buys(GID, PID, year) VALUES (626, 393, 2001);
INSERT INTO Buys(GID, PID, year) VALUES (1474, 111, 2008);
INSERT INTO Buys(GID, PID, year) VALUES (1479, 269, 2014);
INSERT INTO Buys(GID, PID, year) VALUES (875, 366, 2011);
INSERT INTO Buys(GID, PID, year) VALUES (941, 395, 2004);
INSERT INTO Buys(GID, PID, year) VALUES (514, 311, 2016);
INSERT INTO Buys(GID, PID, year) VALUES (298, 198, 2005);
INSERT INTO Buys(GID, PID, year) VALUES (411, 454, 2016);
INSERT INTO Buys(GID, PID, year) VALUES (938, 282, 2008);
INSERT INTO Buys(GID, PID, year) VALUES (748, 415, 2000);
INSERT INTO Buys(GID, PID, year) VALUES (1322, 472, 2015);
INSERT INTO Buys(GID, PID, year) VALUES (1358, 432, 2016);
INSERT INTO Buys(GID, PID, year) VALUES (358, 125, 2018);
INSERT INTO Buys(GID, PID, year) VALUES (1077, 258, 2009);
INSERT INTO Buys(GID, PID, year) VALUES (302, 397, 2002);
INSERT INTO Buys(GID, PID, year) VALUES (916, 237, 2001);
INSERT INTO Buys(GID, PID, year) VALUES (1068, 302, 2000);
INSERT INTO Buys(GID, PID, year) VALUES (672, 529, 2020);
INSERT INTO Buys(GID, PID, year) VALUES (1031, 143, 2008);
INSERT INTO Buys(GID, PID, year) VALUES (342, 379, 2004);
INSERT INTO Buys(GID, PID, year) VALUES (1354, 371, 2008);
INSERT INTO Buys(GID, PID, year) VALUES (999, 428, 2012);
INSERT INTO Buys(GID, PID, year) VALUES (1058, 465, 2011);
INSERT INTO Buys(GID, PID, year) VALUES (1278, 487, 2002);
INSERT INTO Buys(GID, PID, year) VALUES (758, 250, 2001);
INSERT INTO Buys(GID, PID, year) VALUES (1004, 60, 2013);
INSERT INTO Buys(GID, PID, year) VALUES (1308, 524, 2003);
INSERT INTO Buys(GID, PID, year) VALUES (1321, 519, 2009);
INSERT INTO Buys(GID, PID, year) VALUES (760, 312, 2008);
INSERT INTO Buys(GID, PID, year) VALUES (1280, 542, 2012);
INSERT INTO Buys(GID, PID, year) VALUES (882, 355, 2004);
INSERT INTO Buys(GID, PID, year) VALUES (407, 445, 2014);
INSERT INTO Buys(GID, PID, year) VALUES (1411, 535, 2001);
INSERT INTO Buys(GID, PID, year) VALUES (450, 480, 2015);
INSERT INTO Buys(GID, PID, year) VALUES (480, 432, 2005);
INSERT INTO Buys(GID, PID, year) VALUES (260, 502, 2010);
INSERT INTO Buys(GID, PID, year) VALUES (1441, 412, 2019);
INSERT INTO Buys(GID, PID, year) VALUES (1370, 382, 2002);
INSERT INTO Buys(GID, PID, year) VALUES (596, 511, 2018);
INSERT INTO Buys(GID, PID, year) VALUES (584, 308, 2002);
INSERT INTO Buys(GID, PID, year) VALUES (1145, 410, 2015);
INSERT INTO Buys(GID, PID, year) VALUES (749, 274, 2013);
INSERT INTO Buys(GID, PID, year) VALUES (703, 357, 2017);
INSERT INTO Buys(GID, PID, year) VALUES (1507, 312, 2014);
INSERT INTO Buys(GID, PID, year) VALUES (1197, 377, 2011);
INSERT INTO Buys(GID, PID, year) VALUES (1048, 149, 2011);
INSERT INTO Buys(GID, PID, year) VALUES (360, 353, 2013);
INSERT INTO Buys(GID, PID, year) VALUES (1120, 371, 2019);
INSERT INTO Buys(GID, PID, year) VALUES (993, 288, 2013);
INSERT INTO Buys(GID, PID, year) VALUES (1311, 321, 2010);
INSERT INTO Buys(GID, PID, year) VALUES (859, 202, 2000);
INSERT INTO Buys(GID, PID, year) VALUES (1147, 282, 2014);
INSERT INTO Buys(GID, PID, year) VALUES (163, 374, 2009);
INSERT INTO Buys(GID, PID, year) VALUES (882, 405, 2009);
INSERT INTO Buys(GID, PID, year) VALUES (1369, 463, 2021);
INSERT INTO Buys(GID, PID, year) VALUES (1430, 543, 2007);
INSERT INTO Buys(GID, PID, year) VALUES (856, 297, 2006);
INSERT INTO Buys(GID, PID, year) VALUES (1340, 390, 2016);
INSERT INTO Buys(GID, PID, year) VALUES (401, 405, 2006);
INSERT INTO Buys(GID, PID, year) VALUES (976, 472, 2011);
INSERT INTO Buys(GID, PID, year) VALUES (1126, 175, 2005);
INSERT INTO Buys(GID, PID, year) VALUES (1371, 92, 2013);
INSERT INTO Buys(GID, PID, year) VALUES (827, 244, 2013);
INSERT INTO Buys(GID, PID, year) VALUES (1395, 418, 2006);
INSERT INTO Buys(GID, PID, year) VALUES (1150, 538, 2009);
INSERT INTO Buys(GID, PID, year) VALUES (1148, 543, 2011);
INSERT INTO Buys(GID, PID, year) VALUES (1414, 384, 2005);
INSERT INTO Buys(GID, PID, year) VALUES (947, 133, 2009);
INSERT INTO Buys(GID, PID, year) VALUES (1471, 225, 2007);
INSERT INTO Buys(GID, PID, year) VALUES (1267, 460, 2001);
INSERT INTO Buys(GID, PID, year) VALUES (1357, 76, 2008);
INSERT INTO Buys(GID, PID, year) VALUES (1381, 437, 2011);
INSERT INTO Buys(GID, PID, year) VALUES (305, 501, 2006);
INSERT INTO Buys(GID, PID, year) VALUES (1198, 141, 2008);
INSERT INTO Buys(GID, PID, year) VALUES (1178, 430, 2022);
INSERT INTO Buys(GID, PID, year) VALUES (1176, 54, 2005);
INSERT INTO Buys(GID, PID, year) VALUES (499, 294, 2007);
INSERT INTO Buys(GID, PID, year) VALUES (622, 515, 2001);
INSERT INTO Buys(GID, PID, year) VALUES (882, 295, 2002);
INSERT INTO Buys(GID, PID, year) VALUES (371, 474, 2006);
INSERT INTO Buys(GID, PID, year) VALUES (426, 437, 2010);
INSERT INTO Buys(GID, PID, year) VALUES (1284, 165, 2014);
INSERT INTO Buys(GID, PID, year) VALUES (1145, 327, 2013);
INSERT INTO Buys(GID, PID, year) VALUES (1210, 526, 2001);
INSERT INTO Buys(GID, PID, year) VALUES (784, 328, 2008);
INSERT INTO Buys(GID, PID, year) VALUES (799, 333, 2018);
INSERT INTO Buys(GID, PID, year) VALUES (1143, 535, 2014);
INSERT INTO Buys(GID, PID, year) VALUES (1038, 360, 2010);
INSERT INTO Buys(GID, PID, year) VALUES (1322, 301, 2004);
INSERT INTO Buys(GID, PID, year) VALUES (1099, 191, 2003);
INSERT INTO Buys(GID, PID, year) VALUES (639, 438, 2002);
INSERT INTO Buys(GID, PID, year) VALUES (786, 539, 2006);
INSERT INTO Buys(GID, PID, year) VALUES (1202, 217, 2015);
INSERT INTO Buys(GID, PID, year) VALUES (1139, 333, 2002);
INSERT INTO Buys(GID, PID, year) VALUES (1459, 257, 2019);
INSERT INTO Buys(GID, PID, year) VALUES (843, 449, 2010);
INSERT INTO Buys(GID, PID, year) VALUES (799, 471, 2001);
INSERT INTO Buys(GID, PID, year) VALUES (1280, 523, 2009);
INSERT INTO Buys(GID, PID, year) VALUES (248, 285, 2015);
INSERT INTO Buys(GID, PID, year) VALUES (587, 534, 2004);
INSERT INTO Buys(GID, PID, year) VALUES (1349, 460, 2001);
INSERT INTO Buys(GID, PID, year) VALUES (1337, 402, 2015);
INSERT INTO Buys(GID, PID, year) VALUES (1467, 176, 2003);
INSERT INTO Buys(GID, PID, year) VALUES (856, 265, 2010);
INSERT INTO Buys(GID, PID, year) VALUES (1115, 70, 2011);
INSERT INTO Buys(GID, PID, year) VALUES (722, 138, 2005);
INSERT INTO Buys(GID, PID, year) VALUES (1493, 341, 2001);
INSERT INTO Buys(GID, PID, year) VALUES (1436, 297, 2005);
INSERT INTO Buys(GID, PID, year) VALUES (645, 447, 2005);
INSERT INTO Buys(GID, PID, year) VALUES (582, 494, 2003);
INSERT INTO Buys(GID, PID, year) VALUES (1403, 386, 2006);
INSERT INTO Buys(GID, PID, year) VALUES (969, 328, 2010);
INSERT INTO Buys(GID, PID, year) VALUES (1085, 383, 2011);
INSERT INTO Buys(GID, PID, year) VALUES (1312, 279, 2005);
INSERT INTO Buys(GID, PID, year) VALUES (1326, 421, 2014);
INSERT INTO Buys(GID, PID, year) VALUES (1381, 509, 2009);
INSERT INTO Buys(GID, PID, year) VALUES (729, 371, 2009);
INSERT INTO Buys(GID, PID, year) VALUES (1100, 314, 2011);
INSERT INTO Buys(GID, PID, year) VALUES (691, 523, 2007);
INSERT INTO Buys(GID, PID, year) VALUES (285, 400, 2005);
INSERT INTO Buys(GID, PID, year) VALUES (1109, 303, 2007);
INSERT INTO Buys(GID, PID, year) VALUES (1434, 511, 2001);
INSERT INTO Buys(GID, PID, year) VALUES (955, 266, 2008);
INSERT INTO Buys(GID, PID, year) VALUES (1229, 400, 2014);
INSERT INTO Buys(GID, PID, year) VALUES (778, 224, 2000);
INSERT INTO Buys(GID, PID, year) VALUES (570, 318, 2002);
INSERT INTO Buys(GID, PID, year) VALUES (1176, 469, 2020);
INSERT INTO Buys(GID, PID, year) VALUES (1464, 196, 2006);
INSERT INTO Buys(GID, PID, year) VALUES (1405, 353, 2003);
INSERT INTO Buys(GID, PID, year) VALUES (966, 514, 2002);
INSERT INTO Buys(GID, PID, year) VALUES (1282, 392, 2010);
INSERT INTO Buys(GID, PID, year) VALUES (1173, 53, 2012);
INSERT INTO Buys(GID, PID, year) VALUES (1386, 519, 2004);
INSERT INTO Buys(GID, PID, year) VALUES (940, 314, 2010);
INSERT INTO Buys(GID, PID, year) VALUES (1126, 390, 2005);
INSERT INTO Buys(GID, PID, year) VALUES (1431, 371, 2003);
INSERT INTO Buys(GID, PID, year) VALUES (1213, 277, 2010);
INSERT INTO Buys(GID, PID, year) VALUES (1329, 290, 2011);
INSERT INTO Buys(GID, PID, year) VALUES (672, 499, 2015);
INSERT INTO Buys(GID, PID, year) VALUES (464, 426, 2006);
INSERT INTO Buys(GID, PID, year) VALUES (1182, 352, 2011);
INSERT INTO Buys(GID, PID, year) VALUES (1191, 476, 2001);
INSERT INTO Buys(GID, PID, year) VALUES (1105, 71, 2003);
INSERT INTO Buys(GID, PID, year) VALUES (1408, 445, 2016);
INSERT INTO Buys(GID, PID, year) VALUES (937, 540, 2004);
INSERT INTO Buys(GID, PID, year) VALUES (1393, 411, 2005);
INSERT INTO Buys(GID, PID, year) VALUES (506, 298, 2013);
INSERT INTO Buys(GID, PID, year) VALUES (951, 434, 2023);
INSERT INTO Buys(GID, PID, year) VALUES (742, 520, 2013);
INSERT INTO Buys(GID, PID, year) VALUES (1395, 138, 2011);
INSERT INTO Buys(GID, PID, year) VALUES (792, 429, 2001);
INSERT INTO Buys(GID, PID, year) VALUES (307, 517, 2006);
INSERT INTO Buys(GID, PID, year) VALUES (366, 484, 2018);
INSERT INTO Buys(GID, PID, year) VALUES (1288, 394, 2000);
INSERT INTO Buys(GID, PID, year) VALUES (1278, 437, 2010);
INSERT INTO Buys(GID, PID, year) VALUES (815, 310, 2014);
INSERT INTO Buys(GID, PID, year) VALUES (1162, 517, 2011);
INSERT INTO Buys(GID, PID, year) VALUES (725, 199, 2004);
INSERT INTO Buys(GID, PID, year) VALUES (581, 203, 2000);
INSERT INTO Buys(GID, PID, year) VALUES (696, 319, 2002);
INSERT INTO Buys(GID, PID, year) VALUES (1379, 436, 2018);
INSERT INTO Buys(GID, PID, year) VALUES (1298, 406, 2016);
INSERT INTO Buys(GID, PID, year) VALUES (1101, 167, 2014);
INSERT INTO Buys(GID, PID, year) VALUES (363, 223, 2001);
INSERT INTO Buys(GID, PID, year) VALUES (1265, 185, 2005);
INSERT INTO Buys(GID, PID, year) VALUES (259, 364, 2001);
INSERT INTO Buys(GID, PID, year) VALUES (1458, 433, 2007);
INSERT INTO Buys(GID, PID, year) VALUES (399, 525, 2003);
INSERT INTO Buys(GID, PID, year) VALUES (691, 431, 2001);
INSERT INTO Buys(GID, PID, year) VALUES (1122, 410, 2017);
INSERT INTO Buys(GID, PID, year) VALUES (670, 329, 2000);
INSERT INTO Buys(GID, PID, year) VALUES (1310, 360, 2004);
INSERT INTO Buys(GID, PID, year) VALUES (1389, 404, 2013);
INSERT INTO Buys(GID, PID, year) VALUES (206, 463, 2011);
INSERT INTO Buys(GID, PID, year) VALUES (553, 431, 2000);
INSERT INTO Buys(GID, PID, year) VALUES (1151, 271, 2023);
INSERT INTO Buys(GID, PID, year) VALUES (703, 220, 2000);
INSERT INTO Buys(GID, PID, year) VALUES (586, 446, 2022);
INSERT INTO Buys(GID, PID, year) VALUES (1333, 349, 2013);
INSERT INTO Buys(GID, PID, year) VALUES (893, 298, 2002);
INSERT INTO Buys(GID, PID, year) VALUES (1277, 345, 2000);
INSERT INTO Buys(GID, PID, year) VALUES (594, 318, 2003);
INSERT INTO Buys(GID, PID, year) VALUES (1268, 81, 2006);
INSERT INTO Buys(GID, PID, year) VALUES (991, 264, 2005);
INSERT INTO Buys(GID, PID, year) VALUES (371, 387, 2003);
INSERT INTO Buys(GID, PID, year) VALUES (840, 378, 2010);
INSERT INTO Buys(GID, PID, year) VALUES (1038, 380, 2006);
INSERT INTO Buys(GID, PID, year) VALUES (578, 356, 2004);
INSERT INTO Buys(GID, PID, year) VALUES (1128, 361, 2007);
INSERT INTO Buys(GID, PID, year) VALUES (1399, 442, 2002);
INSERT INTO Buys(GID, PID, year) VALUES (775, 359, 2006);
INSERT INTO Buys(GID, PID, year) VALUES (1174, 348, 2004);
INSERT INTO Buys(GID, PID, year) VALUES (1196, 202, 2009);
INSERT INTO Buys(GID, PID, year) VALUES (1402, 460, 2002);
INSERT INTO Buys(GID, PID, year) VALUES (921, 303, 2001);
INSERT INTO Buys(GID, PID, year) VALUES (1395, 110, 2013);
INSERT INTO Buys(GID, PID, year) VALUES (886, 324, 2004);
INSERT INTO Buys(GID, PID, year) VALUES (1328, 512, 2002);
INSERT INTO Buys(GID, PID, year) VALUES (702, 410, 2009);
INSERT INTO Buys(GID, PID, year) VALUES (1413, 99, 2012);
INSERT INTO Buys(GID, PID, year) VALUES (848, 501, 2007);
INSERT INTO Buys(GID, PID, year) VALUES (1285, 335, 2016);
INSERT INTO Buys(GID, PID, year) VALUES (1402, 142, 2003);
INSERT INTO Buys(GID, PID, year) VALUES (1148, 370, 2005);
INSERT INTO Buys(GID, PID, year) VALUES (1423, 294, 2000);
INSERT INTO Buys(GID, PID, year) VALUES (1456, 231, 2002);
INSERT INTO Buys(GID, PID, year) VALUES (809, 335, 2014);
INSERT INTO Buys(GID, PID, year) VALUES (629, 126, 2000);
INSERT INTO Buys(GID, PID, year) VALUES (1300, 508, 2014);
INSERT INTO Buys(GID, PID, year) VALUES (1329, 275, 2019);
INSERT INTO Buys(GID, PID, year) VALUES (1192, 383, 2009);
INSERT INTO Buys(GID, PID, year) VALUES (121, 27, 2017);
INSERT INTO Buys(GID, PID, year) VALUES (414, 184, 2000);
INSERT INTO Buys(GID, PID, year) VALUES (1108, 503, 2006);
INSERT INTO Buys(GID, PID, year) VALUES (1375, 369, 2008);
INSERT INTO Buys(GID, PID, year) VALUES (177, 361, 2009);
INSERT INTO Buys(GID, PID, year) VALUES (947, 286, 2004);
INSERT INTO Buys(GID, PID, year) VALUES (1010, 369, 2002);
INSERT INTO Buys(GID, PID, year) VALUES (858, 351, 2006);
INSERT INTO Buys(GID, PID, year) VALUES (1148, 419, 2010);
INSERT INTO Buys(GID, PID, year) VALUES (418, 437, 2000);
INSERT INTO Buys(GID, PID, year) VALUES (425, 72, 2000);
INSERT INTO Buys(GID, PID, year) VALUES (664, 184, 2019);
INSERT INTO Buys(GID, PID, year) VALUES (337, 150, 2005);
INSERT INTO Buys(GID, PID, year) VALUES (1079, 427, 2008);
INSERT INTO Buys(GID, PID, year) VALUES (1472, 124, 2008);
INSERT INTO Buys(GID, PID, year) VALUES (726, 352, 2002);
INSERT INTO Buys(GID, PID, year) VALUES (1255, 146, 2011);
INSERT INTO Buys(GID, PID, year) VALUES (503, 516, 2005);
INSERT INTO Buys(GID, PID, year) VALUES (1266, 374, 2014);
INSERT INTO Buys(GID, PID, year) VALUES (895, 493, 2012);
INSERT INTO Buys(GID, PID, year) VALUES (917, 486, 2010);
INSERT INTO Buys(GID, PID, year) VALUES (1049, 480, 2006);
INSERT INTO Buys(GID, PID, year) VALUES (1129, 497, 2005);
INSERT INTO Buys(GID, PID, year) VALUES (640, 358, 2016);
INSERT INTO Buys(GID, PID, year) VALUES (727, 505, 2018);
INSERT INTO Buys(GID, PID, year) VALUES (1217, 301, 2011);
INSERT INTO Buys(GID, PID, year) VALUES (1283, 207, 2000);
INSERT INTO Buys(GID, PID, year) VALUES (1193, 357, 2017);
INSERT INTO Buys(GID, PID, year) VALUES (477, 112, 2002);
INSERT INTO Buys(GID, PID, year) VALUES (1449, 263, 2015);
INSERT INTO Buys(GID, PID, year) VALUES (1282, 385, 2006);
INSERT INTO Buys(GID, PID, year) VALUES (1069, 501, 2022);
INSERT INTO Buys(GID, PID, year) VALUES (880, 340, 2006);
INSERT INTO Buys(GID, PID, year) VALUES (1327, 539, 2003);
INSERT INTO Buys(GID, PID, year) VALUES (1205, 161, 2000);
INSERT INTO Buys(GID, PID, year) VALUES (1467, 208, 2005);
INSERT INTO Buys(GID, PID, year) VALUES (457, 359, 2010);
INSERT INTO Buys(GID, PID, year) VALUES (1091, 352, 2000);
INSERT INTO Buys(GID, PID, year) VALUES (1135, 390, 2017);
INSERT INTO Buys(GID, PID, year) VALUES (1349, 304, 2022);
INSERT INTO Buys(GID, PID, year) VALUES (829, 371, 2003);
INSERT INTO Buys(GID, PID, year) VALUES (588, 540, 2012);
INSERT INTO Buys(GID, PID, year) VALUES (1112, 542, 2006);
INSERT INTO Buys(GID, PID, year) VALUES (1096, 408, 2010);
INSERT INTO Buys(GID, PID, year) VALUES (1184, 303, 2000);
INSERT INTO Buys(GID, PID, year) VALUES (1318, 293, 2000);
INSERT INTO Buys(GID, PID, year) VALUES (675, 522, 2020);
INSERT INTO Buys(GID, PID, year) VALUES (1188, 288, 2006);
INSERT INTO Buys(GID, PID, year) VALUES (555, 279, 2016);
INSERT INTO Buys(GID, PID, year) VALUES (1011, 321, 2001);
INSERT INTO Buys(GID, PID, year) VALUES (1443, 324, 2013);
INSERT INTO Buys(GID, PID, year) VALUES (1433, 159, 2009);
INSERT INTO Buys(GID, PID, year) VALUES (1429, 307, 2001);
INSERT INTO Buys(GID, PID, year) VALUES (1024, 514, 2008);
INSERT INTO Buys(GID, PID, year) VALUES (1325, 269, 2018);
INSERT INTO Buys(GID, PID, year) VALUES (380, 263, 2002);
INSERT INTO Buys(GID, PID, year) VALUES (1498, 224, 2020);
INSERT INTO Buys(GID, PID, year) VALUES (782, 242, 2004);
INSERT INTO Buys(GID, PID, year) VALUES (1101, 471, 2002);
INSERT INTO Buys(GID, PID, year) VALUES (1416, 507, 2012);
INSERT INTO Buys(GID, PID, year) VALUES (735, 483, 2015);
INSERT INTO Buys(GID, PID, year) VALUES (858, 58, 2019);
INSERT INTO Buys(GID, PID, year) VALUES (1210, 338, 2000);
INSERT INTO Buys(GID, PID, year) VALUES (1107, 300, 2008);
INSERT INTO Buys(GID, PID, year) VALUES (1334, 472, 2014);
INSERT INTO Buys(GID, PID, year) VALUES (199, 492, 2012);
INSERT INTO Buys(GID, PID, year) VALUES (653, 438, 2012);
INSERT INTO Buys(GID, PID, year) VALUES (937, 448, 2007);
INSERT INTO Buys(GID, PID, year) VALUES (558, 312, 2019);
INSERT INTO Buys(GID, PID, year) VALUES (126, 186, 2000);
INSERT INTO Buys(GID, PID, year) VALUES (1345, 323, 2014);
INSERT INTO Buys(GID, PID, year) VALUES (1355, 387, 2007);
INSERT INTO Buys(GID, PID, year) VALUES (665, 408, 2015);
INSERT INTO Buys(GID, PID, year) VALUES (1066, 392, 2004);
INSERT INTO Buys(GID, PID, year) VALUES (760, 526, 2008);
INSERT INTO Buys(GID, PID, year) VALUES (409, 194, 2007);
INSERT INTO Buys(GID, PID, year) VALUES (1281, 335, 2004);
INSERT INTO Buys(GID, PID, year) VALUES (955, 428, 2019);
INSERT INTO Buys(GID, PID, year) VALUES (1290, 197, 2014);
INSERT INTO Buys(GID, PID, year) VALUES (1390, 227, 2014);
INSERT INTO Buys(GID, PID, year) VALUES (681, 173, 2000);
INSERT INTO Buys(GID, PID, year) VALUES (1272, 280, 2002);
INSERT INTO Buys(GID, PID, year) VALUES (793, 472, 2000);
INSERT INTO Buys(GID, PID, year) VALUES (1346, 511, 2007);
INSERT INTO Buys(GID, PID, year) VALUES (1293, 405, 2003);
INSERT INTO Buys(GID, PID, year) VALUES (1401, 58, 2002);
INSERT INTO Buys(GID, PID, year) VALUES (745, 378, 2006);
INSERT INTO Buys(GID, PID, year) VALUES (1403, 206, 2000);
INSERT INTO Buys(GID, PID, year) VALUES (1506, 237, 2004);
INSERT INTO Buys(GID, PID, year) VALUES (627, 332, 2006);
INSERT INTO Buys(GID, PID, year) VALUES (790, 408, 2003);
INSERT INTO Buys(GID, PID, year) VALUES (1107, 403, 2008);
INSERT INTO Buys(GID, PID, year) VALUES (816, 320, 2003);
INSERT INTO Buys(GID, PID, year) VALUES (637, 315, 2007);
INSERT INTO Buys(GID, PID, year) VALUES (1293, 495, 2012);
INSERT INTO Buys(GID, PID, year) VALUES (1303, 411, 2016);
INSERT INTO Buys(GID, PID, year) VALUES (723, 340, 2009);
INSERT INTO Buys(GID, PID, year) VALUES (922, 525, 2013);
INSERT INTO Buys(GID, PID, year) VALUES (1132, 509, 2013);
INSERT INTO Buys(GID, PID, year) VALUES (1460, 405, 2009);
INSERT INTO Buys(GID, PID, year) VALUES (1068, 154, 2004);
INSERT INTO Buys(GID, PID, year) VALUES (348, 489, 2013);
INSERT INTO Buys(GID, PID, year) VALUES (954, 274, 2007);
INSERT INTO Buys(GID, PID, year) VALUES (1295, 536, 2004);
INSERT INTO Buys(GID, PID, year) VALUES (1134, 380, 2008);
INSERT INTO Buys(GID, PID, year) VALUES (562, 469, 2014);
INSERT INTO Buys(GID, PID, year) VALUES (1099, 504, 2009);
INSERT INTO Buys(GID, PID, year) VALUES (1030, 255, 2003);
INSERT INTO Buys(GID, PID, year) VALUES (886, 364, 2010);
INSERT INTO Buys(GID, PID, year) VALUES (1430, 446, 2011);
INSERT INTO Buys(GID, PID, year) VALUES (1493, 144, 2003);
INSERT INTO Buys(GID, PID, year) VALUES (1342, 468, 2002);
INSERT INTO Buys(GID, PID, year) VALUES (323, 531, 2013);
INSERT INTO Buys(GID, PID, year) VALUES (209, 368, 2000);
INSERT INTO Buys(GID, PID, year) VALUES (1076, 205, 2006);
INSERT INTO Buys(GID, PID, year) VALUES (758, 407, 2004);
INSERT INTO Buys(GID, PID, year) VALUES (507, 463, 2013);
INSERT INTO Buys(GID, PID, year) VALUES (872, 190, 2004);
INSERT INTO Buys(GID, PID, year) VALUES (1333, 513, 2022);
INSERT INTO Buys(GID, PID, year) VALUES (1017, 258, 2001);
INSERT INTO Buys(GID, PID, year) VALUES (1092, 383, 2001);
INSERT INTO Buys(GID, PID, year) VALUES (779, 283, 2004);
INSERT INTO Buys(GID, PID, year) VALUES (709, 171, 2003);
INSERT INTO Buys(GID, PID, year) VALUES (1244, 311, 2003);
INSERT INTO Buys(GID, PID, year) VALUES (1367, 294, 2012);
INSERT INTO Buys(GID, PID, year) VALUES (934, 493, 2007);
INSERT INTO Buys(GID, PID, year) VALUES (499, 382, 2005);
INSERT INTO Buys(GID, PID, year) VALUES (726, 453, 2000);
INSERT INTO Buys(GID, PID, year) VALUES (531, 328, 2003);
INSERT INTO Buys(GID, PID, year) VALUES (892, 334, 2013);
INSERT INTO Buys(GID, PID, year) VALUES (1388, 294, 2003);
INSERT INTO Buys(GID, PID, year) VALUES (523, 235, 2000);
INSERT INTO Buys(GID, PID, year) VALUES (707, 508, 2013);
INSERT INTO Buys(GID, PID, year) VALUES (1115, 424, 2001);
INSERT INTO Buys(GID, PID, year) VALUES (1381, 327, 2003);
INSERT INTO Buys(GID, PID, year) VALUES (1227, 429, 2017);
INSERT INTO Buys(GID, PID, year) VALUES (596, 203, 2013);
INSERT INTO Buys(GID, PID, year) VALUES (1391, 477, 2008);
INSERT INTO Buys(GID, PID, year) VALUES (700, 465, 2006);
INSERT INTO Buys(GID, PID, year) VALUES (1162, 376, 2001);
INSERT INTO Buys(GID, PID, year) VALUES (1419, 448, 2003);
INSERT INTO Buys(GID, PID, year) VALUES (411, 346, 2001);
INSERT INTO Buys(GID, PID, year) VALUES (1469, 343, 2016);
INSERT INTO Buys(GID, PID, year) VALUES (1126, 426, 2004);
INSERT INTO Buys(GID, PID, year) VALUES (1446, 388, 2007);
INSERT INTO Buys(GID, PID, year) VALUES (1112, 260, 2015);
INSERT INTO Buys(GID, PID, year) VALUES (1247, 312, 2010);
INSERT INTO Buys(GID, PID, year) VALUES (1014, 400, 2014);
INSERT INTO Buys(GID, PID, year) VALUES (649, 540, 2009);
INSERT INTO Buys(GID, PID, year) VALUES (1228, 405, 2000);
INSERT INTO Buys(GID, PID, year) VALUES (883, 374, 2001);
INSERT INTO Buys(GID, PID, year) VALUES (1304, 267, 2000);
INSERT INTO Buys(GID, PID, year) VALUES (579, 194, 2001);
INSERT INTO Buys(GID, PID, year) VALUES (1316, 264, 2008);
INSERT INTO Buys(GID, PID, year) VALUES (786, 513, 2009);
INSERT INTO Buys(GID, PID, year) VALUES (1066, 337, 2001);
INSERT INTO Buys(GID, PID, year) VALUES (1375, 400, 2005);
INSERT INTO Buys(GID, PID, year) VALUES (922, 503, 2019);
INSERT INTO Buys(GID, PID, year) VALUES (907, 79, 2012);
INSERT INTO Buys(GID, PID, year) VALUES (1444, 345, 2001);
INSERT INTO Buys(GID, PID, year) VALUES (943, 334, 2012);
INSERT INTO Buys(GID, PID, year) VALUES (1199, 267, 2000);
INSERT INTO Buys(GID, PID, year) VALUES (1315, 229, 2015);
INSERT INTO Buys(GID, PID, year) VALUES (1505, 138, 2001);
INSERT INTO Buys(GID, PID, year) VALUES (1419, 388, 2014);
INSERT INTO Buys(GID, PID, year) VALUES (785, 508, 2004);
INSERT INTO Buys(GID, PID, year) VALUES (1359, 480, 2007);
INSERT INTO Buys(GID, PID, year) VALUES (1233, 332, 2001);
INSERT INTO Buys(GID, PID, year) VALUES (1252, 351, 2012);
INSERT INTO Buys(GID, PID, year) VALUES (460, 438, 2015);
INSERT INTO Buys(GID, PID, year) VALUES (1036, 400, 2006);
INSERT INTO Buys(GID, PID, year) VALUES (1273, 480, 2014);
INSERT INTO Buys(GID, PID, year) VALUES (1424, 476, 2000);
INSERT INTO Buys(GID, PID, year) VALUES (1474, 516, 2000);
INSERT INTO Buys(GID, PID, year) VALUES (1028, 485, 2002);
INSERT INTO Buys(GID, PID, year) VALUES (876, 533, 2017);
INSERT INTO Buys(GID, PID, year) VALUES (519, 432, 2001);
INSERT INTO Buys(GID, PID, year) VALUES (1057, 196, 2006);
INSERT INTO Buys(GID, PID, year) VALUES (1438, 36, 2012);
INSERT INTO Buys(GID, PID, year) VALUES (1127, 266, 2010);
INSERT INTO Buys(GID, PID, year) VALUES (483, 341, 2002);
INSERT INTO Buys(GID, PID, year) VALUES (1417, 526, 2006);
INSERT INTO Buys(GID, PID, year) VALUES (1216, 184, 2008);
INSERT INTO Buys(GID, PID, year) VALUES (1119, 123, 2009);
INSERT INTO Buys(GID, PID, year) VALUES (887, 540, 2001);
INSERT INTO Buys(GID, PID, year) VALUES (839, 488, 2014);
INSERT INTO Buys(GID, PID, year) VALUES (1462, 515, 2011);
INSERT INTO Buys(GID, PID, year) VALUES (403, 486, 2002);
INSERT INTO Buys(GID, PID, year) VALUES (415, 332, 2003);
INSERT INTO Buys(GID, PID, year) VALUES (848, 434, 2011);
INSERT INTO Buys(GID, PID, year) VALUES (1270, 542, 2009);
INSERT INTO Buys(GID, PID, year) VALUES (1213, 492, 2012);
INSERT INTO Buys(GID, PID, year) VALUES (1316, 327, 2001);
INSERT INTO Buys(GID, PID, year) VALUES (1360, 485, 2008);
INSERT INTO Buys(GID, PID, year) VALUES (1348, 234, 2002);
INSERT INTO Buys(GID, PID, year) VALUES (1172, 109, 2016);
INSERT INTO Buys(GID, PID, year) VALUES (1068, 262, 2018);
INSERT INTO Buys(GID, PID, year) VALUES (830, 401, 2015);
INSERT INTO Buys(GID, PID, year) VALUES (1241, 320, 2013);
INSERT INTO Buys(GID, PID, year) VALUES (845, 134, 2006);
INSERT INTO Buys(GID, PID, year) VALUES (835, 314, 2012);
INSERT INTO Buys(GID, PID, year) VALUES (540, 458, 2001);
INSERT INTO Buys(GID, PID, year) VALUES (1056, 535, 2004);
INSERT INTO Buys(GID, PID, year) VALUES (808, 510, 2008);
INSERT INTO Buys(GID, PID, year) VALUES (1037, 317, 2012);
INSERT INTO Buys(GID, PID, year) VALUES (1081, 209, 2001);
INSERT INTO Buys(GID, PID, year) VALUES (1303, 280, 2009);
INSERT INTO Buys(GID, PID, year) VALUES (813, 309, 2004);
INSERT INTO Buys(GID, PID, year) VALUES (1204, 366, 2010);
INSERT INTO Buys(GID, PID, year) VALUES (1260, 441, 2004);
INSERT INTO Buys(GID, PID, year) VALUES (275, 231, 2000);
INSERT INTO Buys(GID, PID, year) VALUES (1300, 349, 2017);
INSERT INTO Buys(GID, PID, year) VALUES (1274, 294, 2005);
INSERT INTO Buys(GID, PID, year) VALUES (1162, 525, 2001);
INSERT INTO Buys(GID, PID, year) VALUES (1458, 338, 2010);
INSERT INTO Buys(GID, PID, year) VALUES (435, 435, 2001);
INSERT INTO Buys(GID, PID, year) VALUES (890, 384, 2005);
INSERT INTO Buys(GID, PID, year) VALUES (1236, 504, 2001);
INSERT INTO Buys(GID, PID, year) VALUES (533, 394, 2006);
INSERT INTO Buys(GID, PID, year) VALUES (1335, 506, 2012);
INSERT INTO Buys(GID, PID, year) VALUES (1481, 393, 2012);
INSERT INTO Buys(GID, PID, year) VALUES (927, 378, 2022);
INSERT INTO Buys(GID, PID, year) VALUES (1234, 412, 2003);
INSERT INTO Buys(GID, PID, year) VALUES (1171, 216, 2010);
INSERT INTO Buys(GID, PID, year) VALUES (1501, 91, 2012);
INSERT INTO Buys(GID, PID, year) VALUES (1200, 331, 2010);
INSERT INTO Buys(GID, PID, year) VALUES (552, 260, 2004);
INSERT INTO Buys(GID, PID, year) VALUES (1504, 496, 2010);
INSERT INTO Buys(GID, PID, year) VALUES (1088, 464, 2007);
INSERT INTO Buys(GID, PID, year) VALUES (938, 278, 2012);
INSERT INTO Buys(GID, PID, year) VALUES (1438, 382, 2012);
INSERT INTO Buys(GID, PID, year) VALUES (947, 474, 2005);
INSERT INTO Buys(GID, PID, year) VALUES (1486, 477, 2011);
INSERT INTO Buys(GID, PID, year) VALUES (542, 382, 2001);
INSERT INTO Buys(GID, PID, year) VALUES (599, 490, 2001);
INSERT INTO Buys(GID, PID, year) VALUES (1098, 139, 2007);
INSERT INTO Buys(GID, PID, year) VALUES (1315, 345, 2004);
INSERT INTO Buys(GID, PID, year) VALUES (1163, 162, 2005);
INSERT INTO Buys(GID, PID, year) VALUES (859, 363, 2014);
INSERT INTO Buys(GID, PID, year) VALUES (1155, 524, 2006);
INSERT INTO Buys(GID, PID, year) VALUES (432, 242, 2008);
INSERT INTO Buys(GID, PID, year) VALUES (1384, 357, 2001);
INSERT INTO Buys(GID, PID, year) VALUES (1180, 112, 2002);
INSERT INTO Buys(GID, PID, year) VALUES (492, 309, 2000);
INSERT INTO Buys(GID, PID, year) VALUES (1445, 248, 2016);
INSERT INTO Buys(GID, PID, year) VALUES (1496, 159, 2004);
INSERT INTO Buys(GID, PID, year) VALUES (938, 419, 2009);
INSERT INTO Buys(GID, PID, year) VALUES (1041, 266, 2000);
INSERT INTO Buys(GID, PID, year) VALUES (1449, 509, 2010);
INSERT INTO Buys(GID, PID, year) VALUES (1394, 107, 2001);
INSERT INTO Buys(GID, PID, year) VALUES (348, 416, 2000);
INSERT INTO Buys(GID, PID, year) VALUES (1050, 116, 2002);
INSERT INTO Buys(GID, PID, year) VALUES (1096, 515, 2008);
INSERT INTO Buys(GID, PID, year) VALUES (1392, 462, 2006);
INSERT INTO Buys(GID, PID, year) VALUES (375, 447, 2007);
INSERT INTO Buys(GID, PID, year) VALUES (579, 483, 2008);
INSERT INTO Buys(GID, PID, year) VALUES (1300, 357, 2002);
INSERT INTO Buys(GID, PID, year) VALUES (1494, 497, 2010);
INSERT INTO Buys(GID, PID, year) VALUES (1399, 496, 2012);
INSERT INTO Buys(GID, PID, year) VALUES (1431, 214, 2017);
INSERT INTO Buys(GID, PID, year) VALUES (1054, 139, 2015);
INSERT INTO Buys(GID, PID, year) VALUES (1102, 131, 2005);
INSERT INTO Buys(GID, PID, year) VALUES (992, 514, 2014);
INSERT INTO Buys(GID, PID, year) VALUES (596, 318, 2021);
INSERT INTO Buys(GID, PID, year) VALUES (1376, 515, 2017);
INSERT INTO Buys(GID, PID, year) VALUES (1189, 331, 2013);
INSERT INTO Buys(GID, PID, year) VALUES (350, 495, 2000);
INSERT INTO Buys(GID, PID, year) VALUES (1421, 446, 2000);
INSERT INTO Buys(GID, PID, year) VALUES (1412, 267, 2003);
INSERT INTO Buys(GID, PID, year) VALUES (1464, 318, 2013);
INSERT INTO Buys(GID, PID, year) VALUES (58, 383, 2003);
INSERT INTO Buys(GID, PID, year) VALUES (1427, 200, 2014);
INSERT INTO Buys(GID, PID, year) VALUES (554, 309, 2014);
INSERT INTO Buys(GID, PID, year) VALUES (1072, 346, 2002);
INSERT INTO Buys(GID, PID, year) VALUES (871, 434, 2002);
INSERT INTO Buys(GID, PID, year) VALUES (135, 425, 2003);
INSERT INTO Buys(GID, PID, year) VALUES (93, 409, 2008);
INSERT INTO Buys(GID, PID, year) VALUES (747, 337, 2010);
INSERT INTO Buys(GID, PID, year) VALUES (1156, 175, 2011);
INSERT INTO Buys(GID, PID, year) VALUES (437, 303, 2011);
INSERT INTO Buys(GID, PID, year) VALUES (707, 126, 2014);
INSERT INTO Buys(GID, PID, year) VALUES (1090, 260, 2009);
INSERT INTO Buys(GID, PID, year) VALUES (1388, 407, 2006);
INSERT INTO Buys(GID, PID, year) VALUES (759, 463, 2019);
INSERT INTO Buys(GID, PID, year) VALUES (1423, 390, 2009);
INSERT INTO Buys(GID, PID, year) VALUES (1067, 324, 2009);
INSERT INTO Buys(GID, PID, year) VALUES (392, 159, 2009);
INSERT INTO Buys(GID, PID, year) VALUES (1406, 202, 2011);
INSERT INTO Buys(GID, PID, year) VALUES (1449, 349, 2006);
INSERT INTO Buys(GID, PID, year) VALUES (590, 414, 2019);
INSERT INTO Buys(GID, PID, year) VALUES (1275, 540, 2001);
INSERT INTO Buys(GID, PID, year) VALUES (1001, 395, 2015);
INSERT INTO Buys(GID, PID, year) VALUES (1474, 413, 2019);
INSERT INTO Buys(GID, PID, year) VALUES (840, 532, 2006);
INSERT INTO Buys(GID, PID, year) VALUES (949, 321, 2005);
INSERT INTO Buys(GID, PID, year) VALUES (1457, 469, 2018);
INSERT INTO Buys(GID, PID, year) VALUES (1349, 336, 2005);
INSERT INTO Buys(GID, PID, year) VALUES (1461, 425, 2007);
INSERT INTO Buys(GID, PID, year) VALUES (893, 522, 2008);
INSERT INTO Buys(GID, PID, year) VALUES (1455, 366, 2006);
INSERT INTO Buys(GID, PID, year) VALUES (1445, 387, 2011);
INSERT INTO Buys(GID, PID, year) VALUES (1010, 348, 2003);
INSERT INTO Buys(GID, PID, year) VALUES (245, 408, 2004);
INSERT INTO Buys(GID, PID, year) VALUES (1497, 425, 2000);
INSERT INTO Buys(GID, PID, year) VALUES (874, 216, 2009);
INSERT INTO Buys(GID, PID, year) VALUES (427, 478, 2010);
INSERT INTO Buys(GID, PID, year) VALUES (1027, 498, 2016);
INSERT INTO Buys(GID, PID, year) VALUES (412, 371, 2018);
INSERT INTO Buys(GID, PID, year) VALUES (1505, 533, 2008);
INSERT INTO Buys(GID, PID, year) VALUES (1011, 334, 2010);
INSERT INTO Buys(GID, PID, year) VALUES (1475, 530, 2012);
INSERT INTO Buys(GID, PID, year) VALUES (913, 265, 2003);
INSERT INTO Buys(GID, PID, year) VALUES (1455, 534, 2003);
INSERT INTO Buys(GID, PID, year) VALUES (1111, 438, 2003);
INSERT INTO Buys(GID, PID, year) VALUES (1262, 437, 2018);
INSERT INTO Buys(GID, PID, year) VALUES (1037, 106, 2015);
INSERT INTO Buys(GID, PID, year) VALUES (844, 328, 2005);
INSERT INTO Buys(GID, PID, year) VALUES (1331, 381, 2004);
INSERT INTO Buys(GID, PID, year) VALUES (1297, 406, 2004);
INSERT INTO Buys(GID, PID, year) VALUES (520, 537, 2015);
INSERT INTO Buys(GID, PID, year) VALUES (400, 311, 2017);
INSERT INTO Buys(GID, PID, year) VALUES (837, 420, 2008);
INSERT INTO Buys(GID, PID, year) VALUES (791, 305, 2009);
INSERT INTO Buys(GID, PID, year) VALUES (1451, 133, 2000);
INSERT INTO Buys(GID, PID, year) VALUES (1141, 484, 2005);
INSERT INTO Buys(GID, PID, year) VALUES (1178, 504, 2016);
INSERT INTO Buys(GID, PID, year) VALUES (1489, 46, 2008);
INSERT INTO Buys(GID, PID, year) VALUES (1030, 427, 2013);
INSERT INTO Buys(GID, PID, year) VALUES (242, 300, 2000);
INSERT INTO Buys(GID, PID, year) VALUES (78, 540, 2018);
INSERT INTO Buys(GID, PID, year) VALUES (865, 189, 2015);
INSERT INTO Buys(GID, PID, year) VALUES (1451, 250, 2008);
INSERT INTO Buys(GID, PID, year) VALUES (741, 445, 2003);
INSERT INTO Buys(GID, PID, year) VALUES (828, 134, 2004);
INSERT INTO Buys(GID, PID, year) VALUES (462, 542, 2013);
INSERT INTO Buys(GID, PID, year) VALUES (1472, 431, 2002);
INSERT INTO Buys(GID, PID, year) VALUES (1478, 466, 2002);
INSERT INTO Buys(GID, PID, year) VALUES (1148, 216, 2012);
INSERT INTO Buys(GID, PID, year) VALUES (1418, 326, 2011);
INSERT INTO Buys(GID, PID, year) VALUES (1409, 298, 2011);
INSERT INTO Buys(GID, PID, year) VALUES (1503, 327, 2005);
INSERT INTO Buys(GID, PID, year) VALUES (685, 382, 2006);
INSERT INTO Buys(GID, PID, year) VALUES (1412, 525, 2002);
INSERT INTO Buys(GID, PID, year) VALUES (1460, 438, 2017);
INSERT INTO Buys(GID, PID, year) VALUES (1455, 293, 2014);
INSERT INTO Buys(GID, PID, year) VALUES (1129, 387, 2015);
INSERT INTO Buys(GID, PID, year) VALUES (822, 314, 2016);
INSERT INTO Buys(GID, PID, year) VALUES (1017, 200, 2004);
INSERT INTO Buys(GID, PID, year) VALUES (1361, 345, 2006);
INSERT INTO Buys(GID, PID, year) VALUES (515, 454, 2008);
INSERT INTO Buys(GID, PID, year) VALUES (1043, 542, 2008);
INSERT INTO Buys(GID, PID, year) VALUES (1487, 429, 2004);
INSERT INTO Buys(GID, PID, year) VALUES (1435, 228, 2006);
INSERT INTO Buys(GID, PID, year) VALUES (1123, 535, 2008);
INSERT INTO Buys(GID, PID, year) VALUES (1388, 141, 2009);
INSERT INTO Buys(GID, PID, year) VALUES (898, 276, 2000);
INSERT INTO Buys(GID, PID, year) VALUES (1251, 345, 2012);
INSERT INTO Buys(GID, PID, year) VALUES (1369, 387, 2004);
INSERT INTO Buys(GID, PID, year) VALUES (720, 239, 2006);
INSERT INTO Buys(GID, PID, year) VALUES (1451, 475, 2005);
INSERT INTO Buys(GID, PID, year) VALUES (1448, 247, 2016);
INSERT INTO Buys(GID, PID, year) VALUES (1113, 436, 2017);
INSERT INTO Buys(GID, PID, year) VALUES (1280, 292, 2000);
INSERT INTO Buys(GID, PID, year) VALUES (1253, 489, 2006);
INSERT INTO Buys(GID, PID, year) VALUES (1313, 282, 2009);
INSERT INTO Buys(GID, PID, year) VALUES (198, 442, 2003);
INSERT INTO Buys(GID, PID, year) VALUES (1401, 361, 2000);
INSERT INTO Buys(GID, PID, year) VALUES (1137, 280, 2016);
INSERT INTO Buys(GID, PID, year) VALUES (449, 382, 2001);
INSERT INTO Buys(GID, PID, year) VALUES (1284, 353, 2017);
INSERT INTO Buys(GID, PID, year) VALUES (1383, 318, 2003);
INSERT INTO Buys(GID, PID, year) VALUES (1454, 512, 2020);
INSERT INTO Buys(GID, PID, year) VALUES (1450, 424, 2002);
INSERT INTO Buys(GID, PID, year) VALUES (1040, 298, 2016);
INSERT INTO Buys(GID, PID, year) VALUES (1409, 132, 2003);
INSERT INTO Buys(GID, PID, year) VALUES (1193, 150, 2009);
INSERT INTO Buys(GID, PID, year) VALUES (394, 383, 2012);
INSERT INTO Buys(GID, PID, year) VALUES (871, 354, 2002);
INSERT INTO Buys(GID, PID, year) VALUES (1372, 402, 2001);
INSERT INTO Buys(GID, PID, year) VALUES (753, 359, 2005);
INSERT INTO Buys(GID, PID, year) VALUES (1161, 395, 2007);
INSERT INTO Buys(GID, PID, year) VALUES (1046, 282, 2009);
INSERT INTO Buys(GID, PID, year) VALUES (455, 296, 2010);
INSERT INTO Buys(GID, PID, year) VALUES (943, 201, 2002);
INSERT INTO Buys(GID, PID, year) VALUES (1094, 78, 2011);
INSERT INTO Buys(GID, PID, year) VALUES (233, 347, 2009);
INSERT INTO Buys(GID, PID, year) VALUES (1011, 441, 2003);
INSERT INTO Buys(GID, PID, year) VALUES (1506, 375, 2006);
INSERT INTO Buys(GID, PID, year) VALUES (993, 337, 2002);
INSERT INTO Buys(GID, PID, year) VALUES (1480, 74, 2009);
INSERT INTO Buys(GID, PID, year) VALUES (727, 382, 2001);
INSERT INTO Buys(GID, PID, year) VALUES (1098, 516, 2000);
INSERT INTO Buys(GID, PID, year) VALUES (1232, 262, 2010);
INSERT INTO Buys(GID, PID, year) VALUES (1443, 109, 2002);
INSERT INTO Buys(GID, PID, year) VALUES (1459, 462, 2010);
INSERT INTO Buys(GID, PID, year) VALUES (885, 95, 2010);
INSERT INTO Buys(GID, PID, year) VALUES (78, 347, 2002);
INSERT INTO Buys(GID, PID, year) VALUES (1044, 187, 2002);
INSERT INTO Buys(GID, PID, year) VALUES (1402, 441, 2012);
INSERT INTO Buys(GID, PID, year) VALUES (1417, 364, 2013);
INSERT INTO Buys(GID, PID, year) VALUES (927, 495, 2008);
INSERT INTO Buys(GID, PID, year) VALUES (796, 453, 2000);
INSERT INTO Buys(GID, PID, year) VALUES (1079, 439, 2005);
INSERT INTO Buys(GID, PID, year) VALUES (1121, 543, 2006);
INSERT INTO Buys(GID, PID, year) VALUES (791, 485, 2007);
INSERT INTO Buys(GID, PID, year) VALUES (834, 190, 2002);
INSERT INTO Buys(GID, PID, year) VALUES (1273, 373, 2002);
INSERT INTO Buys(GID, PID, year) VALUES (1375, 283, 2011);
INSERT INTO Buys(GID, PID, year) VALUES (1056, 141, 2014);
INSERT INTO Buys(GID, PID, year) VALUES (1460, 297, 2019);
INSERT INTO Buys(GID, PID, year) VALUES (1322, 382, 2008);
INSERT INTO Buys(GID, PID, year) VALUES (1028, 522, 2003);
INSERT INTO Buys(GID, PID, year) VALUES (514, 510, 2013);
INSERT INTO Buys(GID, PID, year) VALUES (513, 387, 2002);
INSERT INTO Buys(GID, PID, year) VALUES (1440, 122, 2019);
INSERT INTO Buys(GID, PID, year) VALUES (284, 396, 2010);
INSERT INTO Buys(GID, PID, year) VALUES (1074, 324, 2018);
INSERT INTO Buys(GID, PID, year) VALUES (1330, 233, 2001);
INSERT INTO Buys(GID, PID, year) VALUES (1387, 381, 2009);
INSERT INTO Buys(GID, PID, year) VALUES (575, 443, 2010);
INSERT INTO Buys(GID, PID, year) VALUES (1206, 461, 2016);
INSERT INTO Buys(GID, PID, year) VALUES (1131, 213, 2006);
INSERT INTO Buys(GID, PID, year) VALUES (1005, 506, 2004);
INSERT INTO Buys(GID, PID, year) VALUES (1471, 165, 2002);
INSERT INTO Buys(GID, PID, year) VALUES (87, 507, 2003);
INSERT INTO Buys(GID, PID, year) VALUES (1102, 522, 2003);
INSERT INTO Buys(GID, PID, year) VALUES (1423, 289, 2012);
INSERT INTO Buys(GID, PID, year) VALUES (412, 324, 2020);
INSERT INTO Buys(GID, PID, year) VALUES (1134, 278, 2001);
INSERT INTO Buys(GID, PID, year) VALUES (722, 441, 2020);
INSERT INTO Buys(GID, PID, year) VALUES (1469, 541, 2004);
INSERT INTO Buys(GID, PID, year) VALUES (483, 168, 2012);
INSERT INTO Buys(GID, PID, year) VALUES (1484, 443, 2004);
INSERT INTO Buys(GID, PID, year) VALUES (374, 321, 2005);
INSERT INTO Buys(GID, PID, year) VALUES (1455, 211, 2005);
INSERT INTO Buys(GID, PID, year) VALUES (1395, 505, 2014);
INSERT INTO Buys(GID, PID, year) VALUES (562, 426, 2019);
INSERT INTO Buys(GID, PID, year) VALUES (1062, 507, 2015);
INSERT INTO Buys(GID, PID, year) VALUES (1313, 518, 2004);
INSERT INTO Buys(GID, PID, year) VALUES (972, 483, 2000);
INSERT INTO Buys(GID, PID, year) VALUES (964, 491, 2001);
INSERT INTO Buys(GID, PID, year) VALUES (1071, 378, 2000);
INSERT INTO Buys(GID, PID, year) VALUES (621, 460, 2000);
INSERT INTO Buys(GID, PID, year) VALUES (1087, 340, 2022);
INSERT INTO Buys(GID, PID, year) VALUES (1235, 75, 2000);
INSERT INTO Buys(GID, PID, year) VALUES (1103, 438, 2002);
INSERT INTO Buys(GID, PID, year) VALUES (585, 491, 2000);
INSERT INTO Buys(GID, PID, year) VALUES (227, 508, 2008);
INSERT INTO Buys(GID, PID, year) VALUES (1454, 39, 2014);
INSERT INTO Buys(GID, PID, year) VALUES (1278, 456, 2005);
INSERT INTO Buys(GID, PID, year) VALUES (1103, 432, 2021);
INSERT INTO Buys(GID, PID, year) VALUES (214, 387, 2006);
INSERT INTO Buys(GID, PID, year) VALUES (1293, 379, 2004);
INSERT INTO Buys(GID, PID, year) VALUES (537, 359, 2013);
INSERT INTO Buys(GID, PID, year) VALUES (576, 364, 2001);
INSERT INTO Buys(GID, PID, year) VALUES (1346, 340, 2008);
INSERT INTO Buys(GID, PID, year) VALUES (1180, 237, 2006);
INSERT INTO Buys(GID, PID, year) VALUES (1052, 195, 2005);
INSERT INTO Buys(GID, PID, year) VALUES (1057, 408, 2006);
INSERT INTO Buys(GID, PID, year) VALUES (666, 472, 2012);
INSERT INTO Buys(GID, PID, year) VALUES (1370, 328, 2002);
INSERT INTO Buys(GID, PID, year) VALUES (872, 336, 2002);
INSERT INTO Buys(GID, PID, year) VALUES (1367, 517, 2006);
INSERT INTO Buys(GID, PID, year) VALUES (1268, 488, 2002);
INSERT INTO Buys(GID, PID, year) VALUES (473, 452, 2005);
INSERT INTO Buys(GID, PID, year) VALUES (810, 179, 2013);
INSERT INTO Buys(GID, PID, year) VALUES (974, 447, 2004);
INSERT INTO Buys(GID, PID, year) VALUES (1493, 282, 2013);
INSERT INTO Buys(GID, PID, year) VALUES (1293, 483, 2009);
INSERT INTO Buys(GID, PID, year) VALUES (476, 98, 2013);
INSERT INTO Buys(GID, PID, year) VALUES (1046, 489, 2006);
INSERT INTO Buys(GID, PID, year) VALUES (936, 423, 2009);
INSERT INTO Buys(GID, PID, year) VALUES (1494, 202, 2005);
INSERT INTO Buys(GID, PID, year) VALUES (1339, 486, 2010);
INSERT INTO Buys(GID, PID, year) VALUES (1044, 423, 2008);
INSERT INTO Buys(GID, PID, year) VALUES (1157, 248, 2003);
INSERT INTO Buys(GID, PID, year) VALUES (778, 354, 2015);
INSERT INTO Buys(GID, PID, year) VALUES (1104, 194, 2016);
INSERT INTO Buys(GID, PID, year) VALUES (863, 309, 2001);
INSERT INTO Buys(GID, PID, year) VALUES (905, 459, 2000);
INSERT INTO Buys(GID, PID, year) VALUES (621, 524, 2008);
INSERT INTO Buys(GID, PID, year) VALUES (1328, 377, 2002);
INSERT INTO Buys(GID, PID, year) VALUES (1442, 502, 2002);
INSERT INTO Buys(GID, PID, year) VALUES (1274, 379, 2005);
INSERT INTO Buys(GID, PID, year) VALUES (851, 494, 2017);
INSERT INTO Buys(GID, PID, year) VALUES (1094, 280, 2004);
INSERT INTO Buys(GID, PID, year) VALUES (1471, 542, 2000);
INSERT INTO Buys(GID, PID, year) VALUES (425, 201, 2007);
INSERT INTO Buys(GID, PID, year) VALUES (956, 278, 2002);
INSERT INTO Buys(GID, PID, year) VALUES (512, 190, 2015);
INSERT INTO Buys(GID, PID, year) VALUES (322, 157, 2010);
INSERT INTO Buys(GID, PID, year) VALUES (1094, 394, 2016);
INSERT INTO Buys(GID, PID, year) VALUES (931, 323, 2021);
INSERT INTO Buys(GID, PID, year) VALUES (1405, 219, 2003);
INSERT INTO Buys(GID, PID, year) VALUES (1258, 475, 2019);
INSERT INTO Buys(GID, PID, year) VALUES (1479, 499, 2005);
INSERT INTO Buys(GID, PID, year) VALUES (1473, 388, 2006);
INSERT INTO Buys(GID, PID, year) VALUES (459, 362, 2005);
INSERT INTO Buys(GID, PID, year) VALUES (898, 520, 2022);
INSERT INTO Buys(GID, PID, year) VALUES (1042, 459, 2016);
INSERT INTO Buys(GID, PID, year) VALUES (1129, 507, 2014);
INSERT INTO Buys(GID, PID, year) VALUES (444, 242, 2004);
INSERT INTO Buys(GID, PID, year) VALUES (1001, 299, 2017);
INSERT INTO Buys(GID, PID, year) VALUES (1172, 309, 2000);
INSERT INTO Buys(GID, PID, year) VALUES (913, 128, 2004);
INSERT INTO Buys(GID, PID, year) VALUES (687, 178, 2005);
INSERT INTO Buys(GID, PID, year) VALUES (1276, 450, 2006);
INSERT INTO Buys(GID, PID, year) VALUES (603, 253, 2004);
INSERT INTO Buys(GID, PID, year) VALUES (410, 494, 2022);
INSERT INTO Buys(GID, PID, year) VALUES (1337, 498, 2007);
INSERT INTO Buys(GID, PID, year) VALUES (1222, 535, 2019);
INSERT INTO Buys(GID, PID, year) VALUES (1395, 205, 2015);
INSERT INTO Buys(GID, PID, year) VALUES (602, 499, 2005);
INSERT INTO Buys(GID, PID, year) VALUES (1047, 523, 2014);
INSERT INTO Buys(GID, PID, year) VALUES (1106, 509, 2006);
INSERT INTO Buys(GID, PID, year) VALUES (1211, 394, 2003);
INSERT INTO Buys(GID, PID, year) VALUES (868, 201, 2007);
INSERT INTO Buys(GID, PID, year) VALUES (1117, 456, 2005);
INSERT INTO Buys(GID, PID, year) VALUES (924, 327, 2003);
INSERT INTO Buys(GID, PID, year) VALUES (701, 333, 2007);
INSERT INTO Buys(GID, PID, year) VALUES (647, 506, 2015);
INSERT INTO Buys(GID, PID, year) VALUES (861, 521, 2022);
INSERT INTO Buys(GID, PID, year) VALUES (620, 133, 2014);
INSERT INTO Buys(GID, PID, year) VALUES (465, 435, 2004);
INSERT INTO Buys(GID, PID, year) VALUES (1487, 494, 2014);
INSERT INTO Buys(GID, PID, year) VALUES (1065, 333, 2002);
INSERT INTO Buys(GID, PID, year) VALUES (1203, 200, 2014);
INSERT INTO Buys(GID, PID, year) VALUES (880, 425, 2003);
INSERT INTO Buys(GID, PID, year) VALUES (1264, 270, 2017);
INSERT INTO Buys(GID, PID, year) VALUES (426, 532, 2011);
INSERT INTO Buys(GID, PID, year) VALUES (1468, 366, 2007);
INSERT INTO Buys(GID, PID, year) VALUES (1405, 424, 2002);
INSERT INTO Buys(GID, PID, year) VALUES (1453, 427, 2000);
INSERT INTO Buys(GID, PID, year) VALUES (1138, 482, 2017);
INSERT INTO Buys(GID, PID, year) VALUES (947, 360, 2018);
INSERT INTO Buys(GID, PID, year) VALUES (1324, 431, 2006);
INSERT INTO Buys(GID, PID, year) VALUES (1435, 371, 2013);
INSERT INTO Buys(GID, PID, year) VALUES (1085, 432, 2006);
INSERT INTO Buys(GID, PID, year) VALUES (1319, 321, 2012);
INSERT INTO Buys(GID, PID, year) VALUES (1283, 361, 2010);
INSERT INTO Buys(GID, PID, year) VALUES (638, 471, 2012);
INSERT INTO Buys(GID, PID, year) VALUES (1338, 268, 2015);
INSERT INTO Buys(GID, PID, year) VALUES (960, 136, 2018);
INSERT INTO Buys(GID, PID, year) VALUES (663, 124, 2005);
INSERT INTO Buys(GID, PID, year) VALUES (1200, 201, 2020);
INSERT INTO Buys(GID, PID, year) VALUES (775, 239, 2002);
INSERT INTO Buys(GID, PID, year) VALUES (1289, 471, 2003);
INSERT INTO Buys(GID, PID, year) VALUES (910, 529, 2013);
INSERT INTO Buys(GID, PID, year) VALUES (1274, 377, 2000);
INSERT INTO Buys(GID, PID, year) VALUES (594, 461, 2003);
INSERT INTO Buys(GID, PID, year) VALUES (1435, 107, 2001);
INSERT INTO Buys(GID, PID, year) VALUES (582, 300, 2004);
INSERT INTO Buys(GID, PID, year) VALUES (694, 361, 2017);
INSERT INTO Buys(GID, PID, year) VALUES (774, 386, 2011);
INSERT INTO Buys(GID, PID, year) VALUES (954, 203, 2001);
INSERT INTO Buys(GID, PID, year) VALUES (1162, 223, 2014);
INSERT INTO Buys(GID, PID, year) VALUES (887, 535, 2001);
INSERT INTO Buys(GID, PID, year) VALUES (815, 447, 2011);
INSERT INTO Buys(GID, PID, year) VALUES (1326, 516, 2000);
INSERT INTO Buys(GID, PID, year) VALUES (1060, 514, 2015);
INSERT INTO Buys(GID, PID, year) VALUES (1101, 424, 2019);
INSERT INTO Buys(GID, PID, year) VALUES (1381, 385, 2013);
INSERT INTO Buys(GID, PID, year) VALUES (798, 234, 2008);
INSERT INTO Buys(GID, PID, year) VALUES (1336, 284, 2004);
INSERT INTO Buys(GID, PID, year) VALUES (1450, 405, 2018);
INSERT INTO Buys(GID, PID, year) VALUES (460, 373, 2004);
INSERT INTO Buys(GID, PID, year) VALUES (376, 438, 2021);
INSERT INTO Buys(GID, PID, year) VALUES (1206, 497, 2017);
INSERT INTO Buys(GID, PID, year) VALUES (1101, 494, 2006);
INSERT INTO Buys(GID, PID, year) VALUES (567, 535, 2016);
INSERT INTO Buys(GID, PID, year) VALUES (1211, 78, 2000);
INSERT INTO Buys(GID, PID, year) VALUES (1374, 255, 2012);
INSERT INTO Buys(GID, PID, year) VALUES (486, 432, 2021);
INSERT INTO Buys(GID, PID, year) VALUES (1223, 301, 2000);
INSERT INTO Buys(GID, PID, year) VALUES (541, 336, 2020);
INSERT INTO Buys(GID, PID, year) VALUES (1331, 124, 2017);
INSERT INTO Buys(GID, PID, year) VALUES (880, 142, 2002);
INSERT INTO Buys(GID, PID, year) VALUES (636, 334, 2007);
INSERT INTO Buys(GID, PID, year) VALUES (99, 369, 2022);
INSERT INTO Buys(GID, PID, year) VALUES (1489, 106, 2015);
INSERT INTO Buys(GID, PID, year) VALUES (1505, 209, 2002);
INSERT INTO Buys(GID, PID, year) VALUES (701, 171, 2005);
INSERT INTO Buys(GID, PID, year) VALUES (1388, 312, 2003);
INSERT INTO Buys(GID, PID, year) VALUES (591, 319, 2009);
INSERT INTO Buys(GID, PID, year) VALUES (1103, 291, 2007);
INSERT INTO Buys(GID, PID, year) VALUES (1156, 308, 2011);
INSERT INTO Buys(GID, PID, year) VALUES (1222, 351, 2005);
INSERT INTO Buys(GID, PID, year) VALUES (279, 273, 2002);
INSERT INTO Buys(GID, PID, year) VALUES (1061, 464, 2002);
INSERT INTO Buys(GID, PID, year) VALUES (1101, 466, 2002);
INSERT INTO Buys(GID, PID, year) VALUES (1245, 512, 2002);
INSERT INTO Buys(GID, PID, year) VALUES (1332, 448, 2022);
INSERT INTO Buys(GID, PID, year) VALUES (502, 301, 2001);
INSERT INTO Buys(GID, PID, year) VALUES (1019, 104, 2022);
INSERT INTO Buys(GID, PID, year) VALUES (1300, 354, 2006);
INSERT INTO Buys(GID, PID, year) VALUES (384, 528, 2015);
INSERT INTO Buys(GID, PID, year) VALUES (1048, 267, 2002);
INSERT INTO Buys(GID, PID, year) VALUES (1293, 510, 2002);
INSERT INTO Buys(GID, PID, year) VALUES (1027, 453, 2010);
INSERT INTO Buys(GID, PID, year) VALUES (675, 391, 2001);
INSERT INTO Buys(GID, PID, year) VALUES (443, 304, 2006);
INSERT INTO Buys(GID, PID, year) VALUES (1321, 177, 2010);
INSERT INTO Buys(GID, PID, year) VALUES (412, 184, 2008);
INSERT INTO Buys(GID, PID, year) VALUES (503, 536, 2001);
INSERT INTO Buys(GID, PID, year) VALUES (1105, 539, 2005);
INSERT INTO Buys(GID, PID, year) VALUES (1045, 395, 2004);
INSERT INTO Buys(GID, PID, year) VALUES (1281, 442, 2014);
INSERT INTO Buys(GID, PID, year) VALUES (1169, 366, 2001);
INSERT INTO Buys(GID, PID, year) VALUES (823, 287, 2009);
INSERT INTO Buys(GID, PID, year) VALUES (1361, 421, 2005);
INSERT INTO Buys(GID, PID, year) VALUES (542, 366, 2004);
INSERT INTO Buys(GID, PID, year) VALUES (732, 541, 2008);
INSERT INTO Buys(GID, PID, year) VALUES (893, 301, 2007);
INSERT INTO Buys(GID, PID, year) VALUES (857, 466, 2005);
INSERT INTO Buys(GID, PID, year) VALUES (832, 428, 2015);
INSERT INTO Buys(GID, PID, year) VALUES (1376, 271, 2005);
INSERT INTO Buys(GID, PID, year) VALUES (1062, 528, 2010);
INSERT INTO Buys(GID, PID, year) VALUES (1470, 187, 2000);
INSERT INTO Buys(GID, PID, year) VALUES (724, 97, 2012);
INSERT INTO Buys(GID, PID, year) VALUES (1375, 347, 2018);
INSERT INTO Buys(GID, PID, year) VALUES (807, 540, 2013);
INSERT INTO Buys(GID, PID, year) VALUES (793, 438, 2008);
INSERT INTO Buys(GID, PID, year) VALUES (1153, 156, 2002);
INSERT INTO Buys(GID, PID, year) VALUES (853, 417, 2016);
INSERT INTO Buys(GID, PID, year) VALUES (1462, 247, 2008);
INSERT INTO Buys(GID, PID, year) VALUES (655, 327, 2012);
INSERT INTO Buys(GID, PID, year) VALUES (545, 543, 2003);
INSERT INTO Buys(GID, PID, year) VALUES (754, 324, 2004);
INSERT INTO Buys(GID, PID, year) VALUES (800, 305, 2000);
INSERT INTO Buys(GID, PID, year) VALUES (1253, 411, 2003);
INSERT INTO Buys(GID, PID, year) VALUES (1241, 437, 2019);
INSERT INTO Buys(GID, PID, year) VALUES (864, 501, 2010);
INSERT INTO Buys(GID, PID, year) VALUES (967, 291, 2001);
INSERT INTO Buys(GID, PID, year) VALUES (1507, 150, 2013);
INSERT INTO Buys(GID, PID, year) VALUES (685, 237, 2014);
INSERT INTO Buys(GID, PID, year) VALUES (1137, 424, 2010);
INSERT INTO Buys(GID, PID, year) VALUES (1135, 504, 2007);
INSERT INTO Buys(GID, PID, year) VALUES (1448, 424, 2003);
INSERT INTO Buys(GID, PID, year) VALUES (736, 301, 2021);
INSERT INTO Buys(GID, PID, year) VALUES (1358, 265, 2003);
INSERT INTO Buys(GID, PID, year) VALUES (1019, 543, 2009);
INSERT INTO Buys(GID, PID, year) VALUES (833, 118, 2003);
INSERT INTO Buys(GID, PID, year) VALUES (1160, 332, 2015);
INSERT INTO Buys(GID, PID, year) VALUES (1233, 289, 2015);
INSERT INTO Buys(GID, PID, year) VALUES (1398, 389, 2010);
INSERT INTO Buys(GID, PID, year) VALUES (1031, 449, 2001);
INSERT INTO Buys(GID, PID, year) VALUES (862, 112, 2007);
INSERT INTO Buys(GID, PID, year) VALUES (1458, 397, 2009);
INSERT INTO Buys(GID, PID, year) VALUES (742, 284, 2005);
INSERT INTO Buys(GID, PID, year) VALUES (1044, 295, 2008);
INSERT INTO Buys(GID, PID, year) VALUES (1043, 53, 2001);
INSERT INTO Buys(GID, PID, year) VALUES (1094, 344, 2013);
INSERT INTO Buys(GID, PID, year) VALUES (1430, 189, 2002);
INSERT INTO Buys(GID, PID, year) VALUES (644, 273, 2007);
INSERT INTO Buys(GID, PID, year) VALUES (1257, 337, 2010);
INSERT INTO Buys(GID, PID, year) VALUES (928, 462, 2002);
INSERT INTO Buys(GID, PID, year) VALUES (979, 432, 2016);
INSERT INTO Buys(GID, PID, year) VALUES (1473, 175, 2018);
INSERT INTO Buys(GID, PID, year) VALUES (720, 384, 2011);
INSERT INTO Buys(GID, PID, year) VALUES (1091, 199, 2002);
INSERT INTO Buys(GID, PID, year) VALUES (1101, 414, 2012);
INSERT INTO Buys(GID, PID, year) VALUES (1458, 378, 2002);
INSERT INTO Buys(GID, PID, year) VALUES (359, 452, 2004);
INSERT INTO Buys(GID, PID, year) VALUES (840, 381, 2001);
INSERT INTO Buys(GID, PID, year) VALUES (1258, 533, 2006);
INSERT INTO Buys(GID, PID, year) VALUES (446, 528, 2019);
INSERT INTO Buys(GID, PID, year) VALUES (694, 328, 2015);
INSERT INTO Buys(GID, PID, year) VALUES (785, 307, 2004);
INSERT INTO Buys(GID, PID, year) VALUES (1141, 402, 2002);
INSERT INTO Buys(GID, PID, year) VALUES (898, 146, 2009);
INSERT INTO Buys(GID, PID, year) VALUES (1183, 423, 2001);
INSERT INTO Buys(GID, PID, year) VALUES (956, 400, 2006);
INSERT INTO Buys(GID, PID, year) VALUES (450, 420, 2020);
INSERT INTO Buys(GID, PID, year) VALUES (1476, 518, 2000);
INSERT INTO Buys(GID, PID, year) VALUES (1089, 423, 2011);
INSERT INTO Buys(GID, PID, year) VALUES (1029, 86, 2009);
INSERT INTO Buys(GID, PID, year) VALUES (1374, 149, 2005);
INSERT INTO Buys(GID, PID, year) VALUES (585, 261, 2001);
INSERT INTO Buys(GID, PID, year) VALUES (1260, 512, 2008);
INSERT INTO Buys(GID, PID, year) VALUES (1324, 447, 2002);
INSERT INTO Buys(GID, PID, year) VALUES (926, 117, 2009);
INSERT INTO Buys(GID, PID, year) VALUES (1445, 516, 2002);
INSERT INTO Buys(GID, PID, year) VALUES (1085, 362, 2001);
INSERT INTO Buys(GID, PID, year) VALUES (985, 377, 2001);
INSERT INTO Buys(GID, PID, year) VALUES (270, 376, 2009);
INSERT INTO Buys(GID, PID, year) VALUES (360, 476, 2002);
INSERT INTO Buys(GID, PID, year) VALUES (549, 204, 2004);
INSERT INTO Buys(GID, PID, year) VALUES (909, 464, 2002);
INSERT INTO Buys(GID, PID, year) VALUES (753, 417, 2006);
INSERT INTO Buys(GID, PID, year) VALUES (1450, 79, 2011);
INSERT INTO Buys(GID, PID, year) VALUES (1486, 489, 2004);
INSERT INTO Buys(GID, PID, year) VALUES (1408, 250, 2005);
INSERT INTO Buys(GID, PID, year) VALUES (849, 71, 2016);
INSERT INTO Buys(GID, PID, year) VALUES (1346, 519, 2006);
INSERT INTO Buys(GID, PID, year) VALUES (791, 475, 2006);
INSERT INTO Buys(GID, PID, year) VALUES (307, 203, 2005);
INSERT INTO Buys(GID, PID, year) VALUES (645, 538, 2003);
INSERT INTO Buys(GID, PID, year) VALUES (1440, 439, 2016);
INSERT INTO Buys(GID, PID, year) VALUES (1068, 375, 2009);
INSERT INTO Buys(GID, PID, year) VALUES (1090, 543, 2011);
INSERT INTO Buys(GID, PID, year) VALUES (868, 292, 2012);
INSERT INTO Buys(GID, PID, year) VALUES (1111, 533, 2015);
INSERT INTO Buys(GID, PID, year) VALUES (1129, 403, 2008);
INSERT INTO Buys(GID, PID, year) VALUES (1037, 440, 2012);
INSERT INTO Buys(GID, PID, year) VALUES (736, 237, 2006);
INSERT INTO Buys(GID, PID, year) VALUES (928, 473, 2006);
INSERT INTO Buys(GID, PID, year) VALUES (905, 335, 2003);
INSERT INTO Buys(GID, PID, year) VALUES (178, 200, 2004);
INSERT INTO Buys(GID, PID, year) VALUES (1055, 275, 2014);
INSERT INTO Buys(GID, PID, year) VALUES (1052, 430, 2004);
INSERT INTO Buys(GID, PID, year) VALUES (1329, 521, 2021);
INSERT INTO Buys(GID, PID, year) VALUES (1294, 235, 2006);
INSERT INTO Buys(GID, PID, year) VALUES (807, 311, 2016);
INSERT INTO Buys(GID, PID, year) VALUES (1464, 481, 2005);
INSERT INTO Buys(GID, PID, year) VALUES (553, 106, 2002);
INSERT INTO Buys(GID, PID, year) VALUES (1423, 410, 2013);
INSERT INTO Buys(GID, PID, year) VALUES (786, 204, 2005);
INSERT INTO Buys(GID, PID, year) VALUES (963, 514, 2005);
INSERT INTO Buys(GID, PID, year) VALUES (1229, 408, 2017);
INSERT INTO Buys(GID, PID, year) VALUES (811, 466, 2006);
INSERT INTO Buys(GID, PID, year) VALUES (690, 355, 2010);
INSERT INTO Buys(GID, PID, year) VALUES (950, 365, 2017);
INSERT INTO Buys(GID, PID, year) VALUES (1282, 77, 2009);
INSERT INTO Buys(GID, PID, year) VALUES (1074, 210, 2010);
INSERT INTO Buys(GID, PID, year) VALUES (1114, 471, 2008);
INSERT INTO Buys(GID, PID, year) VALUES (510, 419, 2010);
INSERT INTO Buys(GID, PID, year) VALUES (762, 490, 2005);
INSERT INTO Buys(GID, PID, year) VALUES (586, 341, 2021);
INSERT INTO Buys(GID, PID, year) VALUES (1275, 541, 2004);
INSERT INTO Buys(GID, PID, year) VALUES (1011, 147, 2000);
INSERT INTO Buys(GID, PID, year) VALUES (1412, 437, 2014);
INSERT INTO Buys(GID, PID, year) VALUES (865, 542, 2005);
INSERT INTO Buys(GID, PID, year) VALUES (891, 154, 2011);
INSERT INTO Buys(GID, PID, year) VALUES (1065, 366, 2002);
INSERT INTO Buys(GID, PID, year) VALUES (756, 477, 2009);
INSERT INTO Buys(GID, PID, year) VALUES (1386, 256, 2007);
INSERT INTO Buys(GID, PID, year) VALUES (1223, 409, 2003);
INSERT INTO Buys(GID, PID, year) VALUES (347, 231, 2001);
INSERT INTO Buys(GID, PID, year) VALUES (309, 245, 2005);
INSERT INTO Buys(GID, PID, year) VALUES (513, 513, 2019);
INSERT INTO Buys(GID, PID, year) VALUES (1316, 507, 2000);
INSERT INTO Buys(GID, PID, year) VALUES (1311, 129, 2012);
INSERT INTO Buys(GID, PID, year) VALUES (1379, 435, 2005);
INSERT INTO Buys(GID, PID, year) VALUES (813, 529, 2016);
INSERT INTO Buys(GID, PID, year) VALUES (375, 475, 2010);
INSERT INTO Buys(GID, PID, year) VALUES (804, 192, 2013);
INSERT INTO Buys(GID, PID, year) VALUES (1390, 421, 2001);
INSERT INTO Buys(GID, PID, year) VALUES (262, 313, 2001);
INSERT INTO Buys(GID, PID, year) VALUES (729, 252, 2000);
INSERT INTO Buys(GID, PID, year) VALUES (534, 490, 2018);
INSERT INTO Buys(GID, PID, year) VALUES (1503, 505, 2002);
INSERT INTO Buys(GID, PID, year) VALUES (340, 483, 2005);
INSERT INTO Buys(GID, PID, year) VALUES (1253, 113, 2008);
INSERT INTO Buys(GID, PID, year) VALUES (1205, 438, 2003);
INSERT INTO Buys(GID, PID, year) VALUES (957, 471, 2002);
INSERT INTO Buys(GID, PID, year) VALUES (1096, 178, 2018);
INSERT INTO Buys(GID, PID, year) VALUES (542, 301, 2001);
INSERT INTO Buys(GID, PID, year) VALUES (1024, 221, 2000);
INSERT INTO Buys(GID, PID, year) VALUES (1240, 152, 2014);
INSERT INTO Buys(GID, PID, year) VALUES (1056, 97, 2011);
INSERT INTO Buys(GID, PID, year) VALUES (896, 173, 2011);
INSERT INTO Buys(GID, PID, year) VALUES (567, 525, 2010);
INSERT INTO Buys(GID, PID, year) VALUES (649, 392, 2020);
INSERT INTO Buys(GID, PID, year) VALUES (1376, 528, 2004);
INSERT INTO Buys(GID, PID, year) VALUES (1154, 442, 2017);
INSERT INTO Buys(GID, PID, year) VALUES (1255, 360, 2005);
INSERT INTO Buys(GID, PID, year) VALUES (44, 385, 2003);
INSERT INTO Buys(GID, PID, year) VALUES (616, 349, 2013);
INSERT INTO Buys(GID, PID, year) VALUES (746, 324, 2001);
INSERT INTO Buys(GID, PID, year) VALUES (794, 397, 2009);
INSERT INTO Buys(GID, PID, year) VALUES (928, 497, 2003);
INSERT INTO Buys(GID, PID, year) VALUES (842, 197, 2001);
INSERT INTO Buys(GID, PID, year) VALUES (1375, 376, 2019);
INSERT INTO Buys(GID, PID, year) VALUES (1329, 391, 2001);
INSERT INTO Buys(GID, PID, year) VALUES (999, 241, 2007);
INSERT INTO Buys(GID, PID, year) VALUES (1413, 287, 2014);
INSERT INTO Buys(GID, PID, year) VALUES (929, 512, 2014);
INSERT INTO Buys(GID, PID, year) VALUES (1343, 431, 2010);
INSERT INTO Buys(GID, PID, year) VALUES (584, 495, 2006);
INSERT INTO Buys(GID, PID, year) VALUES (1246, 457, 2001);
INSERT INTO Buys(GID, PID, year) VALUES (1085, 151, 2012);
INSERT INTO Buys(GID, PID, year) VALUES (1215, 486, 2006);
INSERT INTO Buys(GID, PID, year) VALUES (542, 443, 2009);
INSERT INTO Buys(GID, PID, year) VALUES (1213, 459, 2015);
INSERT INTO Buys(GID, PID, year) VALUES (1385, 420, 2005);
INSERT INTO Buys(GID, PID, year) VALUES (528, 141, 2007);
INSERT INTO Buys(GID, PID, year) VALUES (159, 261, 2001);
INSERT INTO Buys(GID, PID, year) VALUES (1205, 341, 2004);
INSERT INTO Buys(GID, PID, year) VALUES (1032, 463, 2002);
INSERT INTO Buys(GID, PID, year) VALUES (633, 298, 2007);
INSERT INTO Buys(GID, PID, year) VALUES (759, 214, 2000);
INSERT INTO Buys(GID, PID, year) VALUES (348, 338, 2004);
INSERT INTO Buys(GID, PID, year) VALUES (1277, 525, 2002);
INSERT INTO Buys(GID, PID, year) VALUES (991, 302, 2008);
INSERT INTO Buys(GID, PID, year) VALUES (263, 370, 2012);
INSERT INTO Buys(GID, PID, year) VALUES (472, 129, 2009);
INSERT INTO Buys(GID, PID, year) VALUES (864, 395, 2009);
INSERT INTO Buys(GID, PID, year) VALUES (1282, 335, 2019);
INSERT INTO Buys(GID, PID, year) VALUES (1009, 89, 2007);
INSERT INTO Buys(GID, PID, year) VALUES (1305, 493, 2004);
INSERT INTO Buys(GID, PID, year) VALUES (1433, 299, 2000);
INSERT INTO Buys(GID, PID, year) VALUES (813, 298, 2000);
INSERT INTO Buys(GID, PID, year) VALUES (711, 530, 2003);
INSERT INTO Buys(GID, PID, year) VALUES (1098, 464, 2015);
INSERT INTO Buys(GID, PID, year) VALUES (1503, 213, 2014);
INSERT INTO Buys(GID, PID, year) VALUES (338, 353, 2011);
INSERT INTO Buys(GID, PID, year) VALUES (1147, 491, 2005);
INSERT INTO Buys(GID, PID, year) VALUES (1477, 254, 2010);
INSERT INTO Buys(GID, PID, year) VALUES (1498, 278, 2003);
INSERT INTO Buys(GID, PID, year) VALUES (1357, 478, 2006);
INSERT INTO Buys(GID, PID, year) VALUES (510, 369, 2008);
INSERT INTO Buys(GID, PID, year) VALUES (973, 345, 2003);
INSERT INTO Buys(GID, PID, year) VALUES (913, 343, 2000);
INSERT INTO Buys(GID, PID, year) VALUES (465, 180, 2007);
INSERT INTO Buys(GID, PID, year) VALUES (751, 274, 2007);
INSERT INTO Buys(GID, PID, year) VALUES (1236, 357, 2007);
INSERT INTO Buys(GID, PID, year) VALUES (1052, 456, 2017);
INSERT INTO Buys(GID, PID, year) VALUES (1267, 301, 2019);
INSERT INTO Buys(GID, PID, year) VALUES (1484, 432, 2019);
INSERT INTO Buys(GID, PID, year) VALUES (1299, 346, 2001);
INSERT INTO Buys(GID, PID, year) VALUES (681, 524, 2000);
INSERT INTO Buys(GID, PID, year) VALUES (1175, 324, 2009);
INSERT INTO Buys(GID, PID, year) VALUES (107, 147, 2003);
INSERT INTO Buys(GID, PID, year) VALUES (512, 64, 2002);
INSERT INTO Buys(GID, PID, year) VALUES (918, 379, 2017);
INSERT INTO Buys(GID, PID, year) VALUES (1350, 530, 2003);
INSERT INTO Buys(GID, PID, year) VALUES (1072, 371, 2012);
INSERT INTO Buys(GID, PID, year) VALUES (1360, 407, 2000);
INSERT INTO Buys(GID, PID, year) VALUES (1007, 427, 2000);
INSERT INTO Buys(GID, PID, year) VALUES (1392, 441, 2004);
INSERT INTO Buys(GID, PID, year) VALUES (1332, 389, 2001);
INSERT INTO Buys(GID, PID, year) VALUES (555, 376, 2007);
INSERT INTO Buys(GID, PID, year) VALUES (689, 505, 2007);
INSERT INTO Buys(GID, PID, year) VALUES (711, 426, 2005);
INSERT INTO Buys(GID, PID, year) VALUES (1269, 368, 2000);
INSERT INTO Buys(GID, PID, year) VALUES (1224, 405, 2002);
INSERT INTO Buys(GID, PID, year) VALUES (537, 308, 2011);
INSERT INTO Buys(GID, PID, year) VALUES (1252, 412, 2017);
INSERT INTO Buys(GID, PID, year) VALUES (835, 398, 2006);
INSERT INTO Buys(GID, PID, year) VALUES (1482, 371, 2009);
INSERT INTO Buys(GID, PID, year) VALUES (1042, 201, 2014);
INSERT INTO Buys(GID, PID, year) VALUES (1475, 66, 2011);
INSERT INTO Buys(GID, PID, year) VALUES (1365, 384, 2006);
INSERT INTO Buys(GID, PID, year) VALUES (1425, 419, 2008);
INSERT INTO Buys(GID, PID, year) VALUES (1009, 410, 2016);
INSERT INTO Buys(GID, PID, year) VALUES (1322, 320, 2012);
INSERT INTO Buys(GID, PID, year) VALUES (884, 431, 2000);
INSERT INTO Buys(GID, PID, year) VALUES (1414, 463, 2012);
INSERT INTO Buys(GID, PID, year) VALUES (885, 282, 2013);
INSERT INTO Buys(GID, PID, year) VALUES (1047, 443, 2004);
INSERT INTO Buys(GID, PID, year) VALUES (1063, 499, 2005);
INSERT INTO Buys(GID, PID, year) VALUES (1505, 213, 2008);
INSERT INTO Buys(GID, PID, year) VALUES (1496, 446, 2001);
INSERT INTO Buys(GID, PID, year) VALUES (1147, 351, 2002);
INSERT INTO Buys(GID, PID, year) VALUES (580, 507, 2012);
INSERT INTO Buys(GID, PID, year) VALUES (1060, 539, 2023);
INSERT INTO Buys(GID, PID, year) VALUES (532, 256, 2010);
INSERT INTO Buys(GID, PID, year) VALUES (1391, 211, 2013);
INSERT INTO Buys(GID, PID, year) VALUES (527, 338, 2006);
INSERT INTO Buys(GID, PID, year) VALUES (1338, 417, 2019);
INSERT INTO Buys(GID, PID, year) VALUES (1196, 282, 2006);
INSERT INTO Buys(GID, PID, year) VALUES (1335, 518, 2006);
INSERT INTO Buys(GID, PID, year) VALUES (1021, 329, 2006);
INSERT INTO Buys(GID, PID, year) VALUES (1411, 276, 2016);
INSERT INTO Buys(GID, PID, year) VALUES (1303, 116, 2012);
INSERT INTO Buys(GID, PID, year) VALUES (1288, 288, 2003);
INSERT INTO Buys(GID, PID, year) VALUES (1470, 291, 2001);
INSERT INTO Buys(GID, PID, year) VALUES (481, 433, 2003);
INSERT INTO Buys(GID, PID, year) VALUES (1054, 505, 2001);
INSERT INTO Buys(GID, PID, year) VALUES (420, 359, 2004);
INSERT INTO Buys(GID, PID, year) VALUES (888, 381, 2011);
INSERT INTO Buys(GID, PID, year) VALUES (762, 114, 2019);
INSERT INTO Buys(GID, PID, year) VALUES (1189, 418, 2007);
INSERT INTO Buys(GID, PID, year) VALUES (1415, 193, 2009);
INSERT INTO Buys(GID, PID, year) VALUES (1451, 265, 2015);
INSERT INTO Buys(GID, PID, year) VALUES (688, 384, 2001);
INSERT INTO Buys(GID, PID, year) VALUES (1061, 274, 2002);
INSERT INTO Buys(GID, PID, year) VALUES (545, 198, 2001);
INSERT INTO Buys(GID, PID, year) VALUES (1503, 506, 2008);
INSERT INTO Buys(GID, PID, year) VALUES (990, 461, 2007);
INSERT INTO Buys(GID, PID, year) VALUES (1449, 327, 2002);
INSERT INTO Buys(GID, PID, year) VALUES (1483, 433, 2017);
INSERT INTO Buys(GID, PID, year) VALUES (1129, 452, 2003);
INSERT INTO Buys(GID, PID, year) VALUES (1250, 246, 2005);
INSERT INTO Buys(GID, PID, year) VALUES (1451, 420, 2006);
INSERT INTO Buys(GID, PID, year) VALUES (982, 466, 2003);
INSERT INTO Buys(GID, PID, year) VALUES (1242, 422, 2013);
INSERT INTO Buys(GID, PID, year) VALUES (1359, 353, 2010);
INSERT INTO Buys(GID, PID, year) VALUES (1241, 318, 2010);
INSERT INTO Buys(GID, PID, year) VALUES (950, 472, 2002);
INSERT INTO Buys(GID, PID, year) VALUES (1314, 266, 2004);
INSERT INTO Buys(GID, PID, year) VALUES (946, 149, 2004);
INSERT INTO Buys(GID, PID, year) VALUES (812, 509, 2001);
INSERT INTO Buys(GID, PID, year) VALUES (1420, 373, 2001);
INSERT INTO Buys(GID, PID, year) VALUES (1189, 541, 2011);
INSERT INTO Buys(GID, PID, year) VALUES (716, 461, 2000);
INSERT INTO Buys(GID, PID, year) VALUES (1213, 528, 2003);
INSERT INTO Buys(GID, PID, year) VALUES (1501, 297, 2008);
INSERT INTO Buys(GID, PID, year) VALUES (1301, 437, 2002);
INSERT INTO Buys(GID, PID, year) VALUES (1496, 356, 2005);
INSERT INTO Buys(GID, PID, year) VALUES (371, 199, 2000);
INSERT INTO Buys(GID, PID, year) VALUES (717, 488, 2018);
INSERT INTO Buys(GID, PID, year) VALUES (487, 108, 2009);
INSERT INTO Buys(GID, PID, year) VALUES (1143, 533, 2012);
INSERT INTO Buys(GID, PID, year) VALUES (1134, 488, 2001);
INSERT INTO Buys(GID, PID, year) VALUES (805, 152, 2017);
INSERT INTO Buys(GID, PID, year) VALUES (722, 91, 2003);
INSERT INTO Buys(GID, PID, year) VALUES (1095, 483, 2003);
INSERT INTO Buys(GID, PID, year) VALUES (632, 260, 2007);
INSERT INTO Buys(GID, PID, year) VALUES (1173, 140, 2007);
INSERT INTO Buys(GID, PID, year) VALUES (1296, 443, 2006);
INSERT INTO Buys(GID, PID, year) VALUES (1114, 440, 2003);
INSERT INTO Buys(GID, PID, year) VALUES (1154, 464, 2001);
INSERT INTO Buys(GID, PID, year) VALUES (1114, 167, 2008);
INSERT INTO Buys(GID, PID, year) VALUES (896, 320, 2023);
INSERT INTO Buys(GID, PID, year) VALUES (990, 256, 2011);
INSERT INTO Buys(GID, PID, year) VALUES (1022, 308, 2007);
INSERT INTO Buys(GID, PID, year) VALUES (754, 144, 2019);
INSERT INTO Buys(GID, PID, year) VALUES (1044, 489, 2013);
INSERT INTO Buys(GID, PID, year) VALUES (1115, 294, 2002);
INSERT INTO Buys(GID, PID, year) VALUES (692, 475, 2006);
INSERT INTO Buys(GID, PID, year) VALUES (1402, 294, 2016);
INSERT INTO Buys(GID, PID, year) VALUES (1163, 122, 2004);
INSERT INTO Buys(GID, PID, year) VALUES (1252, 519, 2012);
INSERT INTO Buys(GID, PID, year) VALUES (292, 321, 2005);
INSERT INTO Buys(GID, PID, year) VALUES (768, 322, 2020);
INSERT INTO Buys(GID, PID, year) VALUES (1150, 435, 2007);
INSERT INTO Buys(GID, PID, year) VALUES (1217, 215, 2003);
INSERT INTO Buys(GID, PID, year) VALUES (1024, 245, 2013);
INSERT INTO Buys(GID, PID, year) VALUES (1311, 354, 2003);
INSERT INTO Buys(GID, PID, year) VALUES (1086, 272, 2000);
INSERT INTO Buys(GID, PID, year) VALUES (1360, 491, 2002);
INSERT INTO Buys(GID, PID, year) VALUES (1402, 524, 2008);
INSERT INTO Buys(GID, PID, year) VALUES (1329, 430, 2016);
INSERT INTO Buys(GID, PID, year) VALUES (535, 507, 2014);
INSERT INTO Buys(GID, PID, year) VALUES (1042, 372, 2008);
INSERT INTO Buys(GID, PID, year) VALUES (518, 383, 2022);
INSERT INTO Buys(GID, PID, year) VALUES (791, 540, 2004);
INSERT INTO Buys(GID, PID, year) VALUES (1043, 462, 2016);
INSERT INTO Buys(GID, PID, year) VALUES (1432, 528, 2001);
INSERT INTO Buys(GID, PID, year) VALUES (591, 458, 2009);
INSERT INTO Buys(GID, PID, year) VALUES (1486, 450, 2013);
INSERT INTO Buys(GID, PID, year) VALUES (1430, 395, 2018);
INSERT INTO Buys(GID, PID, year) VALUES (1094, 534, 2001);
INSERT INTO Buys(GID, PID, year) VALUES (951, 165, 2000);
INSERT INTO Buys(GID, PID, year) VALUES (1403, 275, 2008);
INSERT INTO Buys(GID, PID, year) VALUES (908, 449, 2006);
INSERT INTO Buys(GID, PID, year) VALUES (889, 451, 2001);
INSERT INTO Buys(GID, PID, year) VALUES (405, 320, 2010);
INSERT INTO Buys(GID, PID, year) VALUES (186, 372, 2013);
INSERT INTO Buys(GID, PID, year) VALUES (1283, 319, 2009);
INSERT INTO Buys(GID, PID, year) VALUES (965, 468, 2010);
INSERT INTO Buys(GID, PID, year) VALUES (1460, 530, 2012);
INSERT INTO Buys(GID, PID, year) VALUES (1432, 86, 2002);
INSERT INTO Buys(GID, PID, year) VALUES (1504, 509, 2014);
INSERT INTO Buys(GID, PID, year) VALUES (757, 502, 2019);
INSERT INTO Buys(GID, PID, year) VALUES (1458, 302, 2009);
INSERT INTO Buys(GID, PID, year) VALUES (1191, 510, 2003);
INSERT INTO Plays(GID, PID) VALUES (1483, 464);
INSERT INTO Plays(GID, PID) VALUES (361, 495);
INSERT INTO Plays(GID, PID) VALUES (1383, 361);
INSERT INTO Plays(GID, PID) VALUES (1334, 291);
INSERT INTO Plays(GID, PID) VALUES (1233, 410);
INSERT INTO Plays(GID, PID) VALUES (1489, 395);
INSERT INTO Plays(GID, PID) VALUES (1042, 88);
INSERT INTO Plays(GID, PID) VALUES (798, 520);
INSERT INTO Plays(GID, PID) VALUES (1362, 386);
INSERT INTO Plays(GID, PID) VALUES (928, 137);
INSERT INTO Plays(GID, PID) VALUES (744, 491);
INSERT INTO Plays(GID, PID) VALUES (390, 263);
INSERT INTO Plays(GID, PID) VALUES (1108, 293);
INSERT INTO Plays(GID, PID) VALUES (1259, 26);
INSERT INTO Plays(GID, PID) VALUES (1190, 354);
INSERT INTO Plays(GID, PID) VALUES (591, 367);
INSERT INTO Plays(GID, PID) VALUES (806, 420);
INSERT INTO Plays(GID, PID) VALUES (297, 250);
INSERT INTO Plays(GID, PID) VALUES (1063, 197);
INSERT INTO Plays(GID, PID) VALUES (1260, 494);
INSERT INTO Plays(GID, PID) VALUES (895, 224);
INSERT INTO Plays(GID, PID) VALUES (668, 448);
INSERT INTO Plays(GID, PID) VALUES (1162, 496);
INSERT INTO Plays(GID, PID) VALUES (874, 376);
INSERT INTO Plays(GID, PID) VALUES (1109, 351);
INSERT INTO Plays(GID, PID) VALUES (723, 461);
INSERT INTO Plays(GID, PID) VALUES (1468, 483);
INSERT INTO Plays(GID, PID) VALUES (424, 297);
INSERT INTO Plays(GID, PID) VALUES (825, 382);
INSERT INTO Plays(GID, PID) VALUES (1442, 480);
INSERT INTO Plays(GID, PID) VALUES (732, 523);
INSERT INTO Plays(GID, PID) VALUES (1090, 146);
INSERT INTO Plays(GID, PID) VALUES (802, 393);
INSERT INTO Plays(GID, PID) VALUES (1219, 408);
INSERT INTO Plays(GID, PID) VALUES (939, 481);
INSERT INTO Plays(GID, PID) VALUES (1470, 325);
INSERT INTO Plays(GID, PID) VALUES (292, 469);
INSERT INTO Plays(GID, PID) VALUES (1142, 212);
INSERT INTO Plays(GID, PID) VALUES (1196, 433);
INSERT INTO Plays(GID, PID) VALUES (340, 520);
INSERT INTO Plays(GID, PID) VALUES (1196, 227);
INSERT INTO Plays(GID, PID) VALUES (1477, 289);
INSERT INTO Plays(GID, PID) VALUES (1147, 415);
INSERT INTO Plays(GID, PID) VALUES (422, 113);
INSERT INTO Plays(GID, PID) VALUES (1365, 510);
INSERT INTO Plays(GID, PID) VALUES (1353, 543);
INSERT INTO Plays(GID, PID) VALUES (395, 132);
INSERT INTO Plays(GID, PID) VALUES (1149, 314);
INSERT INTO Plays(GID, PID) VALUES (1426, 323);
INSERT INTO Plays(GID, PID) VALUES (557, 266);
INSERT INTO Plays(GID, PID) VALUES (1163, 292);
INSERT INTO Plays(GID, PID) VALUES (268, 164);
INSERT INTO Plays(GID, PID) VALUES (743, 433);
INSERT INTO Plays(GID, PID) VALUES (781, 424);
INSERT INTO Plays(GID, PID) VALUES (1087, 509);
INSERT INTO Plays(GID, PID) VALUES (340, 308);
INSERT INTO Plays(GID, PID) VALUES (1168, 214);
INSERT INTO Plays(GID, PID) VALUES (1294, 66);
INSERT INTO Plays(GID, PID) VALUES (363, 233);
INSERT INTO Plays(GID, PID) VALUES (388, 492);
INSERT INTO Plays(GID, PID) VALUES (1358, 510);
INSERT INTO Plays(GID, PID) VALUES (1459, 509);
INSERT INTO Plays(GID, PID) VALUES (690, 511);
INSERT INTO Plays(GID, PID) VALUES (733, 394);
INSERT INTO Plays(GID, PID) VALUES (1316, 179);
INSERT INTO Plays(GID, PID) VALUES (949, 332);
INSERT INTO Plays(GID, PID) VALUES (1027, 327);
INSERT INTO Plays(GID, PID) VALUES (1503, 356);
INSERT INTO Plays(GID, PID) VALUES (294, 458);
INSERT INTO Plays(GID, PID) VALUES (1152, 281);
INSERT INTO Plays(GID, PID) VALUES (1154, 407);
INSERT INTO Plays(GID, PID) VALUES (1273, 434);
INSERT INTO Plays(GID, PID) VALUES (1216, 238);
INSERT INTO Plays(GID, PID) VALUES (922, 366);
INSERT INTO Plays(GID, PID) VALUES (786, 458);
INSERT INTO Plays(GID, PID) VALUES (1158, 361);
INSERT INTO Plays(GID, PID) VALUES (849, 161);
INSERT INTO Plays(GID, PID) VALUES (1483, 397);
INSERT INTO Plays(GID, PID) VALUES (361, 395);
INSERT INTO Plays(GID, PID) VALUES (1202, 248);
INSERT INTO Plays(GID, PID) VALUES (1150, 493);
INSERT INTO Plays(GID, PID) VALUES (646, 103);
INSERT INTO Plays(GID, PID) VALUES (1027, 122);
INSERT INTO Plays(GID, PID) VALUES (1313, 232);
INSERT INTO Plays(GID, PID) VALUES (1009, 386);
INSERT INTO Plays(GID, PID) VALUES (383, 320);
INSERT INTO Plays(GID, PID) VALUES (1494, 106);
INSERT INTO Plays(GID, PID) VALUES (721, 480);
INSERT INTO Plays(GID, PID) VALUES (730, 434);
INSERT INTO Plays(GID, PID) VALUES (890, 423);
INSERT INTO Plays(GID, PID) VALUES (330, 388);
INSERT INTO Plays(GID, PID) VALUES (1162, 528);
INSERT INTO Plays(GID, PID) VALUES (1037, 329);
INSERT INTO Plays(GID, PID) VALUES (1424, 410);
INSERT INTO Plays(GID, PID) VALUES (1327, 397);
INSERT INTO Plays(GID, PID) VALUES (897, 397);
INSERT INTO Plays(GID, PID) VALUES (1136, 327);
INSERT INTO Plays(GID, PID) VALUES (966, 400);
INSERT INTO Plays(GID, PID) VALUES (1279, 102);
INSERT INTO Plays(GID, PID) VALUES (1106, 226);
INSERT INTO Plays(GID, PID) VALUES (1086, 226);
INSERT INTO Plays(GID, PID) VALUES (690, 423);
INSERT INTO Plays(GID, PID) VALUES (934, 387);
INSERT INTO Plays(GID, PID) VALUES (575, 360);
INSERT INTO Plays(GID, PID) VALUES (322, 428);
INSERT INTO Plays(GID, PID) VALUES (543, 383);
INSERT INTO Plays(GID, PID) VALUES (996, 166);
INSERT INTO Plays(GID, PID) VALUES (1021, 463);
INSERT INTO Plays(GID, PID) VALUES (818, 520);
INSERT INTO Plays(GID, PID) VALUES (1007, 324);
INSERT INTO Plays(GID, PID) VALUES (1419, 147);
INSERT INTO Plays(GID, PID) VALUES (993, 487);
INSERT INTO Plays(GID, PID) VALUES (883, 368);
INSERT INTO Plays(GID, PID) VALUES (1059, 501);
INSERT INTO Plays(GID, PID) VALUES (223, 141);
INSERT INTO Plays(GID, PID) VALUES (737, 102);
INSERT INTO Plays(GID, PID) VALUES (1204, 401);
INSERT INTO Plays(GID, PID) VALUES (339, 365);
INSERT INTO Plays(GID, PID) VALUES (1420, 88);
INSERT INTO Plays(GID, PID) VALUES (1211, 241);
INSERT INTO Plays(GID, PID) VALUES (1252, 526);
INSERT INTO Plays(GID, PID) VALUES (265, 479);
INSERT INTO Plays(GID, PID) VALUES (1069, 197);
INSERT INTO Plays(GID, PID) VALUES (323, 381);
INSERT INTO Plays(GID, PID) VALUES (1385, 486);
INSERT INTO Plays(GID, PID) VALUES (1407, 382);
INSERT INTO Plays(GID, PID) VALUES (821, 467);
INSERT INTO Plays(GID, PID) VALUES (668, 303);
INSERT INTO Plays(GID, PID) VALUES (601, 436);
INSERT INTO Plays(GID, PID) VALUES (1268, 452);
INSERT INTO Plays(GID, PID) VALUES (1283, 231);
INSERT INTO Plays(GID, PID) VALUES (1281, 530);
INSERT INTO Plays(GID, PID) VALUES (953, 330);
INSERT INTO Plays(GID, PID) VALUES (945, 479);
INSERT INTO Plays(GID, PID) VALUES (1484, 294);
INSERT INTO Plays(GID, PID) VALUES (720, 112);
INSERT INTO Plays(GID, PID) VALUES (1363, 443);
INSERT INTO Plays(GID, PID) VALUES (1344, 277);
INSERT INTO Plays(GID, PID) VALUES (1305, 310);
INSERT INTO Plays(GID, PID) VALUES (536, 499);
INSERT INTO Plays(GID, PID) VALUES (875, 421);
INSERT INTO Plays(GID, PID) VALUES (874, 25);
INSERT INTO Plays(GID, PID) VALUES (842, 434);
INSERT INTO Plays(GID, PID) VALUES (794, 397);
INSERT INTO Plays(GID, PID) VALUES (717, 374);
INSERT INTO Plays(GID, PID) VALUES (1217, 541);
INSERT INTO Plays(GID, PID) VALUES (1458, 531);
INSERT INTO Plays(GID, PID) VALUES (856, 335);
INSERT INTO Plays(GID, PID) VALUES (594, 317);
INSERT INTO Plays(GID, PID) VALUES (1197, 461);
INSERT INTO Plays(GID, PID) VALUES (1312, 195);
INSERT INTO Plays(GID, PID) VALUES (1342, 505);
INSERT INTO Plays(GID, PID) VALUES (527, 414);
INSERT INTO Plays(GID, PID) VALUES (1433, 419);
INSERT INTO Plays(GID, PID) VALUES (995, 508);
INSERT INTO Plays(GID, PID) VALUES (1037, 101);
INSERT INTO Plays(GID, PID) VALUES (290, 479);
INSERT INTO Plays(GID, PID) VALUES (966, 490);
INSERT INTO Plays(GID, PID) VALUES (888, 322);
INSERT INTO Plays(GID, PID) VALUES (1365, 452);
INSERT INTO Plays(GID, PID) VALUES (1241, 412);
INSERT INTO Plays(GID, PID) VALUES (1096, 376);
INSERT INTO Plays(GID, PID) VALUES (1394, 428);
INSERT INTO Plays(GID, PID) VALUES (1475, 502);
INSERT INTO Plays(GID, PID) VALUES (1139, 66);
INSERT INTO Plays(GID, PID) VALUES (571, 419);
INSERT INTO Plays(GID, PID) VALUES (1015, 314);
INSERT INTO Plays(GID, PID) VALUES (1440, 527);
INSERT INTO Plays(GID, PID) VALUES (1098, 413);
INSERT INTO Plays(GID, PID) VALUES (1013, 493);
INSERT INTO Plays(GID, PID) VALUES (1394, 535);
INSERT INTO Plays(GID, PID) VALUES (1300, 524);
INSERT INTO Plays(GID, PID) VALUES (1296, 514);
INSERT INTO Plays(GID, PID) VALUES (747, 217);
INSERT INTO Plays(GID, PID) VALUES (1388, 163);
INSERT INTO Plays(GID, PID) VALUES (1228, 144);
INSERT INTO Plays(GID, PID) VALUES (1115, 396);
INSERT INTO Plays(GID, PID) VALUES (587, 241);
INSERT INTO Plays(GID, PID) VALUES (342, 347);
INSERT INTO Plays(GID, PID) VALUES (978, 182);
INSERT INTO Plays(GID, PID) VALUES (1264, 429);
INSERT INTO Plays(GID, PID) VALUES (1473, 409);
INSERT INTO Plays(GID, PID) VALUES (1070, 218);
INSERT INTO Plays(GID, PID) VALUES (1294, 508);
INSERT INTO Plays(GID, PID) VALUES (1257, 107);
INSERT INTO Plays(GID, PID) VALUES (151, 238);
INSERT INTO Plays(GID, PID) VALUES (524, 405);
INSERT INTO Plays(GID, PID) VALUES (1012, 473);
INSERT INTO Plays(GID, PID) VALUES (1440, 505);
INSERT INTO Plays(GID, PID) VALUES (1469, 455);
INSERT INTO Plays(GID, PID) VALUES (1320, 476);
INSERT INTO Plays(GID, PID) VALUES (824, 428);
INSERT INTO Plays(GID, PID) VALUES (1359, 307);
INSERT INTO Plays(GID, PID) VALUES (1282, 365);
INSERT INTO Plays(GID, PID) VALUES (1131, 506);
INSERT INTO Plays(GID, PID) VALUES (1056, 210);
INSERT INTO Plays(GID, PID) VALUES (1273, 283);
INSERT INTO Plays(GID, PID) VALUES (990, 365);
INSERT INTO Plays(GID, PID) VALUES (859, 256);
INSERT INTO Plays(GID, PID) VALUES (769, 226);
INSERT INTO Plays(GID, PID) VALUES (909, 84);
INSERT INTO Plays(GID, PID) VALUES (1147, 283);
INSERT INTO Plays(GID, PID) VALUES (254, 379);
INSERT INTO Plays(GID, PID) VALUES (890, 100);
INSERT INTO Plays(GID, PID) VALUES (1289, 528);
INSERT INTO Plays(GID, PID) VALUES (1271, 299);
INSERT INTO Plays(GID, PID) VALUES (1445, 386);
INSERT INTO Plays(GID, PID) VALUES (1365, 63);
INSERT INTO Plays(GID, PID) VALUES (1027, 467);
INSERT INTO Plays(GID, PID) VALUES (1172, 403);
INSERT INTO Plays(GID, PID) VALUES (1257, 96);
INSERT INTO Plays(GID, PID) VALUES (828, 171);
INSERT INTO Plays(GID, PID) VALUES (1117, 350);
INSERT INTO Plays(GID, PID) VALUES (1200, 466);
INSERT INTO Plays(GID, PID) VALUES (1435, 509);
INSERT INTO Plays(GID, PID) VALUES (1428, 515);
INSERT INTO Plays(GID, PID) VALUES (620, 285);
INSERT INTO Plays(GID, PID) VALUES (1313, 377);
INSERT INTO Plays(GID, PID) VALUES (1081, 242);
INSERT INTO Plays(GID, PID) VALUES (570, 181);
INSERT INTO Plays(GID, PID) VALUES (968, 271);
INSERT INTO Plays(GID, PID) VALUES (1306, 503);
INSERT INTO Plays(GID, PID) VALUES (1404, 315);
INSERT INTO Plays(GID, PID) VALUES (414, 412);
INSERT INTO Plays(GID, PID) VALUES (533, 315);
INSERT INTO Plays(GID, PID) VALUES (913, 449);
INSERT INTO Plays(GID, PID) VALUES (1331, 493);
INSERT INTO Plays(GID, PID) VALUES (735, 445);
INSERT INTO Plays(GID, PID) VALUES (961, 314);
INSERT INTO Plays(GID, PID) VALUES (691, 509);
INSERT INTO Plays(GID, PID) VALUES (1323, 306);
INSERT INTO Plays(GID, PID) VALUES (1157, 182);
INSERT INTO Plays(GID, PID) VALUES (1160, 528);
INSERT INTO Plays(GID, PID) VALUES (566, 323);
INSERT INTO Plays(GID, PID) VALUES (1025, 181);
INSERT INTO Plays(GID, PID) VALUES (904, 290);
INSERT INTO Plays(GID, PID) VALUES (568, 509);
INSERT INTO Plays(GID, PID) VALUES (699, 184);
INSERT INTO Plays(GID, PID) VALUES (1250, 61);
INSERT INTO Plays(GID, PID) VALUES (889, 293);
INSERT INTO Plays(GID, PID) VALUES (1485, 491);
INSERT INTO Plays(GID, PID) VALUES (1204, 460);
INSERT INTO Plays(GID, PID) VALUES (938, 473);
INSERT INTO Plays(GID, PID) VALUES (453, 510);
INSERT INTO Plays(GID, PID) VALUES (1308, 485);
INSERT INTO Plays(GID, PID) VALUES (507, 298);
INSERT INTO Plays(GID, PID) VALUES (968, 395);
INSERT INTO Plays(GID, PID) VALUES (1034, 456);
INSERT INTO Plays(GID, PID) VALUES (363, 49);
INSERT INTO Plays(GID, PID) VALUES (519, 426);
INSERT INTO Plays(GID, PID) VALUES (1428, 393);
INSERT INTO Plays(GID, PID) VALUES (953, 377);
INSERT INTO Plays(GID, PID) VALUES (1160, 112);
INSERT INTO Plays(GID, PID) VALUES (354, 427);
INSERT INTO Plays(GID, PID) VALUES (1434, 290);
INSERT INTO Plays(GID, PID) VALUES (481, 346);
INSERT INTO Plays(GID, PID) VALUES (526, 511);
INSERT INTO Plays(GID, PID) VALUES (1204, 469);
INSERT INTO Plays(GID, PID) VALUES (1188, 388);
INSERT INTO Plays(GID, PID) VALUES (834, 465);
INSERT INTO Plays(GID, PID) VALUES (271, 334);
INSERT INTO Plays(GID, PID) VALUES (1434, 353);
INSERT INTO Plays(GID, PID) VALUES (535, 363);
INSERT INTO Plays(GID, PID) VALUES (1014, 335);
INSERT INTO Plays(GID, PID) VALUES (1501, 233);
INSERT INTO Plays(GID, PID) VALUES (1266, 412);
INSERT INTO Plays(GID, PID) VALUES (349, 514);
INSERT INTO Plays(GID, PID) VALUES (1458, 179);
INSERT INTO Plays(GID, PID) VALUES (1282, 438);
INSERT INTO Plays(GID, PID) VALUES (1454, 542);
INSERT INTO Plays(GID, PID) VALUES (951, 433);
INSERT INTO Plays(GID, PID) VALUES (1083, 104);
INSERT INTO Plays(GID, PID) VALUES (1329, 392);
INSERT INTO Plays(GID, PID) VALUES (272, 216);
INSERT INTO Plays(GID, PID) VALUES (1419, 345);
INSERT INTO Plays(GID, PID) VALUES (1331, 317);
INSERT INTO Plays(GID, PID) VALUES (1313, 522);
INSERT INTO Plays(GID, PID) VALUES (913, 452);
INSERT INTO Plays(GID, PID) VALUES (403, 512);
INSERT INTO Plays(GID, PID) VALUES (406, 493);
INSERT INTO Plays(GID, PID) VALUES (947, 141);
INSERT INTO Plays(GID, PID) VALUES (1477, 480);
INSERT INTO Plays(GID, PID) VALUES (1419, 365);
INSERT INTO Plays(GID, PID) VALUES (475, 516);
INSERT INTO Plays(GID, PID) VALUES (1425, 427);
INSERT INTO Plays(GID, PID) VALUES (755, 100);
INSERT INTO Plays(GID, PID) VALUES (402, 296);
INSERT INTO Plays(GID, PID) VALUES (1360, 477);
INSERT INTO Plays(GID, PID) VALUES (1450, 502);
INSERT INTO Plays(GID, PID) VALUES (761, 501);
INSERT INTO Plays(GID, PID) VALUES (657, 492);
INSERT INTO Plays(GID, PID) VALUES (1296, 106);
INSERT INTO Plays(GID, PID) VALUES (1285, 530);
INSERT INTO Plays(GID, PID) VALUES (1379, 180);
INSERT INTO Plays(GID, PID) VALUES (1453, 486);
INSERT INTO Plays(GID, PID) VALUES (1402, 519);
INSERT INTO Plays(GID, PID) VALUES (1253, 312);
INSERT INTO Plays(GID, PID) VALUES (1329, 496);
INSERT INTO Plays(GID, PID) VALUES (1289, 415);
INSERT INTO Plays(GID, PID) VALUES (674, 510);
INSERT INTO Plays(GID, PID) VALUES (1439, 432);
INSERT INTO Plays(GID, PID) VALUES (1449, 365);
INSERT INTO Plays(GID, PID) VALUES (710, 540);
INSERT INTO Plays(GID, PID) VALUES (1377, 469);
INSERT INTO Plays(GID, PID) VALUES (1161, 212);
INSERT INTO Plays(GID, PID) VALUES (1483, 166);
INSERT INTO Plays(GID, PID) VALUES (547, 482);
INSERT INTO Plays(GID, PID) VALUES (1293, 459);
INSERT INTO Plays(GID, PID) VALUES (1365, 504);
INSERT INTO Plays(GID, PID) VALUES (1224, 413);
INSERT INTO Plays(GID, PID) VALUES (1056, 473);
INSERT INTO Plays(GID, PID) VALUES (441, 396);
INSERT INTO Plays(GID, PID) VALUES (906, 235);
INSERT INTO Plays(GID, PID) VALUES (1321, 506);
INSERT INTO Plays(GID, PID) VALUES (1300, 169);
INSERT INTO Plays(GID, PID) VALUES (1284, 536);
INSERT INTO Plays(GID, PID) VALUES (980, 442);
INSERT INTO Plays(GID, PID) VALUES (1211, 440);
INSERT INTO Plays(GID, PID) VALUES (952, 437);
INSERT INTO Plays(GID, PID) VALUES (1345, 379);
INSERT INTO Plays(GID, PID) VALUES (1145, 542);
INSERT INTO Plays(GID, PID) VALUES (1330, 477);
INSERT INTO Plays(GID, PID) VALUES (1047, 458);
INSERT INTO Plays(GID, PID) VALUES (1139, 392);
INSERT INTO Plays(GID, PID) VALUES (474, 301);
INSERT INTO Plays(GID, PID) VALUES (379, 263);
INSERT INTO Plays(GID, PID) VALUES (1317, 418);
INSERT INTO Plays(GID, PID) VALUES (1328, 210);
INSERT INTO Plays(GID, PID) VALUES (191, 195);
INSERT INTO Plays(GID, PID) VALUES (715, 403);
INSERT INTO Plays(GID, PID) VALUES (1087, 475);
INSERT INTO Plays(GID, PID) VALUES (980, 531);
INSERT INTO Plays(GID, PID) VALUES (1174, 529);
INSERT INTO Plays(GID, PID) VALUES (1159, 146);
INSERT INTO Plays(GID, PID) VALUES (1124, 53);
INSERT INTO Plays(GID, PID) VALUES (109, 340);
INSERT INTO Plays(GID, PID) VALUES (608, 201);
INSERT INTO Plays(GID, PID) VALUES (1386, 482);
INSERT INTO Plays(GID, PID) VALUES (834, 437);
INSERT INTO Plays(GID, PID) VALUES (1470, 353);
INSERT INTO Plays(GID, PID) VALUES (1220, 347);
INSERT INTO Plays(GID, PID) VALUES (1504, 74);
INSERT INTO Plays(GID, PID) VALUES (617, 354);
INSERT INTO Plays(GID, PID) VALUES (1119, 479);
INSERT INTO Plays(GID, PID) VALUES (862, 233);
INSERT INTO Plays(GID, PID) VALUES (1465, 480);
INSERT INTO Plays(GID, PID) VALUES (1288, 501);
INSERT INTO Plays(GID, PID) VALUES (1342, 332);
INSERT INTO Plays(GID, PID) VALUES (1003, 318);
INSERT INTO Plays(GID, PID) VALUES (893, 339);
INSERT INTO Plays(GID, PID) VALUES (1330, 30);
INSERT INTO Plays(GID, PID) VALUES (564, 325);
INSERT INTO Plays(GID, PID) VALUES (572, 528);
INSERT INTO Plays(GID, PID) VALUES (1159, 541);
INSERT INTO Plays(GID, PID) VALUES (966, 365);
INSERT INTO Plays(GID, PID) VALUES (1395, 402);
INSERT INTO Plays(GID, PID) VALUES (1133, 144);
INSERT INTO Plays(GID, PID) VALUES (1058, 504);
INSERT INTO Plays(GID, PID) VALUES (1443, 118);
INSERT INTO Plays(GID, PID) VALUES (1368, 534);
INSERT INTO Plays(GID, PID) VALUES (1358, 506);
INSERT INTO Plays(GID, PID) VALUES (737, 406);
INSERT INTO Plays(GID, PID) VALUES (1429, 425);
INSERT INTO Plays(GID, PID) VALUES (36, 450);
INSERT INTO Plays(GID, PID) VALUES (1248, 274);
INSERT INTO Plays(GID, PID) VALUES (1178, 481);
INSERT INTO Plays(GID, PID) VALUES (1284, 495);
INSERT INTO Plays(GID, PID) VALUES (1362, 473);
INSERT INTO Plays(GID, PID) VALUES (689, 308);
INSERT INTO Plays(GID, PID) VALUES (1403, 261);
INSERT INTO Plays(GID, PID) VALUES (826, 143);
INSERT INTO Plays(GID, PID) VALUES (1449, 359);
INSERT INTO Plays(GID, PID) VALUES (623, 485);
INSERT INTO Plays(GID, PID) VALUES (1381, 408);
INSERT INTO Plays(GID, PID) VALUES (1095, 164);
INSERT INTO Plays(GID, PID) VALUES (1474, 445);
INSERT INTO Plays(GID, PID) VALUES (720, 319);
INSERT INTO Plays(GID, PID) VALUES (1471, 243);
INSERT INTO Plays(GID, PID) VALUES (1416, 197);
INSERT INTO Plays(GID, PID) VALUES (935, 532);
INSERT INTO Plays(GID, PID) VALUES (1293, 412);
INSERT INTO Plays(GID, PID) VALUES (955, 543);
INSERT INTO Plays(GID, PID) VALUES (1309, 371);
INSERT INTO Plays(GID, PID) VALUES (1336, 256);
INSERT INTO Plays(GID, PID) VALUES (1013, 535);
INSERT INTO Plays(GID, PID) VALUES (288, 441);
INSERT INTO Plays(GID, PID) VALUES (462, 472);
INSERT INTO Plays(GID, PID) VALUES (1117, 534);
INSERT INTO Plays(GID, PID) VALUES (1095, 280);
INSERT INTO Plays(GID, PID) VALUES (900, 341);
INSERT INTO Plays(GID, PID) VALUES (379, 132);
INSERT INTO Plays(GID, PID) VALUES (957, 306);
INSERT INTO Plays(GID, PID) VALUES (1083, 294);
INSERT INTO Plays(GID, PID) VALUES (980, 326);
INSERT INTO Plays(GID, PID) VALUES (847, 345);
INSERT INTO Plays(GID, PID) VALUES (1488, 489);
INSERT INTO Plays(GID, PID) VALUES (1354, 129);
INSERT INTO Plays(GID, PID) VALUES (1089, 335);
INSERT INTO Plays(GID, PID) VALUES (1168, 409);
INSERT INTO Plays(GID, PID) VALUES (1100, 304);
INSERT INTO Plays(GID, PID) VALUES (1482, 129);
INSERT INTO Plays(GID, PID) VALUES (1356, 411);
INSERT INTO Plays(GID, PID) VALUES (1101, 138);
INSERT INTO Plays(GID, PID) VALUES (866, 327);
INSERT INTO Plays(GID, PID) VALUES (1309, 139);
INSERT INTO Plays(GID, PID) VALUES (532, 451);
INSERT INTO Plays(GID, PID) VALUES (134, 493);
INSERT INTO Plays(GID, PID) VALUES (508, 395);
INSERT INTO Plays(GID, PID) VALUES (1420, 394);
INSERT INTO Plays(GID, PID) VALUES (1451, 399);
INSERT INTO Plays(GID, PID) VALUES (889, 247);
INSERT INTO Plays(GID, PID) VALUES (773, 518);
INSERT INTO Plays(GID, PID) VALUES (808, 217);
INSERT INTO Plays(GID, PID) VALUES (1282, 482);
INSERT INTO Plays(GID, PID) VALUES (476, 513);
INSERT INTO Plays(GID, PID) VALUES (1465, 277);
INSERT INTO Plays(GID, PID) VALUES (1372, 144);
INSERT INTO Plays(GID, PID) VALUES (553, 474);
INSERT INTO Plays(GID, PID) VALUES (529, 330);
INSERT INTO Plays(GID, PID) VALUES (991, 371);
INSERT INTO Plays(GID, PID) VALUES (595, 510);
INSERT INTO Plays(GID, PID) VALUES (1261, 406);
INSERT INTO Plays(GID, PID) VALUES (449, 220);
INSERT INTO Plays(GID, PID) VALUES (1250, 491);
INSERT INTO Plays(GID, PID) VALUES (896, 538);
INSERT INTO Plays(GID, PID) VALUES (651, 428);
INSERT INTO Plays(GID, PID) VALUES (1094, 456);
INSERT INTO Plays(GID, PID) VALUES (1398, 365);
INSERT INTO Plays(GID, PID) VALUES (736, 491);
INSERT INTO Plays(GID, PID) VALUES (1267, 417);
INSERT INTO Plays(GID, PID) VALUES (1388, 317);
INSERT INTO Plays(GID, PID) VALUES (964, 441);
INSERT INTO Plays(GID, PID) VALUES (973, 449);
INSERT INTO Plays(GID, PID) VALUES (341, 401);
INSERT INTO Plays(GID, PID) VALUES (169, 400);
INSERT INTO Plays(GID, PID) VALUES (980, 379);
INSERT INTO Plays(GID, PID) VALUES (319, 223);
INSERT INTO Plays(GID, PID) VALUES (869, 193);
INSERT INTO Plays(GID, PID) VALUES (1462, 199);
INSERT INTO Plays(GID, PID) VALUES (508, 85);
INSERT INTO Plays(GID, PID) VALUES (1209, 297);
INSERT INTO Plays(GID, PID) VALUES (83, 298);
INSERT INTO Plays(GID, PID) VALUES (1305, 227);
INSERT INTO Plays(GID, PID) VALUES (1499, 506);
INSERT INTO Plays(GID, PID) VALUES (1017, 541);
INSERT INTO Plays(GID, PID) VALUES (867, 455);
INSERT INTO Plays(GID, PID) VALUES (902, 301);
INSERT INTO Plays(GID, PID) VALUES (1498, 468);
INSERT INTO Plays(GID, PID) VALUES (807, 479);
INSERT INTO Plays(GID, PID) VALUES (852, 112);
INSERT INTO Plays(GID, PID) VALUES (1093, 298);
INSERT INTO Plays(GID, PID) VALUES (1031, 469);
INSERT INTO Plays(GID, PID) VALUES (1405, 411);
INSERT INTO Plays(GID, PID) VALUES (1266, 487);
INSERT INTO Plays(GID, PID) VALUES (1369, 491);
INSERT INTO Plays(GID, PID) VALUES (508, 493);
INSERT INTO Plays(GID, PID) VALUES (528, 374);
INSERT INTO Plays(GID, PID) VALUES (1211, 186);
INSERT INTO Plays(GID, PID) VALUES (1492, 509);
INSERT INTO Plays(GID, PID) VALUES (1402, 435);
INSERT INTO Plays(GID, PID) VALUES (880, 361);
INSERT INTO Plays(GID, PID) VALUES (1302, 243);
INSERT INTO Plays(GID, PID) VALUES (1461, 455);
INSERT INTO Plays(GID, PID) VALUES (1042, 467);
INSERT INTO Plays(GID, PID) VALUES (1331, 261);
INSERT INTO Plays(GID, PID) VALUES (1097, 486);
INSERT INTO Plays(GID, PID) VALUES (1111, 303);
INSERT INTO Plays(GID, PID) VALUES (1414, 22);
INSERT INTO Plays(GID, PID) VALUES (1350, 351);
INSERT INTO Plays(GID, PID) VALUES (726, 418);
INSERT INTO Plays(GID, PID) VALUES (967, 433);
INSERT INTO Plays(GID, PID) VALUES (493, 320);
INSERT INTO Plays(GID, PID) VALUES (1025, 398);
INSERT INTO Plays(GID, PID) VALUES (966, 473);
INSERT INTO Plays(GID, PID) VALUES (947, 364);
INSERT INTO Plays(GID, PID) VALUES (1419, 288);
INSERT INTO Plays(GID, PID) VALUES (1044, 467);
INSERT INTO Plays(GID, PID) VALUES (998, 434);
INSERT INTO Plays(GID, PID) VALUES (924, 354);
INSERT INTO Plays(GID, PID) VALUES (1217, 521);
INSERT INTO Plays(GID, PID) VALUES (1277, 217);
INSERT INTO Plays(GID, PID) VALUES (1031, 234);
INSERT INTO Plays(GID, PID) VALUES (652, 280);
INSERT INTO Plays(GID, PID) VALUES (1244, 323);
INSERT INTO Plays(GID, PID) VALUES (1463, 542);
INSERT INTO Plays(GID, PID) VALUES (1192, 520);
INSERT INTO Plays(GID, PID) VALUES (772, 325);
INSERT INTO Plays(GID, PID) VALUES (1423, 466);
INSERT INTO Plays(GID, PID) VALUES (1054, 464);
INSERT INTO Plays(GID, PID) VALUES (632, 301);
INSERT INTO Plays(GID, PID) VALUES (1154, 512);
INSERT INTO Plays(GID, PID) VALUES (1190, 139);
INSERT INTO Plays(GID, PID) VALUES (1262, 143);
INSERT INTO Plays(GID, PID) VALUES (1057, 140);
INSERT INTO Plays(GID, PID) VALUES (1494, 154);
INSERT INTO Plays(GID, PID) VALUES (737, 209);
INSERT INTO Plays(GID, PID) VALUES (871, 457);
INSERT INTO Plays(GID, PID) VALUES (1484, 458);
INSERT INTO Plays(GID, PID) VALUES (380, 393);
INSERT INTO Plays(GID, PID) VALUES (1082, 440);
INSERT INTO Plays(GID, PID) VALUES (1139, 51);
INSERT INTO Plays(GID, PID) VALUES (912, 207);
INSERT INTO Plays(GID, PID) VALUES (1411, 497);
INSERT INTO Plays(GID, PID) VALUES (1130, 279);
INSERT INTO Plays(GID, PID) VALUES (1137, 331);
INSERT INTO Plays(GID, PID) VALUES (766, 468);
INSERT INTO Plays(GID, PID) VALUES (1351, 217);
INSERT INTO Plays(GID, PID) VALUES (721, 511);
INSERT INTO Plays(GID, PID) VALUES (1468, 388);
INSERT INTO Plays(GID, PID) VALUES (1156, 462);
INSERT INTO Plays(GID, PID) VALUES (1405, 526);
INSERT INTO Plays(GID, PID) VALUES (1208, 495);
INSERT INTO Plays(GID, PID) VALUES (1106, 248);
INSERT INTO Plays(GID, PID) VALUES (1287, 427);
INSERT INTO Plays(GID, PID) VALUES (787, 422);
INSERT INTO Plays(GID, PID) VALUES (1178, 271);
INSERT INTO Plays(GID, PID) VALUES (945, 500);
INSERT INTO Plays(GID, PID) VALUES (1243, 538);
INSERT INTO Plays(GID, PID) VALUES (743, 285);
INSERT INTO Plays(GID, PID) VALUES (1209, 270);
INSERT INTO Plays(GID, PID) VALUES (1495, 491);
INSERT INTO Plays(GID, PID) VALUES (1485, 517);
INSERT INTO Plays(GID, PID) VALUES (1338, 484);
INSERT INTO Plays(GID, PID) VALUES (827, 245);
INSERT INTO Plays(GID, PID) VALUES (1449, 468);
INSERT INTO Plays(GID, PID) VALUES (1240, 514);
INSERT INTO Plays(GID, PID) VALUES (1279, 486);
INSERT INTO Plays(GID, PID) VALUES (140, 309);
INSERT INTO Plays(GID, PID) VALUES (1460, 279);
INSERT INTO Plays(GID, PID) VALUES (1402, 468);
INSERT INTO Plays(GID, PID) VALUES (1497, 252);
INSERT INTO Plays(GID, PID) VALUES (377, 377);
INSERT INTO Plays(GID, PID) VALUES (1023, 337);
INSERT INTO Plays(GID, PID) VALUES (1222, 469);
INSERT INTO Plays(GID, PID) VALUES (1499, 457);
INSERT INTO Plays(GID, PID) VALUES (1087, 300);
INSERT INTO Plays(GID, PID) VALUES (690, 538);
INSERT INTO Plays(GID, PID) VALUES (1323, 383);
INSERT INTO Plays(GID, PID) VALUES (1260, 19);
INSERT INTO Plays(GID, PID) VALUES (1297, 149);
INSERT INTO Plays(GID, PID) VALUES (1481, 431);
INSERT INTO Plays(GID, PID) VALUES (986, 353);
INSERT INTO Plays(GID, PID) VALUES (1301, 452);
INSERT INTO Plays(GID, PID) VALUES (1471, 360);
INSERT INTO Plays(GID, PID) VALUES (637, 451);
INSERT INTO Plays(GID, PID) VALUES (1432, 493);
INSERT INTO Plays(GID, PID) VALUES (831, 223);
INSERT INTO Plays(GID, PID) VALUES (1120, 535);
INSERT INTO Plays(GID, PID) VALUES (1271, 476);
INSERT INTO Plays(GID, PID) VALUES (1036, 251);
INSERT INTO Plays(GID, PID) VALUES (1084, 457);
INSERT INTO Plays(GID, PID) VALUES (1247, 543);
INSERT INTO Plays(GID, PID) VALUES (1057, 464);
INSERT INTO Plays(GID, PID) VALUES (1286, 369);
INSERT INTO Plays(GID, PID) VALUES (1101, 240);
INSERT INTO Plays(GID, PID) VALUES (1366, 374);
INSERT INTO Plays(GID, PID) VALUES (1425, 386);
INSERT INTO Plays(GID, PID) VALUES (667, 273);
INSERT INTO Plays(GID, PID) VALUES (1251, 436);
INSERT INTO Plays(GID, PID) VALUES (870, 212);
INSERT INTO Plays(GID, PID) VALUES (1486, 507);
INSERT INTO Plays(GID, PID) VALUES (302, 266);
INSERT INTO Plays(GID, PID) VALUES (687, 288);
INSERT INTO Plays(GID, PID) VALUES (331, 419);
INSERT INTO Plays(GID, PID) VALUES (1353, 522);
INSERT INTO Plays(GID, PID) VALUES (1194, 393);
INSERT INTO Plays(GID, PID) VALUES (1085, 311);
INSERT INTO Plays(GID, PID) VALUES (361, 306);
INSERT INTO Plays(GID, PID) VALUES (1326, 62);
INSERT INTO Plays(GID, PID) VALUES (686, 483);
INSERT INTO Plays(GID, PID) VALUES (772, 304);
INSERT INTO Plays(GID, PID) VALUES (1360, 97);
INSERT INTO Plays(GID, PID) VALUES (804, 218);
INSERT INTO Plays(GID, PID) VALUES (1351, 64);
INSERT INTO Plays(GID, PID) VALUES (613, 537);
INSERT INTO Plays(GID, PID) VALUES (1386, 204);
INSERT INTO Plays(GID, PID) VALUES (929, 204);
INSERT INTO Plays(GID, PID) VALUES (978, 512);
INSERT INTO Plays(GID, PID) VALUES (1046, 417);
INSERT INTO Plays(GID, PID) VALUES (1077, 373);
INSERT INTO Plays(GID, PID) VALUES (1500, 294);
INSERT INTO Plays(GID, PID) VALUES (1184, 205);
INSERT INTO Plays(GID, PID) VALUES (1020, 389);
INSERT INTO Plays(GID, PID) VALUES (1092, 447);
INSERT INTO Plays(GID, PID) VALUES (1027, 264);
INSERT INTO Plays(GID, PID) VALUES (1115, 466);
INSERT INTO Plays(GID, PID) VALUES (1318, 464);
INSERT INTO Plays(GID, PID) VALUES (1420, 329);
INSERT INTO Plays(GID, PID) VALUES (928, 124);
INSERT INTO Plays(GID, PID) VALUES (260, 454);
INSERT INTO Plays(GID, PID) VALUES (1377, 402);
INSERT INTO Plays(GID, PID) VALUES (1248, 509);
INSERT INTO Plays(GID, PID) VALUES (1318, 254);
INSERT INTO Plays(GID, PID) VALUES (1353, 181);
INSERT INTO Plays(GID, PID) VALUES (1148, 272);
INSERT INTO Plays(GID, PID) VALUES (1109, 308);
INSERT INTO Plays(GID, PID) VALUES (1025, 412);
INSERT INTO Plays(GID, PID) VALUES (451, 219);
INSERT INTO Plays(GID, PID) VALUES (1379, 522);
INSERT INTO Plays(GID, PID) VALUES (602, 427);
INSERT INTO Plays(GID, PID) VALUES (893, 301);
INSERT INTO Plays(GID, PID) VALUES (288, 458);
INSERT INTO Plays(GID, PID) VALUES (415, 188);
INSERT INTO Plays(GID, PID) VALUES (625, 523);
INSERT INTO Plays(GID, PID) VALUES (1189, 367);
INSERT INTO Plays(GID, PID) VALUES (88, 245);
INSERT INTO Plays(GID, PID) VALUES (428, 370);
INSERT INTO Plays(GID, PID) VALUES (1242, 452);
INSERT INTO Plays(GID, PID) VALUES (1348, 501);
INSERT INTO Plays(GID, PID) VALUES (474, 381);
INSERT INTO Plays(GID, PID) VALUES (1357, 337);
INSERT INTO Plays(GID, PID) VALUES (1475, 435);
INSERT INTO Plays(GID, PID) VALUES (1350, 286);
INSERT INTO Plays(GID, PID) VALUES (675, 122);
INSERT INTO Plays(GID, PID) VALUES (1229, 437);
INSERT INTO Plays(GID, PID) VALUES (1468, 327);
INSERT INTO Plays(GID, PID) VALUES (403, 77);
INSERT INTO Plays(GID, PID) VALUES (564, 541);
INSERT INTO Plays(GID, PID) VALUES (1440, 209);
INSERT INTO Plays(GID, PID) VALUES (1170, 304);
INSERT INTO Plays(GID, PID) VALUES (1081, 400);
INSERT INTO Plays(GID, PID) VALUES (94, 424);
INSERT INTO Plays(GID, PID) VALUES (824, 420);
INSERT INTO Plays(GID, PID) VALUES (1004, 450);
INSERT INTO Plays(GID, PID) VALUES (633, 174);
INSERT INTO Plays(GID, PID) VALUES (1051, 401);
INSERT INTO Plays(GID, PID) VALUES (651, 541);
INSERT INTO Plays(GID, PID) VALUES (778, 364);
INSERT INTO Plays(GID, PID) VALUES (1063, 542);
INSERT INTO Plays(GID, PID) VALUES (1202, 372);
INSERT INTO Plays(GID, PID) VALUES (1372, 222);
INSERT INTO Plays(GID, PID) VALUES (650, 418);
INSERT INTO Plays(GID, PID) VALUES (1146, 517);
INSERT INTO Plays(GID, PID) VALUES (342, 311);
INSERT INTO Plays(GID, PID) VALUES (1204, 383);
INSERT INTO Plays(GID, PID) VALUES (294, 440);
INSERT INTO Plays(GID, PID) VALUES (775, 215);
INSERT INTO Plays(GID, PID) VALUES (1307, 111);
INSERT INTO Plays(GID, PID) VALUES (1284, 409);
INSERT INTO Plays(GID, PID) VALUES (1230, 243);
INSERT INTO Plays(GID, PID) VALUES (1299, 517);
INSERT INTO Plays(GID, PID) VALUES (1423, 215);
INSERT INTO Plays(GID, PID) VALUES (1170, 525);
INSERT INTO Plays(GID, PID) VALUES (1448, 219);
INSERT INTO Plays(GID, PID) VALUES (1196, 175);
INSERT INTO Plays(GID, PID) VALUES (782, 408);
INSERT INTO Plays(GID, PID) VALUES (592, 370);
INSERT INTO Plays(GID, PID) VALUES (912, 367);
INSERT INTO Plays(GID, PID) VALUES (1333, 466);
INSERT INTO Plays(GID, PID) VALUES (725, 352);
INSERT INTO Plays(GID, PID) VALUES (414, 354);
INSERT INTO Plays(GID, PID) VALUES (1149, 283);
INSERT INTO Plays(GID, PID) VALUES (842, 317);
INSERT INTO Plays(GID, PID) VALUES (1433, 315);
INSERT INTO Plays(GID, PID) VALUES (1103, 110);
INSERT INTO Plays(GID, PID) VALUES (1464, 412);
INSERT INTO Plays(GID, PID) VALUES (1287, 289);
INSERT INTO Plays(GID, PID) VALUES (699, 499);
INSERT INTO Plays(GID, PID) VALUES (104, 315);
INSERT INTO Plays(GID, PID) VALUES (998, 204);
INSERT INTO Plays(GID, PID) VALUES (1264, 434);
INSERT INTO Plays(GID, PID) VALUES (478, 458);
INSERT INTO Plays(GID, PID) VALUES (616, 504);
INSERT INTO Plays(GID, PID) VALUES (1162, 372);
INSERT INTO Plays(GID, PID) VALUES (1418, 531);
INSERT INTO Plays(GID, PID) VALUES (926, 495);
INSERT INTO Plays(GID, PID) VALUES (476, 534);
INSERT INTO Plays(GID, PID) VALUES (831, 533);
INSERT INTO Plays(GID, PID) VALUES (822, 349);
INSERT INTO Plays(GID, PID) VALUES (1015, 250);
INSERT INTO Plays(GID, PID) VALUES (1335, 497);
INSERT INTO Plays(GID, PID) VALUES (520, 344);
INSERT INTO Plays(GID, PID) VALUES (742, 392);
INSERT INTO Plays(GID, PID) VALUES (1392, 315);
INSERT INTO Plays(GID, PID) VALUES (1040, 271);
INSERT INTO Plays(GID, PID) VALUES (1416, 296);
INSERT INTO Plays(GID, PID) VALUES (130, 233);
INSERT INTO Plays(GID, PID) VALUES (320, 540);
INSERT INTO Plays(GID, PID) VALUES (1016, 227);
INSERT INTO Plays(GID, PID) VALUES (539, 436);
INSERT INTO Plays(GID, PID) VALUES (1033, 319);
INSERT INTO Plays(GID, PID) VALUES (835, 387);
INSERT INTO Plays(GID, PID) VALUES (1030, 411);
INSERT INTO Plays(GID, PID) VALUES (1494, 426);
INSERT INTO Plays(GID, PID) VALUES (1367, 476);
INSERT INTO Plays(GID, PID) VALUES (1170, 361);
INSERT INTO Plays(GID, PID) VALUES (1381, 426);
INSERT INTO Plays(GID, PID) VALUES (549, 462);
INSERT INTO Plays(GID, PID) VALUES (369, 159);
INSERT INTO Plays(GID, PID) VALUES (870, 541);
INSERT INTO Plays(GID, PID) VALUES (805, 399);
INSERT INTO Plays(GID, PID) VALUES (1279, 255);
INSERT INTO Plays(GID, PID) VALUES (685, 295);
INSERT INTO Plays(GID, PID) VALUES (1031, 476);
INSERT INTO Plays(GID, PID) VALUES (963, 443);
INSERT INTO Plays(GID, PID) VALUES (128, 420);
INSERT INTO Plays(GID, PID) VALUES (488, 510);
INSERT INTO Plays(GID, PID) VALUES (1014, 305);
INSERT INTO Plays(GID, PID) VALUES (1450, 412);
INSERT INTO Plays(GID, PID) VALUES (1413, 472);
INSERT INTO Plays(GID, PID) VALUES (912, 529);
INSERT INTO Plays(GID, PID) VALUES (1232, 462);
INSERT INTO Plays(GID, PID) VALUES (1355, 385);
INSERT INTO Plays(GID, PID) VALUES (1054, 465);
INSERT INTO Plays(GID, PID) VALUES (780, 207);
INSERT INTO Plays(GID, PID) VALUES (910, 479);
INSERT INTO Plays(GID, PID) VALUES (403, 541);
INSERT INTO Plays(GID, PID) VALUES (1311, 412);
INSERT INTO Plays(GID, PID) VALUES (733, 400);
INSERT INTO Plays(GID, PID) VALUES (561, 224);
INSERT INTO Plays(GID, PID) VALUES (342, 269);
INSERT INTO Plays(GID, PID) VALUES (1126, 269);
INSERT INTO Plays(GID, PID) VALUES (1361, 387);
INSERT INTO Plays(GID, PID) VALUES (1464, 380);
INSERT INTO Plays(GID, PID) VALUES (742, 218);
INSERT INTO Plays(GID, PID) VALUES (492, 495);
INSERT INTO Plays(GID, PID) VALUES (1118, 425);
INSERT INTO Plays(GID, PID) VALUES (504, 479);
INSERT INTO Plays(GID, PID) VALUES (1073, 327);
INSERT INTO Plays(GID, PID) VALUES (1073, 422);
INSERT INTO Plays(GID, PID) VALUES (928, 479);
INSERT INTO Plays(GID, PID) VALUES (1320, 509);
INSERT INTO Plays(GID, PID) VALUES (1008, 365);
INSERT INTO Plays(GID, PID) VALUES (1500, 395);
INSERT INTO Plays(GID, PID) VALUES (1258, 450);
INSERT INTO Plays(GID, PID) VALUES (1452, 198);
INSERT INTO Plays(GID, PID) VALUES (925, 471);
INSERT INTO Plays(GID, PID) VALUES (762, 381);
INSERT INTO Plays(GID, PID) VALUES (1489, 241);
INSERT INTO Plays(GID, PID) VALUES (899, 245);
INSERT INTO Plays(GID, PID) VALUES (268, 257);
INSERT INTO Plays(GID, PID) VALUES (1374, 370);
INSERT INTO Plays(GID, PID) VALUES (741, 415);
INSERT INTO Plays(GID, PID) VALUES (1465, 529);
INSERT INTO Plays(GID, PID) VALUES (1116, 471);
INSERT INTO Plays(GID, PID) VALUES (1095, 367);
INSERT INTO Plays(GID, PID) VALUES (867, 524);
INSERT INTO Plays(GID, PID) VALUES (932, 297);
INSERT INTO Plays(GID, PID) VALUES (1370, 481);
INSERT INTO Plays(GID, PID) VALUES (1030, 334);
INSERT INTO Plays(GID, PID) VALUES (1075, 395);
INSERT INTO Plays(GID, PID) VALUES (794, 344);
INSERT INTO Plays(GID, PID) VALUES (1420, 512);
INSERT INTO Plays(GID, PID) VALUES (440, 398);
INSERT INTO Plays(GID, PID) VALUES (1293, 507);
INSERT INTO Plays(GID, PID) VALUES (463, 362);
INSERT INTO Plays(GID, PID) VALUES (1433, 477);
INSERT INTO Plays(GID, PID) VALUES (896, 524);
INSERT INTO Plays(GID, PID) VALUES (1408, 210);
INSERT INTO Plays(GID, PID) VALUES (1429, 299);
INSERT INTO Plays(GID, PID) VALUES (1311, 355);
INSERT INTO Plays(GID, PID) VALUES (899, 357);
INSERT INTO Plays(GID, PID) VALUES (1287, 165);
INSERT INTO Plays(GID, PID) VALUES (1407, 468);
INSERT INTO Plays(GID, PID) VALUES (517, 407);
INSERT INTO Plays(GID, PID) VALUES (447, 318);
INSERT INTO Plays(GID, PID) VALUES (1297, 431);
INSERT INTO Plays(GID, PID) VALUES (1082, 329);
INSERT INTO Plays(GID, PID) VALUES (1429, 433);
INSERT INTO Plays(GID, PID) VALUES (1070, 422);
INSERT INTO Plays(GID, PID) VALUES (323, 435);
INSERT INTO Plays(GID, PID) VALUES (965, 421);
INSERT INTO Plays(GID, PID) VALUES (1096, 531);
INSERT INTO Plays(GID, PID) VALUES (484, 476);
INSERT INTO Plays(GID, PID) VALUES (397, 346);
INSERT INTO Plays(GID, PID) VALUES (1373, 40);
INSERT INTO Plays(GID, PID) VALUES (995, 495);
INSERT INTO Plays(GID, PID) VALUES (1445, 237);
INSERT INTO Plays(GID, PID) VALUES (1452, 223);
INSERT INTO Plays(GID, PID) VALUES (1285, 485);
INSERT INTO Plays(GID, PID) VALUES (562, 120);
INSERT INTO Plays(GID, PID) VALUES (1239, 492);
INSERT INTO Plays(GID, PID) VALUES (647, 511);
INSERT INTO Plays(GID, PID) VALUES (1082, 240);
INSERT INTO Plays(GID, PID) VALUES (1345, 160);
INSERT INTO Plays(GID, PID) VALUES (1284, 83);
INSERT INTO Plays(GID, PID) VALUES (1189, 500);
INSERT INTO Plays(GID, PID) VALUES (1344, 204);
INSERT INTO Plays(GID, PID) VALUES (1433, 214);
INSERT INTO Plays(GID, PID) VALUES (1127, 516);
INSERT INTO Plays(GID, PID) VALUES (1434, 537);
INSERT INTO Plays(GID, PID) VALUES (1352, 341);
INSERT INTO Plays(GID, PID) VALUES (1151, 319);
INSERT INTO Plays(GID, PID) VALUES (1079, 464);
INSERT INTO Plays(GID, PID) VALUES (1091, 390);
INSERT INTO Plays(GID, PID) VALUES (1131, 268);
INSERT INTO Plays(GID, PID) VALUES (374, 443);
INSERT INTO Plays(GID, PID) VALUES (1114, 268);
INSERT INTO Plays(GID, PID) VALUES (997, 270);
INSERT INTO Plays(GID, PID) VALUES (870, 138);
INSERT INTO Plays(GID, PID) VALUES (447, 265);
INSERT INTO Plays(GID, PID) VALUES (433, 136);
INSERT INTO Plays(GID, PID) VALUES (679, 459);
INSERT INTO Plays(GID, PID) VALUES (1402, 510);
INSERT INTO Plays(GID, PID) VALUES (1332, 181);
INSERT INTO Plays(GID, PID) VALUES (449, 356);
INSERT INTO Plays(GID, PID) VALUES (1366, 452);
INSERT INTO Plays(GID, PID) VALUES (292, 515);
INSERT INTO Plays(GID, PID) VALUES (1190, 348);
INSERT INTO Plays(GID, PID) VALUES (1447, 404);
INSERT INTO Plays(GID, PID) VALUES (1342, 211);
INSERT INTO Plays(GID, PID) VALUES (1360, 381);
INSERT INTO Plays(GID, PID) VALUES (1289, 503);
INSERT INTO Plays(GID, PID) VALUES (487, 328);
INSERT INTO Plays(GID, PID) VALUES (987, 226);
INSERT INTO Plays(GID, PID) VALUES (964, 360);
INSERT INTO Plays(GID, PID) VALUES (1066, 391);
INSERT INTO Plays(GID, PID) VALUES (724, 382);
INSERT INTO Plays(GID, PID) VALUES (922, 457);
INSERT INTO Plays(GID, PID) VALUES (1361, 171);
INSERT INTO Plays(GID, PID) VALUES (1095, 217);
INSERT INTO Plays(GID, PID) VALUES (1389, 518);
INSERT INTO Plays(GID, PID) VALUES (1349, 323);
INSERT INTO Plays(GID, PID) VALUES (1315, 513);
INSERT INTO Plays(GID, PID) VALUES (1000, 356);
INSERT INTO Plays(GID, PID) VALUES (1147, 451);
INSERT INTO Plays(GID, PID) VALUES (638, 265);
INSERT INTO Plays(GID, PID) VALUES (465, 343);
INSERT INTO Plays(GID, PID) VALUES (1315, 520);
INSERT INTO Plays(GID, PID) VALUES (444, 243);
INSERT INTO Plays(GID, PID) VALUES (1203, 239);
INSERT INTO Plays(GID, PID) VALUES (1271, 383);
INSERT INTO Plays(GID, PID) VALUES (1499, 204);
INSERT INTO Plays(GID, PID) VALUES (1386, 528);
INSERT INTO Plays(GID, PID) VALUES (320, 329);
INSERT INTO Plays(GID, PID) VALUES (1093, 443);
INSERT INTO Plays(GID, PID) VALUES (1139, 412);
INSERT INTO Plays(GID, PID) VALUES (1450, 335);
INSERT INTO Plays(GID, PID) VALUES (781, 334);
INSERT INTO Plays(GID, PID) VALUES (1351, 452);
INSERT INTO Plays(GID, PID) VALUES (929, 458);
INSERT INTO Plays(GID, PID) VALUES (1466, 339);
INSERT INTO Plays(GID, PID) VALUES (1335, 407);
INSERT INTO Plays(GID, PID) VALUES (1037, 116);
INSERT INTO Plays(GID, PID) VALUES (746, 403);
INSERT INTO Plays(GID, PID) VALUES (1299, 407);
INSERT INTO Plays(GID, PID) VALUES (370, 511);
INSERT INTO Plays(GID, PID) VALUES (249, 368);
INSERT INTO Plays(GID, PID) VALUES (957, 124);
INSERT INTO Plays(GID, PID) VALUES (976, 509);
INSERT INTO Plays(GID, PID) VALUES (1107, 364);
INSERT INTO Plays(GID, PID) VALUES (236, 529);
INSERT INTO Plays(GID, PID) VALUES (862, 184);
INSERT INTO Plays(GID, PID) VALUES (1055, 531);
INSERT INTO Plays(GID, PID) VALUES (1209, 420);
INSERT INTO Plays(GID, PID) VALUES (838, 297);
INSERT INTO Plays(GID, PID) VALUES (1247, 90);
INSERT INTO Plays(GID, PID) VALUES (1155, 277);
INSERT INTO Plays(GID, PID) VALUES (832, 374);
INSERT INTO Plays(GID, PID) VALUES (242, 137);
INSERT INTO Plays(GID, PID) VALUES (1191, 404);
INSERT INTO Plays(GID, PID) VALUES (995, 477);
INSERT INTO Plays(GID, PID) VALUES (723, 450);
INSERT INTO Plays(GID, PID) VALUES (1294, 370);
INSERT INTO Plays(GID, PID) VALUES (878, 433);
INSERT INTO Plays(GID, PID) VALUES (438, 218);
INSERT INTO Plays(GID, PID) VALUES (497, 510);
INSERT INTO Plays(GID, PID) VALUES (1502, 180);
INSERT INTO Plays(GID, PID) VALUES (378, 359);
INSERT INTO Plays(GID, PID) VALUES (286, 380);
INSERT INTO Plays(GID, PID) VALUES (1336, 458);
INSERT INTO Plays(GID, PID) VALUES (1291, 320);
INSERT INTO Plays(GID, PID) VALUES (1172, 375);
INSERT INTO Plays(GID, PID) VALUES (1467, 310);
INSERT INTO Plays(GID, PID) VALUES (939, 519);
INSERT INTO Plays(GID, PID) VALUES (1025, 537);
INSERT INTO Plays(GID, PID) VALUES (1301, 70);
INSERT INTO Plays(GID, PID) VALUES (1262, 516);
INSERT INTO Plays(GID, PID) VALUES (910, 538);
INSERT INTO Plays(GID, PID) VALUES (1179, 362);
INSERT INTO Plays(GID, PID) VALUES (1170, 457);
INSERT INTO Plays(GID, PID) VALUES (1154, 454);
INSERT INTO Plays(GID, PID) VALUES (1353, 459);
INSERT INTO Plays(GID, PID) VALUES (586, 416);
INSERT INTO Plays(GID, PID) VALUES (413, 508);
INSERT INTO Plays(GID, PID) VALUES (1147, 235);
INSERT INTO Plays(GID, PID) VALUES (1100, 505);
INSERT INTO Plays(GID, PID) VALUES (877, 306);
INSERT INTO Plays(GID, PID) VALUES (1207, 204);
INSERT INTO Plays(GID, PID) VALUES (348, 292);
INSERT INTO Plays(GID, PID) VALUES (777, 100);
INSERT INTO Plays(GID, PID) VALUES (339, 391);
INSERT INTO Plays(GID, PID) VALUES (973, 66);
INSERT INTO Plays(GID, PID) VALUES (1500, 472);
INSERT INTO Plays(GID, PID) VALUES (671, 481);
INSERT INTO Plays(GID, PID) VALUES (1055, 424);
INSERT INTO Plays(GID, PID) VALUES (834, 487);
INSERT INTO Plays(GID, PID) VALUES (1082, 154);
INSERT INTO Plays(GID, PID) VALUES (1229, 185);
INSERT INTO Plays(GID, PID) VALUES (1496, 445);
INSERT INTO Plays(GID, PID) VALUES (1393, 468);
INSERT INTO Plays(GID, PID) VALUES (1171, 410);
INSERT INTO Plays(GID, PID) VALUES (1418, 340);
INSERT INTO Plays(GID, PID) VALUES (1099, 529);
INSERT INTO Plays(GID, PID) VALUES (731, 396);
INSERT INTO Plays(GID, PID) VALUES (1132, 416);
INSERT INTO Plays(GID, PID) VALUES (487, 385);
INSERT INTO Plays(GID, PID) VALUES (1082, 427);
INSERT INTO Plays(GID, PID) VALUES (918, 393);
INSERT INTO Plays(GID, PID) VALUES (836, 388);
INSERT INTO Plays(GID, PID) VALUES (520, 411);
INSERT INTO Plays(GID, PID) VALUES (921, 486);
INSERT INTO Plays(GID, PID) VALUES (1412, 355);
INSERT INTO Plays(GID, PID) VALUES (1110, 513);
INSERT INTO Plays(GID, PID) VALUES (1127, 402);
INSERT INTO Plays(GID, PID) VALUES (810, 397);
INSERT INTO Plays(GID, PID) VALUES (483, 352);
INSERT INTO Plays(GID, PID) VALUES (1355, 515);
INSERT INTO Plays(GID, PID) VALUES (1381, 541);
INSERT INTO Plays(GID, PID) VALUES (1089, 319);
INSERT INTO Plays(GID, PID) VALUES (1453, 152);
INSERT INTO Plays(GID, PID) VALUES (1147, 164);
INSERT INTO Plays(GID, PID) VALUES (1266, 105);
INSERT INTO Plays(GID, PID) VALUES (1127, 170);
INSERT INTO Plays(GID, PID) VALUES (1175, 154);
INSERT INTO Plays(GID, PID) VALUES (1214, 507);
INSERT INTO Plays(GID, PID) VALUES (1231, 464);
INSERT INTO Plays(GID, PID) VALUES (595, 87);
INSERT INTO Plays(GID, PID) VALUES (1442, 403);
INSERT INTO Plays(GID, PID) VALUES (472, 455);
INSERT INTO Plays(GID, PID) VALUES (727, 376);
INSERT INTO Plays(GID, PID) VALUES (1426, 339);
INSERT INTO Plays(GID, PID) VALUES (804, 315);
INSERT INTO Plays(GID, PID) VALUES (862, 458);
INSERT INTO Plays(GID, PID) VALUES (355, 194);
INSERT INTO Plays(GID, PID) VALUES (683, 502);
INSERT INTO Plays(GID, PID) VALUES (1462, 540);
INSERT INTO Plays(GID, PID) VALUES (240, 482);
INSERT INTO Plays(GID, PID) VALUES (1416, 439);
INSERT INTO Plays(GID, PID) VALUES (1288, 416);
INSERT INTO Plays(GID, PID) VALUES (1016, 382);
INSERT INTO Plays(GID, PID) VALUES (712, 337);
INSERT INTO Plays(GID, PID) VALUES (964, 192);
INSERT INTO Plays(GID, PID) VALUES (1238, 335);
INSERT INTO Plays(GID, PID) VALUES (428, 311);
INSERT INTO Plays(GID, PID) VALUES (1353, 479);
INSERT INTO Plays(GID, PID) VALUES (609, 305);
INSERT INTO Plays(GID, PID) VALUES (1214, 457);
INSERT INTO Plays(GID, PID) VALUES (973, 364);
INSERT INTO Plays(GID, PID) VALUES (1143, 538);
INSERT INTO Plays(GID, PID) VALUES (1373, 374);
INSERT INTO Plays(GID, PID) VALUES (1022, 481);
INSERT INTO Plays(GID, PID) VALUES (1137, 479);
INSERT INTO Plays(GID, PID) VALUES (986, 379);
INSERT INTO Plays(GID, PID) VALUES (408, 367);
INSERT INTO Plays(GID, PID) VALUES (1468, 219);
INSERT INTO Plays(GID, PID) VALUES (1113, 395);
INSERT INTO Plays(GID, PID) VALUES (1218, 228);
INSERT INTO Plays(GID, PID) VALUES (1122, 532);
INSERT INTO Plays(GID, PID) VALUES (806, 313);
INSERT INTO Plays(GID, PID) VALUES (493, 434);
INSERT INTO Plays(GID, PID) VALUES (1468, 168);
INSERT INTO Plays(GID, PID) VALUES (1348, 283);
INSERT INTO Plays(GID, PID) VALUES (1278, 422);
INSERT INTO Plays(GID, PID) VALUES (1148, 256);
INSERT INTO Plays(GID, PID) VALUES (1254, 297);
INSERT INTO Plays(GID, PID) VALUES (432, 350);
INSERT INTO Plays(GID, PID) VALUES (661, 215);
INSERT INTO Plays(GID, PID) VALUES (1208, 439);
INSERT INTO Plays(GID, PID) VALUES (499, 429);
INSERT INTO Plays(GID, PID) VALUES (1333, 461);
INSERT INTO Plays(GID, PID) VALUES (749, 135);
INSERT INTO Plays(GID, PID) VALUES (733, 313);
INSERT INTO Plays(GID, PID) VALUES (811, 517);
INSERT INTO Plays(GID, PID) VALUES (731, 484);
INSERT INTO Plays(GID, PID) VALUES (988, 413);
INSERT INTO Plays(GID, PID) VALUES (1234, 318);
INSERT INTO Plays(GID, PID) VALUES (1180, 336);
INSERT INTO Plays(GID, PID) VALUES (1494, 375);
INSERT INTO Plays(GID, PID) VALUES (1257, 315);
INSERT INTO Plays(GID, PID) VALUES (1200, 410);
INSERT INTO Plays(GID, PID) VALUES (1493, 341);
INSERT INTO Plays(GID, PID) VALUES (1116, 461);
INSERT INTO Plays(GID, PID) VALUES (918, 229);
INSERT INTO Plays(GID, PID) VALUES (1346, 240);
INSERT INTO Plays(GID, PID) VALUES (1438, 377);
INSERT INTO Plays(GID, PID) VALUES (1109, 416);
INSERT INTO Plays(GID, PID) VALUES (1442, 219);
INSERT INTO Plays(GID, PID) VALUES (387, 480);
INSERT INTO Plays(GID, PID) VALUES (1141, 248);
INSERT INTO Plays(GID, PID) VALUES (1335, 299);
INSERT INTO Plays(GID, PID) VALUES (1209, 43);
INSERT INTO Plays(GID, PID) VALUES (939, 369);
INSERT INTO Plays(GID, PID) VALUES (1456, 278);
INSERT INTO Plays(GID, PID) VALUES (1164, 333);
INSERT INTO Plays(GID, PID) VALUES (1462, 433);
INSERT INTO Plays(GID, PID) VALUES (254, 263);
INSERT INTO Plays(GID, PID) VALUES (1469, 524);
INSERT INTO Plays(GID, PID) VALUES (491, 414);
INSERT INTO Plays(GID, PID) VALUES (1324, 310);
INSERT INTO Plays(GID, PID) VALUES (1352, 518);
INSERT INTO Plays(GID, PID) VALUES (1056, 451);
INSERT INTO Plays(GID, PID) VALUES (1388, 322);
INSERT INTO Plays(GID, PID) VALUES (548, 348);
INSERT INTO Plays(GID, PID) VALUES (1185, 521);
INSERT INTO Plays(GID, PID) VALUES (705, 457);
INSERT INTO Plays(GID, PID) VALUES (1272, 347);
INSERT INTO Plays(GID, PID) VALUES (1402, 506);
INSERT INTO Plays(GID, PID) VALUES (537, 175);
INSERT INTO Plays(GID, PID) VALUES (1042, 488);
INSERT INTO Plays(GID, PID) VALUES (998, 463);
INSERT INTO Plays(GID, PID) VALUES (1475, 354);
INSERT INTO Plays(GID, PID) VALUES (894, 372);
INSERT INTO Plays(GID, PID) VALUES (330, 520);
INSERT INTO Plays(GID, PID) VALUES (736, 368);
INSERT INTO Plays(GID, PID) VALUES (911, 493);
INSERT INTO Plays(GID, PID) VALUES (1077, 118);
INSERT INTO Plays(GID, PID) VALUES (950, 504);
INSERT INTO Plays(GID, PID) VALUES (783, 327);
INSERT INTO Plays(GID, PID) VALUES (797, 396);
INSERT INTO Plays(GID, PID) VALUES (737, 513);
INSERT INTO Plays(GID, PID) VALUES (823, 385);
INSERT INTO Plays(GID, PID) VALUES (911, 531);
INSERT INTO Plays(GID, PID) VALUES (364, 222);
INSERT INTO Plays(GID, PID) VALUES (1483, 382);
INSERT INTO Plays(GID, PID) VALUES (707, 399);
INSERT INTO Plays(GID, PID) VALUES (1476, 349);
INSERT INTO Plays(GID, PID) VALUES (1412, 231);
INSERT INTO Plays(GID, PID) VALUES (465, 305);
INSERT INTO Plays(GID, PID) VALUES (1324, 524);
INSERT INTO Plays(GID, PID) VALUES (1305, 314);
INSERT INTO Plays(GID, PID) VALUES (930, 205);
INSERT INTO Plays(GID, PID) VALUES (65, 280);
INSERT INTO Plays(GID, PID) VALUES (1193, 480);
INSERT INTO Plays(GID, PID) VALUES (841, 284);
INSERT INTO Plays(GID, PID) VALUES (611, 518);
INSERT INTO Plays(GID, PID) VALUES (964, 404);
INSERT INTO Plays(GID, PID) VALUES (1071, 370);
INSERT INTO Plays(GID, PID) VALUES (1195, 479);
INSERT INTO Plays(GID, PID) VALUES (785, 409);
INSERT INTO Plays(GID, PID) VALUES (484, 422);
INSERT INTO Plays(GID, PID) VALUES (189, 382);
INSERT INTO Plays(GID, PID) VALUES (1236, 139);
INSERT INTO Plays(GID, PID) VALUES (928, 515);
INSERT INTO Plays(GID, PID) VALUES (1368, 477);
INSERT INTO Plays(GID, PID) VALUES (488, 214);
INSERT INTO Plays(GID, PID) VALUES (821, 414);
INSERT INTO Plays(GID, PID) VALUES (1382, 379);
INSERT INTO Plays(GID, PID) VALUES (779, 297);
INSERT INTO Plays(GID, PID) VALUES (1139, 374);
INSERT INTO Plays(GID, PID) VALUES (930, 414);
INSERT INTO Plays(GID, PID) VALUES (549, 467);
INSERT INTO Plays(GID, PID) VALUES (676, 484);
INSERT INTO Plays(GID, PID) VALUES (1136, 435);
INSERT INTO Plays(GID, PID) VALUES (682, 496);
INSERT INTO Plays(GID, PID) VALUES (995, 499);
INSERT INTO Plays(GID, PID) VALUES (872, 302);
INSERT INTO Plays(GID, PID) VALUES (920, 366);
INSERT INTO Plays(GID, PID) VALUES (890, 56);
INSERT INTO Plays(GID, PID) VALUES (1330, 472);
INSERT INTO Plays(GID, PID) VALUES (1436, 228);
INSERT INTO Plays(GID, PID) VALUES (1308, 512);
INSERT INTO Plays(GID, PID) VALUES (920, 248);
INSERT INTO Plays(GID, PID) VALUES (1073, 421);
INSERT INTO Plays(GID, PID) VALUES (407, 436);
INSERT INTO Plays(GID, PID) VALUES (711, 155);
INSERT INTO Plays(GID, PID) VALUES (1362, 367);
INSERT INTO Plays(GID, PID) VALUES (750, 324);
INSERT INTO Plays(GID, PID) VALUES (1502, 79);
INSERT INTO Plays(GID, PID) VALUES (1391, 492);
INSERT INTO Plays(GID, PID) VALUES (1224, 244);
INSERT INTO Plays(GID, PID) VALUES (1075, 294);
INSERT INTO Plays(GID, PID) VALUES (1299, 543);
INSERT INTO Plays(GID, PID) VALUES (135, 511);
INSERT INTO Plays(GID, PID) VALUES (1204, 168);
INSERT INTO Plays(GID, PID) VALUES (785, 483);
INSERT INTO Plays(GID, PID) VALUES (1237, 404);
INSERT INTO Plays(GID, PID) VALUES (1312, 91);
INSERT INTO Plays(GID, PID) VALUES (1193, 121);
INSERT INTO Plays(GID, PID) VALUES (1252, 282);
INSERT INTO Plays(GID, PID) VALUES (892, 455);
INSERT INTO Plays(GID, PID) VALUES (597, 520);
INSERT INTO Plays(GID, PID) VALUES (785, 225);
INSERT INTO Plays(GID, PID) VALUES (660, 346);
INSERT INTO Plays(GID, PID) VALUES (714, 282);
INSERT INTO Plays(GID, PID) VALUES (1033, 118);
INSERT INTO Plays(GID, PID) VALUES (877, 512);
INSERT INTO Plays(GID, PID) VALUES (1415, 539);
INSERT INTO Plays(GID, PID) VALUES (1401, 158);
INSERT INTO Plays(GID, PID) VALUES (640, 513);
INSERT INTO Plays(GID, PID) VALUES (1242, 387);
INSERT INTO Plays(GID, PID) VALUES (370, 366);
INSERT INTO Plays(GID, PID) VALUES (1044, 325);
INSERT INTO Plays(GID, PID) VALUES (960, 493);
INSERT INTO Plays(GID, PID) VALUES (454, 180);
INSERT INTO Plays(GID, PID) VALUES (1356, 172);
INSERT INTO Plays(GID, PID) VALUES (190, 361);
INSERT INTO Plays(GID, PID) VALUES (1179, 535);
INSERT INTO Plays(GID, PID) VALUES (922, 292);
INSERT INTO Plays(GID, PID) VALUES (1123, 488);
INSERT INTO Plays(GID, PID) VALUES (1391, 421);
INSERT INTO Plays(GID, PID) VALUES (1051, 92);
INSERT INTO Plays(GID, PID) VALUES (160, 239);
INSERT INTO Plays(GID, PID) VALUES (795, 331);
INSERT INTO Plays(GID, PID) VALUES (774, 510);
INSERT INTO Plays(GID, PID) VALUES (937, 369);
INSERT INTO Plays(GID, PID) VALUES (1438, 529);
INSERT INTO Plays(GID, PID) VALUES (829, 364);
INSERT INTO Plays(GID, PID) VALUES (781, 341);
INSERT INTO Plays(GID, PID) VALUES (1069, 458);
INSERT INTO Plays(GID, PID) VALUES (1355, 326);
INSERT INTO Plays(GID, PID) VALUES (1348, 306);
INSERT INTO Plays(GID, PID) VALUES (806, 494);
INSERT INTO Plays(GID, PID) VALUES (513, 351);
INSERT INTO Plays(GID, PID) VALUES (711, 443);
INSERT INTO Plays(GID, PID) VALUES (773, 446);
INSERT INTO Plays(GID, PID) VALUES (1261, 151);
INSERT INTO Plays(GID, PID) VALUES (785, 471);
INSERT INTO Plays(GID, PID) VALUES (530, 459);
INSERT INTO Plays(GID, PID) VALUES (1159, 404);
INSERT INTO Plays(GID, PID) VALUES (167, 339);
INSERT INTO Plays(GID, PID) VALUES (871, 538);
INSERT INTO Plays(GID, PID) VALUES (985, 523);
INSERT INTO Plays(GID, PID) VALUES (853, 434);
INSERT INTO Plays(GID, PID) VALUES (891, 454);
INSERT INTO Plays(GID, PID) VALUES (366, 494);
INSERT INTO Plays(GID, PID) VALUES (572, 219);
INSERT INTO Plays(GID, PID) VALUES (1497, 505);
INSERT INTO Plays(GID, PID) VALUES (796, 357);
INSERT INTO Plays(GID, PID) VALUES (463, 177);
INSERT INTO Plays(GID, PID) VALUES (1329, 386);
INSERT INTO Plays(GID, PID) VALUES (1147, 326);
INSERT INTO Plays(GID, PID) VALUES (502, 378);
INSERT INTO Plays(GID, PID) VALUES (669, 502);
INSERT INTO Plays(GID, PID) VALUES (958, 264);
INSERT INTO Plays(GID, PID) VALUES (1189, 483);
INSERT INTO Plays(GID, PID) VALUES (1322, 351);
INSERT INTO Plays(GID, PID) VALUES (882, 532);
INSERT INTO Plays(GID, PID) VALUES (1164, 244);
INSERT INTO Plays(GID, PID) VALUES (1428, 443);
INSERT INTO Plays(GID, PID) VALUES (1056, 530);
INSERT INTO Plays(GID, PID) VALUES (504, 532);
INSERT INTO Plays(GID, PID) VALUES (1364, 434);
INSERT INTO Plays(GID, PID) VALUES (394, 174);
INSERT INTO Plays(GID, PID) VALUES (687, 174);
INSERT INTO Plays(GID, PID) VALUES (1171, 220);
INSERT INTO Plays(GID, PID) VALUES (1088, 541);
INSERT INTO Plays(GID, PID) VALUES (1034, 235);
INSERT INTO Plays(GID, PID) VALUES (305, 433);
INSERT INTO Plays(GID, PID) VALUES (1403, 445);
INSERT INTO Plays(GID, PID) VALUES (1022, 363);
INSERT INTO Plays(GID, PID) VALUES (1399, 382);
INSERT INTO Plays(GID, PID) VALUES (1014, 263);
INSERT INTO Plays(GID, PID) VALUES (993, 248);
INSERT INTO Plays(GID, PID) VALUES (1407, 125);
INSERT INTO Plays(GID, PID) VALUES (82, 315);
INSERT INTO Plays(GID, PID) VALUES (818, 329);
INSERT INTO Plays(GID, PID) VALUES (91, 184);
INSERT INTO Plays(GID, PID) VALUES (701, 186);
INSERT INTO Plays(GID, PID) VALUES (706, 146);
INSERT INTO Plays(GID, PID) VALUES (731, 355);
INSERT INTO Plays(GID, PID) VALUES (969, 494);
INSERT INTO Plays(GID, PID) VALUES (180, 473);
INSERT INTO Plays(GID, PID) VALUES (943, 512);
INSERT INTO Plays(GID, PID) VALUES (1124, 128);
INSERT INTO Plays(GID, PID) VALUES (1066, 278);
INSERT INTO Plays(GID, PID) VALUES (1309, 76);
INSERT INTO Plays(GID, PID) VALUES (758, 329);
INSERT INTO Plays(GID, PID) VALUES (1142, 249);
INSERT INTO Plays(GID, PID) VALUES (773, 451);
INSERT INTO Plays(GID, PID) VALUES (238, 365);
INSERT INTO Plays(GID, PID) VALUES (1360, 281);
INSERT INTO Plays(GID, PID) VALUES (930, 308);
INSERT INTO Plays(GID, PID) VALUES (997, 492);
INSERT INTO Plays(GID, PID) VALUES (1422, 421);
INSERT INTO Plays(GID, PID) VALUES (244, 441);
INSERT INTO Plays(GID, PID) VALUES (1049, 195);
INSERT INTO Plays(GID, PID) VALUES (1418, 361);
INSERT INTO Plays(GID, PID) VALUES (863, 384);
INSERT INTO Plays(GID, PID) VALUES (1122, 288);
INSERT INTO Plays(GID, PID) VALUES (1110, 512);
INSERT INTO Plays(GID, PID) VALUES (1433, 131);
INSERT INTO Plays(GID, PID) VALUES (982, 298);
INSERT INTO Plays(GID, PID) VALUES (1077, 218);
INSERT INTO Plays(GID, PID) VALUES (1387, 23);
INSERT INTO Plays(GID, PID) VALUES (1012, 479);
INSERT INTO Plays(GID, PID) VALUES (316, 508);
INSERT INTO Plays(GID, PID) VALUES (666, 282);
INSERT INTO Plays(GID, PID) VALUES (453, 355);
INSERT INTO Plays(GID, PID) VALUES (246, 433);
INSERT INTO Plays(GID, PID) VALUES (816, 539);
INSERT INTO Plays(GID, PID) VALUES (507, 125);
INSERT INTO Plays(GID, PID) VALUES (1058, 480);
INSERT INTO Plays(GID, PID) VALUES (798, 24);
INSERT INTO Plays(GID, PID) VALUES (801, 493);
INSERT INTO Plays(GID, PID) VALUES (1269, 497);
INSERT INTO Plays(GID, PID) VALUES (1424, 494);
INSERT INTO Plays(GID, PID) VALUES (540, 427);
INSERT INTO Plays(GID, PID) VALUES (1329, 308);
INSERT INTO Plays(GID, PID) VALUES (856, 435);
INSERT INTO Plays(GID, PID) VALUES (973, 431);
INSERT INTO Plays(GID, PID) VALUES (1069, 479);
INSERT INTO Plays(GID, PID) VALUES (321, 369);
INSERT INTO Plays(GID, PID) VALUES (1419, 455);
INSERT INTO Plays(GID, PID) VALUES (872, 200);
INSERT INTO Plays(GID, PID) VALUES (522, 520);
INSERT INTO Plays(GID, PID) VALUES (1481, 432);
INSERT INTO Plays(GID, PID) VALUES (965, 263);
INSERT INTO Plays(GID, PID) VALUES (731, 370);
INSERT INTO Plays(GID, PID) VALUES (807, 452);
INSERT INTO Plays(GID, PID) VALUES (1095, 392);
INSERT INTO Plays(GID, PID) VALUES (886, 543);
INSERT INTO Plays(GID, PID) VALUES (1183, 355);
INSERT INTO Plays(GID, PID) VALUES (1301, 375);
INSERT INTO Plays(GID, PID) VALUES (516, 343);
INSERT INTO Plays(GID, PID) VALUES (252, 146);
INSERT INTO Plays(GID, PID) VALUES (1386, 398);
INSERT INTO Plays(GID, PID) VALUES (1504, 397);
INSERT INTO Plays(GID, PID) VALUES (729, 514);
INSERT INTO Plays(GID, PID) VALUES (262, 512);
INSERT INTO Plays(GID, PID) VALUES (1349, 411);
INSERT INTO Plays(GID, PID) VALUES (676, 211);
INSERT INTO Plays(GID, PID) VALUES (933, 478);
INSERT INTO Plays(GID, PID) VALUES (731, 426);
INSERT INTO Plays(GID, PID) VALUES (833, 428);
INSERT INTO Plays(GID, PID) VALUES (563, 393);
INSERT INTO Plays(GID, PID) VALUES (1089, 497);
INSERT INTO Plays(GID, PID) VALUES (772, 379);
INSERT INTO Plays(GID, PID) VALUES (1477, 204);
INSERT INTO Plays(GID, PID) VALUES (1105, 58);
INSERT INTO Plays(GID, PID) VALUES (435, 155);
INSERT INTO Plays(GID, PID) VALUES (1183, 410);
INSERT INTO Plays(GID, PID) VALUES (479, 525);
INSERT INTO Plays(GID, PID) VALUES (1367, 427);
INSERT INTO Plays(GID, PID) VALUES (1069, 315);
INSERT INTO Plays(GID, PID) VALUES (1433, 503);
INSERT INTO Plays(GID, PID) VALUES (125, 302);
INSERT INTO Plays(GID, PID) VALUES (430, 180);
INSERT INTO Plays(GID, PID) VALUES (1280, 340);
INSERT INTO Plays(GID, PID) VALUES (170, 307);
INSERT INTO Plays(GID, PID) VALUES (1381, 94);
INSERT INTO Plays(GID, PID) VALUES (1401, 212);
INSERT INTO Plays(GID, PID) VALUES (1204, 329);
INSERT INTO Plays(GID, PID) VALUES (1073, 196);
INSERT INTO Plays(GID, PID) VALUES (566, 423);
INSERT INTO Plays(GID, PID) VALUES (1247, 119);
INSERT INTO Plays(GID, PID) VALUES (1181, 258);
INSERT INTO Plays(GID, PID) VALUES (595, 300);
INSERT INTO Plays(GID, PID) VALUES (1445, 460);
INSERT INTO Plays(GID, PID) VALUES (350, 539);
INSERT INTO Plays(GID, PID) VALUES (1378, 355);
INSERT INTO Plays(GID, PID) VALUES (1292, 533);
INSERT INTO Plays(GID, PID) VALUES (403, 500);
INSERT INTO Plays(GID, PID) VALUES (733, 492);
INSERT INTO Plays(GID, PID) VALUES (558, 485);
INSERT INTO Plays(GID, PID) VALUES (1367, 272);
INSERT INTO Plays(GID, PID) VALUES (955, 538);
INSERT INTO Plays(GID, PID) VALUES (886, 452);
INSERT INTO Plays(GID, PID) VALUES (1364, 114);
INSERT INTO Plays(GID, PID) VALUES (1212, 503);
INSERT INTO Plays(GID, PID) VALUES (1430, 534);
INSERT INTO Plays(GID, PID) VALUES (654, 315);
INSERT INTO Plays(GID, PID) VALUES (1205, 392);
INSERT INTO Plays(GID, PID) VALUES (734, 319);
INSERT INTO Plays(GID, PID) VALUES (862, 408);
INSERT INTO Plays(GID, PID) VALUES (1499, 294);
INSERT INTO Plays(GID, PID) VALUES (758, 222);
INSERT INTO Plays(GID, PID) VALUES (165, 464);
INSERT INTO Plays(GID, PID) VALUES (1115, 310);
INSERT INTO Plays(GID, PID) VALUES (524, 271);
INSERT INTO Plays(GID, PID) VALUES (1063, 451);
INSERT INTO Plays(GID, PID) VALUES (1230, 529);
INSERT INTO Plays(GID, PID) VALUES (1203, 516);
INSERT INTO Plays(GID, PID) VALUES (1465, 66);
INSERT INTO Plays(GID, PID) VALUES (1404, 369);
INSERT INTO Plays(GID, PID) VALUES (981, 420);
INSERT INTO Plays(GID, PID) VALUES (1454, 478);
INSERT INTO Plays(GID, PID) VALUES (816, 426);
INSERT INTO Plays(GID, PID) VALUES (1474, 412);
INSERT INTO Plays(GID, PID) VALUES (563, 396);
INSERT INTO Plays(GID, PID) VALUES (1366, 292);
INSERT INTO Plays(GID, PID) VALUES (1015, 198);
INSERT INTO Plays(GID, PID) VALUES (1398, 152);
INSERT INTO Plays(GID, PID) VALUES (956, 371);
INSERT INTO Plays(GID, PID) VALUES (1274, 349);
INSERT INTO Plays(GID, PID) VALUES (476, 394);
INSERT INTO Plays(GID, PID) VALUES (1034, 253);
INSERT INTO Plays(GID, PID) VALUES (520, 476);
INSERT INTO Plays(GID, PID) VALUES (1331, 182);
INSERT INTO Plays(GID, PID) VALUES (1139, 141);
INSERT INTO Plays(GID, PID) VALUES (1226, 439);
INSERT INTO Plays(GID, PID) VALUES (983, 543);
INSERT INTO Plays(GID, PID) VALUES (1179, 420);
INSERT INTO Plays(GID, PID) VALUES (626, 462);
INSERT INTO Plays(GID, PID) VALUES (757, 412);
INSERT INTO Plays(GID, PID) VALUES (1397, 304);
INSERT INTO Plays(GID, PID) VALUES (1005, 151);
INSERT INTO Plays(GID, PID) VALUES (593, 306);
INSERT INTO Plays(GID, PID) VALUES (1333, 302);
INSERT INTO Plays(GID, PID) VALUES (1279, 407);
INSERT INTO Plays(GID, PID) VALUES (439, 385);
INSERT INTO Plays(GID, PID) VALUES (1275, 493);
INSERT INTO Plays(GID, PID) VALUES (1156, 406);
INSERT INTO Plays(GID, PID) VALUES (1231, 497);
INSERT INTO Plays(GID, PID) VALUES (1431, 332);
INSERT INTO Plays(GID, PID) VALUES (248, 268);
INSERT INTO Plays(GID, PID) VALUES (741, 410);
INSERT INTO Plays(GID, PID) VALUES (615, 366);
INSERT INTO Plays(GID, PID) VALUES (631, 503);
INSERT INTO Plays(GID, PID) VALUES (988, 317);
INSERT INTO Plays(GID, PID) VALUES (1216, 356);
INSERT INTO Plays(GID, PID) VALUES (1071, 294);
INSERT INTO Plays(GID, PID) VALUES (1177, 171);
INSERT INTO Plays(GID, PID) VALUES (963, 442);
INSERT INTO Plays(GID, PID) VALUES (709, 342);
INSERT INTO Plays(GID, PID) VALUES (1426, 197);
INSERT INTO Plays(GID, PID) VALUES (1470, 301);
INSERT INTO Plays(GID, PID) VALUES (1400, 427);
INSERT INTO Plays(GID, PID) VALUES (1015, 401);
INSERT INTO Plays(GID, PID) VALUES (1442, 398);
INSERT INTO Plays(GID, PID) VALUES (1328, 326);
INSERT INTO Plays(GID, PID) VALUES (1451, 529);
INSERT INTO Plays(GID, PID) VALUES (953, 80);
INSERT INTO Plays(GID, PID) VALUES (1410, 169);
INSERT INTO Plays(GID, PID) VALUES (994, 413);
INSERT INTO Plays(GID, PID) VALUES (124, 302);
INSERT INTO Plays(GID, PID) VALUES (1169, 163);
INSERT INTO Plays(GID, PID) VALUES (656, 390);
INSERT INTO Plays(GID, PID) VALUES (632, 252);
INSERT INTO Plays(GID, PID) VALUES (1178, 421);
INSERT INTO Plays(GID, PID) VALUES (1287, 343);
INSERT INTO Plays(GID, PID) VALUES (1265, 389);
INSERT INTO Plays(GID, PID) VALUES (540, 450);
INSERT INTO Plays(GID, PID) VALUES (725, 411);
INSERT INTO Plays(GID, PID) VALUES (495, 415);
INSERT INTO Plays(GID, PID) VALUES (1462, 211);
INSERT INTO Plays(GID, PID) VALUES (470, 512);
INSERT INTO Plays(GID, PID) VALUES (1435, 508);
INSERT INTO Plays(GID, PID) VALUES (1482, 384);
INSERT INTO Plays(GID, PID) VALUES (415, 482);
INSERT INTO Plays(GID, PID) VALUES (471, 347);
INSERT INTO Plays(GID, PID) VALUES (1061, 156);
INSERT INTO Plays(GID, PID) VALUES (1163, 455);
INSERT INTO Plays(GID, PID) VALUES (1442, 451);
INSERT INTO Plays(GID, PID) VALUES (807, 478);
INSERT INTO Plays(GID, PID) VALUES (626, 396);
INSERT INTO Plays(GID, PID) VALUES (314, 76);
INSERT INTO Plays(GID, PID) VALUES (1264, 510);
INSERT INTO Plays(GID, PID) VALUES (1012, 225);
INSERT INTO Plays(GID, PID) VALUES (1309, 527);
INSERT INTO Plays(GID, PID) VALUES (451, 407);
INSERT INTO Plays(GID, PID) VALUES (1007, 455);
INSERT INTO Plays(GID, PID) VALUES (1140, 235);
INSERT INTO Plays(GID, PID) VALUES (1247, 325);
INSERT INTO Plays(GID, PID) VALUES (574, 401);
INSERT INTO Plays(GID, PID) VALUES (1468, 475);
INSERT INTO Plays(GID, PID) VALUES (1384, 268);
INSERT INTO Plays(GID, PID) VALUES (1464, 364);
INSERT INTO Plays(GID, PID) VALUES (558, 362);
INSERT INTO Plays(GID, PID) VALUES (702, 506);
INSERT INTO Plays(GID, PID) VALUES (948, 354);
INSERT INTO Plays(GID, PID) VALUES (1004, 340);
INSERT INTO Plays(GID, PID) VALUES (783, 360);
INSERT INTO Plays(GID, PID) VALUES (1178, 212);
INSERT INTO Plays(GID, PID) VALUES (452, 462);
INSERT INTO Plays(GID, PID) VALUES (803, 330);
INSERT INTO Plays(GID, PID) VALUES (399, 231);
INSERT INTO Plays(GID, PID) VALUES (913, 465);
INSERT INTO Plays(GID, PID) VALUES (454, 436);
INSERT INTO Plays(GID, PID) VALUES (655, 128);
INSERT INTO Plays(GID, PID) VALUES (1361, 264);
INSERT INTO Plays(GID, PID) VALUES (1043, 205);
INSERT INTO Plays(GID, PID) VALUES (1158, 443);
INSERT INTO Plays(GID, PID) VALUES (497, 355);
INSERT INTO Plays(GID, PID) VALUES (814, 464);
INSERT INTO Plays(GID, PID) VALUES (593, 311);
INSERT INTO Plays(GID, PID) VALUES (1275, 451);
INSERT INTO Plays(GID, PID) VALUES (542, 421);
INSERT INTO Plays(GID, PID) VALUES (1306, 540);
INSERT INTO Plays(GID, PID) VALUES (1270, 468);
INSERT INTO Plays(GID, PID) VALUES (504, 499);
INSERT INTO Plays(GID, PID) VALUES (235, 543);
INSERT INTO Plays(GID, PID) VALUES (1287, 232);
INSERT INTO Plays(GID, PID) VALUES (1369, 340);
INSERT INTO Plays(GID, PID) VALUES (1007, 493);
INSERT INTO Plays(GID, PID) VALUES (367, 72);
INSERT INTO Plays(GID, PID) VALUES (601, 281);
INSERT INTO Plays(GID, PID) VALUES (1453, 400);
INSERT INTO Plays(GID, PID) VALUES (1480, 471);
INSERT INTO Plays(GID, PID) VALUES (1044, 110);
INSERT INTO Plays(GID, PID) VALUES (913, 278);
INSERT INTO Plays(GID, PID) VALUES (1467, 434);
INSERT INTO Plays(GID, PID) VALUES (735, 159);
INSERT INTO Plays(GID, PID) VALUES (412, 154);
INSERT INTO Plays(GID, PID) VALUES (1366, 541);
INSERT INTO Plays(GID, PID) VALUES (1376, 482);
INSERT INTO Plays(GID, PID) VALUES (1334, 526);
INSERT INTO Plays(GID, PID) VALUES (519, 504);
INSERT INTO Plays(GID, PID) VALUES (757, 391);
INSERT INTO Plays(GID, PID) VALUES (877, 529);
INSERT INTO Plays(GID, PID) VALUES (1477, 455);
INSERT INTO Plays(GID, PID) VALUES (1480, 343);
INSERT INTO Plays(GID, PID) VALUES (1459, 191);
INSERT INTO Plays(GID, PID) VALUES (1408, 516);
INSERT INTO Plays(GID, PID) VALUES (1460, 518);
INSERT INTO Plays(GID, PID) VALUES (620, 325);
INSERT INTO Plays(GID, PID) VALUES (1501, 303);
INSERT INTO Plays(GID, PID) VALUES (947, 189);
INSERT INTO Plays(GID, PID) VALUES (676, 263);
INSERT INTO Plays(GID, PID) VALUES (715, 373);
INSERT INTO Plays(GID, PID) VALUES (767, 87);
INSERT INTO Plays(GID, PID) VALUES (1476, 135);
INSERT INTO Plays(GID, PID) VALUES (1445, 116);
INSERT INTO Plays(GID, PID) VALUES (1129, 155);
INSERT INTO Plays(GID, PID) VALUES (253, 227);
INSERT INTO Plays(GID, PID) VALUES (1409, 517);
INSERT INTO Plays(GID, PID) VALUES (829, 542);
INSERT INTO Plays(GID, PID) VALUES (514, 500);
INSERT INTO Plays(GID, PID) VALUES (1299, 268);
INSERT INTO Plays(GID, PID) VALUES (588, 541);
INSERT INTO Plays(GID, PID) VALUES (890, 451);
INSERT INTO Plays(GID, PID) VALUES (1503, 309);
INSERT INTO Plays(GID, PID) VALUES (1002, 319);
INSERT INTO Plays(GID, PID) VALUES (1144, 341);
INSERT INTO Plays(GID, PID) VALUES (1401, 437);
INSERT INTO Plays(GID, PID) VALUES (1233, 487);
INSERT INTO Plays(GID, PID) VALUES (1400, 193);
INSERT INTO Plays(GID, PID) VALUES (626, 433);
INSERT INTO Plays(GID, PID) VALUES (1273, 483);
INSERT INTO Plays(GID, PID) VALUES (1477, 466);
INSERT INTO Plays(GID, PID) VALUES (1291, 498);
INSERT INTO Plays(GID, PID) VALUES (1246, 528);
INSERT INTO Plays(GID, PID) VALUES (653, 502);
INSERT INTO Plays(GID, PID) VALUES (1384, 357);
INSERT INTO Plays(GID, PID) VALUES (520, 318);
INSERT INTO Plays(GID, PID) VALUES (1227, 240);
INSERT INTO Plays(GID, PID) VALUES (1106, 186);
INSERT INTO Plays(GID, PID) VALUES (1077, 179);
INSERT INTO Plays(GID, PID) VALUES (1307, 188);
INSERT INTO Plays(GID, PID) VALUES (1446, 335);
INSERT INTO Plays(GID, PID) VALUES (1071, 355);
INSERT INTO Plays(GID, PID) VALUES (372, 483);
INSERT INTO Plays(GID, PID) VALUES (1145, 448);
INSERT INTO Plays(GID, PID) VALUES (971, 479);
INSERT INTO Plays(GID, PID) VALUES (1086, 401);
INSERT INTO Plays(GID, PID) VALUES (933, 130);
INSERT INTO Plays(GID, PID) VALUES (61, 276);
INSERT INTO Plays(GID, PID) VALUES (502, 144);
INSERT INTO Plays(GID, PID) VALUES (1066, 237);
INSERT INTO Plays(GID, PID) VALUES (1097, 532);
INSERT INTO Plays(GID, PID) VALUES (589, 428);
INSERT INTO Plays(GID, PID) VALUES (1293, 241);
INSERT INTO Plays(GID, PID) VALUES (832, 453);
INSERT INTO Plays(GID, PID) VALUES (1357, 272);
INSERT INTO Plays(GID, PID) VALUES (1195, 134);
INSERT INTO Plays(GID, PID) VALUES (1051, 467);
INSERT INTO Plays(GID, PID) VALUES (1094, 201);
INSERT INTO Plays(GID, PID) VALUES (1360, 403);
INSERT INTO Plays(GID, PID) VALUES (859, 178);
INSERT INTO Plays(GID, PID) VALUES (1214, 262);
INSERT INTO Plays(GID, PID) VALUES (811, 500);
INSERT INTO Plays(GID, PID) VALUES (488, 103);
INSERT INTO Plays(GID, PID) VALUES (491, 294);
INSERT INTO Plays(GID, PID) VALUES (1045, 253);
INSERT INTO Plays(GID, PID) VALUES (628, 424);
INSERT INTO Plays(GID, PID) VALUES (721, 66);
INSERT INTO Plays(GID, PID) VALUES (693, 311);
INSERT INTO Plays(GID, PID) VALUES (220, 535);
INSERT INTO Plays(GID, PID) VALUES (706, 391);
INSERT INTO Plays(GID, PID) VALUES (1145, 497);
INSERT INTO Plays(GID, PID) VALUES (1139, 501);
INSERT INTO Plays(GID, PID) VALUES (1496, 140);
INSERT INTO Plays(GID, PID) VALUES (1181, 173);
INSERT INTO Plays(GID, PID) VALUES (689, 488);
INSERT INTO Plays(GID, PID) VALUES (300, 528);
INSERT INTO Plays(GID, PID) VALUES (1337, 504);
INSERT INTO Plays(GID, PID) VALUES (1425, 312);
INSERT INTO Plays(GID, PID) VALUES (1187, 514);
INSERT INTO Plays(GID, PID) VALUES (503, 34);
INSERT INTO Plays(GID, PID) VALUES (1177, 176);
INSERT INTO Plays(GID, PID) VALUES (523, 291);
INSERT INTO Plays(GID, PID) VALUES (1178, 499);
INSERT INTO Plays(GID, PID) VALUES (1355, 313);
INSERT INTO Plays(GID, PID) VALUES (1388, 433);
INSERT INTO Plays(GID, PID) VALUES (1031, 95);
INSERT INTO Plays(GID, PID) VALUES (1413, 356);
INSERT INTO Plays(GID, PID) VALUES (1060, 112);
INSERT INTO Plays(GID, PID) VALUES (572, 507);
INSERT INTO Plays(GID, PID) VALUES (1238, 182);
INSERT INTO Plays(GID, PID) VALUES (354, 323);
INSERT INTO Plays(GID, PID) VALUES (698, 460);
INSERT INTO Plays(GID, PID) VALUES (329, 500);
INSERT INTO Plays(GID, PID) VALUES (1295, 183);
INSERT INTO Plays(GID, PID) VALUES (515, 445);
INSERT INTO Plays(GID, PID) VALUES (1326, 502);
INSERT INTO Plays(GID, PID) VALUES (561, 464);
INSERT INTO Plays(GID, PID) VALUES (1137, 515);
INSERT INTO Plays(GID, PID) VALUES (722, 471);
INSERT INTO Plays(GID, PID) VALUES (937, 336);
INSERT INTO Plays(GID, PID) VALUES (967, 155);
INSERT INTO Plays(GID, PID) VALUES (1075, 503);
INSERT INTO Plays(GID, PID) VALUES (1428, 295);
INSERT INTO Plays(GID, PID) VALUES (615, 48);
INSERT INTO Plays(GID, PID) VALUES (523, 116);
INSERT INTO Plays(GID, PID) VALUES (951, 500);
INSERT INTO Plays(GID, PID) VALUES (1128, 228);
INSERT INTO Plays(GID, PID) VALUES (223, 426);
INSERT INTO Plays(GID, PID) VALUES (1284, 425);
INSERT INTO Plays(GID, PID) VALUES (798, 475);
INSERT INTO Plays(GID, PID) VALUES (1180, 500);
INSERT INTO Plays(GID, PID) VALUES (1141, 131);
INSERT INTO Plays(GID, PID) VALUES (1471, 472);
INSERT INTO Plays(GID, PID) VALUES (1071, 208);
INSERT INTO Plays(GID, PID) VALUES (1095, 234);
INSERT INTO Plays(GID, PID) VALUES (778, 514);
INSERT INTO Plays(GID, PID) VALUES (1305, 528);
INSERT INTO Plays(GID, PID) VALUES (736, 479);
INSERT INTO Plays(GID, PID) VALUES (1334, 439);
INSERT INTO Plays(GID, PID) VALUES (1258, 346);
INSERT INTO Plays(GID, PID) VALUES (755, 518);
INSERT INTO Plays(GID, PID) VALUES (437, 171);
INSERT INTO Plays(GID, PID) VALUES (1272, 491);
INSERT INTO Plays(GID, PID) VALUES (981, 177);
INSERT INTO Plays(GID, PID) VALUES (1403, 362);
INSERT INTO Plays(GID, PID) VALUES (810, 457);
INSERT INTO Plays(GID, PID) VALUES (1316, 378);
INSERT INTO Plays(GID, PID) VALUES (736, 506);
INSERT INTO Plays(GID, PID) VALUES (171, 461);
INSERT INTO Plays(GID, PID) VALUES (1433, 470);
INSERT INTO Plays(GID, PID) VALUES (1205, 400);
INSERT INTO Plays(GID, PID) VALUES (1049, 227);
INSERT INTO Plays(GID, PID) VALUES (1469, 341);
INSERT INTO Plays(GID, PID) VALUES (330, 463);
INSERT INTO Plays(GID, PID) VALUES (547, 467);
INSERT INTO Plays(GID, PID) VALUES (1210, 470);
INSERT INTO Plays(GID, PID) VALUES (1385, 337);
INSERT INTO Plays(GID, PID) VALUES (671, 465);
INSERT INTO Plays(GID, PID) VALUES (1377, 407);
INSERT INTO Plays(GID, PID) VALUES (116, 429);
INSERT INTO Plays(GID, PID) VALUES (866, 457);
INSERT INTO Plays(GID, PID) VALUES (659, 295);
INSERT INTO Plays(GID, PID) VALUES (604, 169);
INSERT INTO Plays(GID, PID) VALUES (1361, 357);
INSERT INTO Plays(GID, PID) VALUES (635, 227);
INSERT INTO Plays(GID, PID) VALUES (1274, 463);
INSERT INTO Plays(GID, PID) VALUES (1427, 492);
INSERT INTO Plays(GID, PID) VALUES (696, 245);
INSERT INTO Plays(GID, PID) VALUES (1158, 278);
INSERT INTO Plays(GID, PID) VALUES (150, 135);
INSERT INTO Plays(GID, PID) VALUES (1005, 266);
INSERT INTO Plays(GID, PID) VALUES (1483, 503);
INSERT INTO Plays(GID, PID) VALUES (974, 436);
INSERT INTO Plays(GID, PID) VALUES (781, 489);
INSERT INTO Plays(GID, PID) VALUES (1081, 354);
INSERT INTO Plays(GID, PID) VALUES (1278, 421);
INSERT INTO Plays(GID, PID) VALUES (1257, 458);
INSERT INTO Plays(GID, PID) VALUES (564, 511);
INSERT INTO Plays(GID, PID) VALUES (360, 390);
INSERT INTO Plays(GID, PID) VALUES (739, 307);
INSERT INTO Plays(GID, PID) VALUES (559, 478);
INSERT INTO Plays(GID, PID) VALUES (1488, 204);
INSERT INTO Plays(GID, PID) VALUES (1500, 322);
INSERT INTO Plays(GID, PID) VALUES (1179, 518);
INSERT INTO Plays(GID, PID) VALUES (1482, 416);
INSERT INTO Plays(GID, PID) VALUES (1368, 429);
INSERT INTO Plays(GID, PID) VALUES (1044, 350);
INSERT INTO Plays(GID, PID) VALUES (371, 486);
INSERT INTO Plays(GID, PID) VALUES (1173, 516);
INSERT INTO Plays(GID, PID) VALUES (860, 312);
INSERT INTO Plays(GID, PID) VALUES (1452, 192);
INSERT INTO Plays(GID, PID) VALUES (1374, 118);
INSERT INTO Plays(GID, PID) VALUES (1451, 431);
INSERT INTO Plays(GID, PID) VALUES (575, 536);
INSERT INTO Plays(GID, PID) VALUES (814, 540);
INSERT INTO Plays(GID, PID) VALUES (1314, 338);
INSERT INTO Plays(GID, PID) VALUES (1094, 357);
INSERT INTO Plays(GID, PID) VALUES (1332, 468);
INSERT INTO Plays(GID, PID) VALUES (1212, 393);
INSERT INTO Plays(GID, PID) VALUES (500, 343);
INSERT INTO Plays(GID, PID) VALUES (227, 428);
INSERT INTO Plays(GID, PID) VALUES (281, 526);
INSERT INTO Plays(GID, PID) VALUES (1291, 386);
INSERT INTO Plays(GID, PID) VALUES (959, 168);
INSERT INTO Plays(GID, PID) VALUES (983, 319);
INSERT INTO Plays(GID, PID) VALUES (1030, 465);
INSERT INTO Plays(GID, PID) VALUES (1329, 325);
INSERT INTO Plays(GID, PID) VALUES (1496, 299);
INSERT INTO Plays(GID, PID) VALUES (791, 458);
INSERT INTO Plays(GID, PID) VALUES (1258, 200);
INSERT INTO Plays(GID, PID) VALUES (1088, 410);
INSERT INTO Plays(GID, PID) VALUES (16, 369);
INSERT INTO Plays(GID, PID) VALUES (679, 124);
INSERT INTO Plays(GID, PID) VALUES (1142, 481);
INSERT INTO Plays(GID, PID) VALUES (641, 502);
INSERT INTO Plays(GID, PID) VALUES (1034, 450);
INSERT INTO Plays(GID, PID) VALUES (1189, 246);
INSERT INTO Plays(GID, PID) VALUES (1267, 387);
INSERT INTO Plays(GID, PID) VALUES (1169, 326);
INSERT INTO Plays(GID, PID) VALUES (1262, 184);
INSERT INTO Plays(GID, PID) VALUES (1386, 95);
INSERT INTO Plays(GID, PID) VALUES (939, 226);
INSERT INTO Plays(GID, PID) VALUES (1037, 431);
INSERT INTO Plays(GID, PID) VALUES (877, 334);
INSERT INTO Plays(GID, PID) VALUES (1079, 471);
INSERT INTO Plays(GID, PID) VALUES (851, 107);
INSERT INTO Plays(GID, PID) VALUES (1065, 106);
INSERT INTO Plays(GID, PID) VALUES (452, 307);
INSERT INTO Plays(GID, PID) VALUES (485, 456);
INSERT INTO Plays(GID, PID) VALUES (1124, 444);
INSERT INTO Plays(GID, PID) VALUES (894, 290);
INSERT INTO Plays(GID, PID) VALUES (1053, 95);
INSERT INTO Plays(GID, PID) VALUES (1104, 537);
INSERT INTO Plays(GID, PID) VALUES (874, 243);
INSERT INTO Plays(GID, PID) VALUES (844, 205);
INSERT INTO Plays(GID, PID) VALUES (625, 111);
INSERT INTO Plays(GID, PID) VALUES (696, 219);
INSERT INTO Plays(GID, PID) VALUES (1339, 408);
INSERT INTO Plays(GID, PID) VALUES (1460, 451);
INSERT INTO Plays(GID, PID) VALUES (998, 197);
INSERT INTO Plays(GID, PID) VALUES (621, 367);
INSERT INTO Plays(GID, PID) VALUES (1058, 474);
INSERT INTO Plays(GID, PID) VALUES (429, 445);
INSERT INTO Plays(GID, PID) VALUES (923, 416);
INSERT INTO Plays(GID, PID) VALUES (755, 234);
INSERT INTO Plays(GID, PID) VALUES (1032, 526);
INSERT INTO Plays(GID, PID) VALUES (1478, 423);
INSERT INTO Plays(GID, PID) VALUES (1148, 533);
INSERT INTO Plays(GID, PID) VALUES (603, 386);
INSERT INTO Plays(GID, PID) VALUES (1209, 521);
INSERT INTO Plays(GID, PID) VALUES (1475, 375);
INSERT INTO Plays(GID, PID) VALUES (1203, 492);
INSERT INTO Plays(GID, PID) VALUES (930, 228);
INSERT INTO Plays(GID, PID) VALUES (1400, 357);
INSERT INTO Plays(GID, PID) VALUES (1129, 309);
INSERT INTO Plays(GID, PID) VALUES (1329, 300);
INSERT INTO Plays(GID, PID) VALUES (389, 465);
INSERT INTO Plays(GID, PID) VALUES (958, 285);
INSERT INTO Plays(GID, PID) VALUES (1396, 209);
INSERT INTO Plays(GID, PID) VALUES (869, 481);
INSERT INTO Plays(GID, PID) VALUES (1274, 182);
INSERT INTO Plays(GID, PID) VALUES (1274, 487);
INSERT INTO Plays(GID, PID) VALUES (1317, 449);
INSERT INTO Plays(GID, PID) VALUES (650, 297);
INSERT INTO Plays(GID, PID) VALUES (705, 523);
INSERT INTO Plays(GID, PID) VALUES (954, 496);
INSERT INTO Plays(GID, PID) VALUES (1215, 231);
INSERT INTO Plays(GID, PID) VALUES (899, 111);
INSERT INTO Plays(GID, PID) VALUES (1034, 100);
INSERT INTO Plays(GID, PID) VALUES (900, 256);
INSERT INTO Plays(GID, PID) VALUES (1094, 102);
INSERT INTO Plays(GID, PID) VALUES (1319, 202);
INSERT INTO Plays(GID, PID) VALUES (968, 419);
INSERT INTO Plays(GID, PID) VALUES (1298, 227);
INSERT INTO Plays(GID, PID) VALUES (1471, 285);
INSERT INTO Plays(GID, PID) VALUES (936, 151);
INSERT INTO Plays(GID, PID) VALUES (1413, 446);
INSERT INTO Plays(GID, PID) VALUES (897, 175);
INSERT INTO Plays(GID, PID) VALUES (956, 437);
INSERT INTO Plays(GID, PID) VALUES (1141, 400);
INSERT INTO Plays(GID, PID) VALUES (921, 429);
INSERT INTO Plays(GID, PID) VALUES (1349, 537);
INSERT INTO Plays(GID, PID) VALUES (209, 89);
INSERT INTO Plays(GID, PID) VALUES (372, 218);
INSERT INTO Plays(GID, PID) VALUES (932, 381);
INSERT INTO Plays(GID, PID) VALUES (1093, 352);
INSERT INTO Plays(GID, PID) VALUES (1124, 519);
INSERT INTO Plays(GID, PID) VALUES (1073, 296);
INSERT INTO Plays(GID, PID) VALUES (1033, 536);
INSERT INTO Plays(GID, PID) VALUES (747, 273);
INSERT INTO Plays(GID, PID) VALUES (864, 355);
INSERT INTO Plays(GID, PID) VALUES (477, 432);
INSERT INTO Plays(GID, PID) VALUES (1292, 250);
INSERT INTO Plays(GID, PID) VALUES (1396, 367);
INSERT INTO Plays(GID, PID) VALUES (1504, 204);
INSERT INTO Plays(GID, PID) VALUES (1316, 358);
INSERT INTO Plays(GID, PID) VALUES (967, 332);
INSERT INTO Plays(GID, PID) VALUES (953, 410);
INSERT INTO Plays(GID, PID) VALUES (1287, 357);
INSERT INTO Plays(GID, PID) VALUES (1446, 370);
INSERT INTO Plays(GID, PID) VALUES (1413, 185);
INSERT INTO Plays(GID, PID) VALUES (254, 365);
INSERT INTO Plays(GID, PID) VALUES (1302, 360);
INSERT INTO Plays(GID, PID) VALUES (965, 398);
INSERT INTO Plays(GID, PID) VALUES (1337, 255);
INSERT INTO Plays(GID, PID) VALUES (1211, 441);
INSERT INTO Plays(GID, PID) VALUES (812, 188);
INSERT INTO Plays(GID, PID) VALUES (867, 470);
INSERT INTO Plays(GID, PID) VALUES (680, 93);
INSERT INTO Plays(GID, PID) VALUES (622, 238);
INSERT INTO Plays(GID, PID) VALUES (1192, 245);
INSERT INTO Plays(GID, PID) VALUES (1143, 526);
INSERT INTO Plays(GID, PID) VALUES (1070, 110);
INSERT INTO Plays(GID, PID) VALUES (1035, 538);
INSERT INTO Plays(GID, PID) VALUES (1000, 265);
INSERT INTO Plays(GID, PID) VALUES (894, 343);
INSERT INTO Plays(GID, PID) VALUES (1387, 309);
INSERT INTO Plays(GID, PID) VALUES (1315, 336);
INSERT INTO Plays(GID, PID) VALUES (1442, 420);
INSERT INTO Plays(GID, PID) VALUES (1362, 227);
INSERT INTO Plays(GID, PID) VALUES (1374, 458);
INSERT INTO Plays(GID, PID) VALUES (1370, 371);
INSERT INTO Plays(GID, PID) VALUES (698, 192);
INSERT INTO Plays(GID, PID) VALUES (592, 218);
INSERT INTO Plays(GID, PID) VALUES (895, 352);
INSERT INTO Plays(GID, PID) VALUES (1188, 310);
INSERT INTO Plays(GID, PID) VALUES (771, 539);
INSERT INTO Plays(GID, PID) VALUES (230, 243);
INSERT INTO Plays(GID, PID) VALUES (637, 477);
INSERT INTO Plays(GID, PID) VALUES (121, 383);
INSERT INTO Plays(GID, PID) VALUES (1423, 428);
INSERT INTO Plays(GID, PID) VALUES (1463, 326);
INSERT INTO Plays(GID, PID) VALUES (1296, 469);
INSERT INTO Plays(GID, PID) VALUES (881, 457);
INSERT INTO Plays(GID, PID) VALUES (1415, 442);
INSERT INTO Plays(GID, PID) VALUES (915, 219);
INSERT INTO Plays(GID, PID) VALUES (1193, 460);
INSERT INTO Plays(GID, PID) VALUES (1382, 242);
INSERT INTO Plays(GID, PID) VALUES (902, 499);
INSERT INTO Plays(GID, PID) VALUES (774, 543);
INSERT INTO Plays(GID, PID) VALUES (857, 459);
INSERT INTO Plays(GID, PID) VALUES (1255, 512);
INSERT INTO Plays(GID, PID) VALUES (448, 416);
INSERT INTO Plays(GID, PID) VALUES (897, 461);
INSERT INTO Plays(GID, PID) VALUES (700, 281);
INSERT INTO Plays(GID, PID) VALUES (1419, 327);
INSERT INTO Plays(GID, PID) VALUES (1279, 181);
INSERT INTO Plays(GID, PID) VALUES (1392, 497);
INSERT INTO Plays(GID, PID) VALUES (1109, 370);
INSERT INTO Plays(GID, PID) VALUES (532, 242);
INSERT INTO Plays(GID, PID) VALUES (904, 355);
INSERT INTO Plays(GID, PID) VALUES (574, 382);
INSERT INTO Plays(GID, PID) VALUES (1253, 541);
INSERT INTO Plays(GID, PID) VALUES (1375, 540);
INSERT INTO Plays(GID, PID) VALUES (1495, 125);
INSERT INTO Plays(GID, PID) VALUES (1318, 171);
INSERT INTO Plays(GID, PID) VALUES (1495, 303);
INSERT INTO Plays(GID, PID) VALUES (1426, 370);
INSERT INTO Plays(GID, PID) VALUES (645, 150);
INSERT INTO Plays(GID, PID) VALUES (883, 274);
INSERT INTO Plays(GID, PID) VALUES (1181, 344);
INSERT INTO Plays(GID, PID) VALUES (1077, 263);
INSERT INTO Plays(GID, PID) VALUES (395, 316);
INSERT INTO Plays(GID, PID) VALUES (1348, 329);
INSERT INTO Plays(GID, PID) VALUES (1133, 425);
INSERT INTO Plays(GID, PID) VALUES (301, 524);
INSERT INTO Plays(GID, PID) VALUES (978, 524);
INSERT INTO Plays(GID, PID) VALUES (1442, 234);
INSERT INTO Plays(GID, PID) VALUES (628, 185);
INSERT INTO Plays(GID, PID) VALUES (621, 472);
INSERT INTO Plays(GID, PID) VALUES (1391, 218);
INSERT INTO Plays(GID, PID) VALUES (1034, 526);
INSERT INTO Plays(GID, PID) VALUES (954, 499);
INSERT INTO Plays(GID, PID) VALUES (1442, 331);
INSERT INTO Plays(GID, PID) VALUES (1190, 416);
INSERT INTO Plays(GID, PID) VALUES (1495, 279);
INSERT INTO Plays(GID, PID) VALUES (1061, 267);
INSERT INTO Plays(GID, PID) VALUES (1147, 384);
INSERT INTO Plays(GID, PID) VALUES (1401, 409);
INSERT INTO Plays(GID, PID) VALUES (637, 337);
INSERT INTO Plays(GID, PID) VALUES (840, 358);
INSERT INTO Plays(GID, PID) VALUES (905, 254);
INSERT INTO Plays(GID, PID) VALUES (958, 466);
INSERT INTO Plays(GID, PID) VALUES (1389, 288);
INSERT INTO Plays(GID, PID) VALUES (284, 414);
INSERT INTO Plays(GID, PID) VALUES (1296, 81);
INSERT INTO Plays(GID, PID) VALUES (1474, 513);
INSERT INTO Plays(GID, PID) VALUES (1287, 252);
INSERT INTO Plays(GID, PID) VALUES (1151, 327);
INSERT INTO Plays(GID, PID) VALUES (1465, 438);
INSERT INTO Plays(GID, PID) VALUES (1438, 249);
INSERT INTO Plays(GID, PID) VALUES (1012, 526);
INSERT INTO Plays(GID, PID) VALUES (992, 348);
INSERT INTO Plays(GID, PID) VALUES (1488, 100);
INSERT INTO Plays(GID, PID) VALUES (972, 298);
INSERT INTO Plays(GID, PID) VALUES (1291, 216);
INSERT INTO Plays(GID, PID) VALUES (924, 464);
INSERT INTO Plays(GID, PID) VALUES (1026, 170);
INSERT INTO Plays(GID, PID) VALUES (927, 481);
INSERT INTO Plays(GID, PID) VALUES (907, 306);
INSERT INTO Plays(GID, PID) VALUES (877, 350);
INSERT INTO Plays(GID, PID) VALUES (831, 176);
INSERT INTO Plays(GID, PID) VALUES (850, 297);
INSERT INTO Plays(GID, PID) VALUES (1224, 105);
INSERT INTO Plays(GID, PID) VALUES (1248, 517);
INSERT INTO Plays(GID, PID) VALUES (513, 425);
INSERT INTO Plays(GID, PID) VALUES (1112, 421);
INSERT INTO Plays(GID, PID) VALUES (173, 410);
INSERT INTO Plays(GID, PID) VALUES (1168, 538);
INSERT INTO Plays(GID, PID) VALUES (801, 541);
INSERT INTO Plays(GID, PID) VALUES (582, 78);
INSERT INTO Plays(GID, PID) VALUES (1304, 75);
INSERT INTO Plays(GID, PID) VALUES (516, 394);
INSERT INTO Plays(GID, PID) VALUES (838, 252);
INSERT INTO Plays(GID, PID) VALUES (1099, 383);
INSERT INTO Plays(GID, PID) VALUES (1437, 446);
INSERT INTO Plays(GID, PID) VALUES (1327, 508);
INSERT INTO Plays(GID, PID) VALUES (626, 253);
INSERT INTO Plays(GID, PID) VALUES (759, 170);
INSERT INTO Plays(GID, PID) VALUES (84, 497);
INSERT INTO Plays(GID, PID) VALUES (1005, 528);
INSERT INTO Plays(GID, PID) VALUES (1110, 188);
INSERT INTO Plays(GID, PID) VALUES (1249, 542);
INSERT INTO Plays(GID, PID) VALUES (1485, 406);
INSERT INTO Plays(GID, PID) VALUES (1115, 293);
INSERT INTO Plays(GID, PID) VALUES (842, 276);
INSERT INTO Plays(GID, PID) VALUES (793, 454);
INSERT INTO Plays(GID, PID) VALUES (716, 137);
INSERT INTO Plays(GID, PID) VALUES (796, 342);
INSERT INTO Plays(GID, PID) VALUES (1422, 398);
INSERT INTO Plays(GID, PID) VALUES (689, 490);
INSERT INTO Plays(GID, PID) VALUES (1247, 488);
INSERT INTO Plays(GID, PID) VALUES (227, 540);
INSERT INTO Plays(GID, PID) VALUES (441, 504);
INSERT INTO Plays(GID, PID) VALUES (1255, 286);
INSERT INTO Plays(GID, PID) VALUES (706, 162);
INSERT INTO Plays(GID, PID) VALUES (687, 205);
INSERT INTO Plays(GID, PID) VALUES (554, 475);
INSERT INTO Plays(GID, PID) VALUES (855, 515);
INSERT INTO Plays(GID, PID) VALUES (655, 180);
INSERT INTO Plays(GID, PID) VALUES (914, 508);
INSERT INTO Plays(GID, PID) VALUES (1138, 385);
INSERT INTO Plays(GID, PID) VALUES (1133, 437);
INSERT INTO Plays(GID, PID) VALUES (309, 486);
INSERT INTO Plays(GID, PID) VALUES (870, 500);
INSERT INTO Plays(GID, PID) VALUES (1223, 526);
INSERT INTO Plays(GID, PID) VALUES (1294, 401);
INSERT INTO Plays(GID, PID) VALUES (1098, 321);
INSERT INTO Plays(GID, PID) VALUES (686, 475);
INSERT INTO Plays(GID, PID) VALUES (303, 428);
INSERT INTO Plays(GID, PID) VALUES (1266, 517);
INSERT INTO Plays(GID, PID) VALUES (322, 278);
INSERT INTO Plays(GID, PID) VALUES (244, 521);
INSERT INTO Plays(GID, PID) VALUES (1358, 231);
INSERT INTO Plays(GID, PID) VALUES (813, 321);
INSERT INTO Plays(GID, PID) VALUES (709, 38);
INSERT INTO Plays(GID, PID) VALUES (1072, 442);
INSERT INTO Plays(GID, PID) VALUES (834, 484);
INSERT INTO Plays(GID, PID) VALUES (1157, 148);
INSERT INTO Plays(GID, PID) VALUES (1445, 321);
INSERT INTO Plays(GID, PID) VALUES (802, 523);
INSERT INTO Plays(GID, PID) VALUES (1033, 415);
INSERT INTO Plays(GID, PID) VALUES (1452, 85);
INSERT INTO Plays(GID, PID) VALUES (1335, 36);
INSERT INTO Plays(GID, PID) VALUES (1188, 203);
INSERT INTO Plays(GID, PID) VALUES (315, 495);
INSERT INTO Plays(GID, PID) VALUES (450, 313);
INSERT INTO Plays(GID, PID) VALUES (752, 163);
INSERT INTO Plays(GID, PID) VALUES (783, 185);
INSERT INTO Plays(GID, PID) VALUES (1026, 138);
INSERT INTO Plays(GID, PID) VALUES (398, 408);
INSERT INTO Plays(GID, PID) VALUES (712, 451);
INSERT INTO Plays(GID, PID) VALUES (1044, 413);
INSERT INTO Plays(GID, PID) VALUES (1216, 396);
INSERT INTO Plays(GID, PID) VALUES (1412, 147);
INSERT INTO Plays(GID, PID) VALUES (21, 412);
INSERT INTO Plays(GID, PID) VALUES (601, 221);
INSERT INTO Plays(GID, PID) VALUES (656, 373);
INSERT INTO Plays(GID, PID) VALUES (1038, 164);
INSERT INTO Plays(GID, PID) VALUES (724, 537);
INSERT INTO Plays(GID, PID) VALUES (1351, 171);
INSERT INTO Plays(GID, PID) VALUES (989, 285);
INSERT INTO Plays(GID, PID) VALUES (910, 514);
INSERT INTO Plays(GID, PID) VALUES (165, 449);
INSERT INTO Plays(GID, PID) VALUES (1301, 434);
INSERT INTO Plays(GID, PID) VALUES (673, 375);
INSERT INTO Plays(GID, PID) VALUES (611, 491);
INSERT INTO Plays(GID, PID) VALUES (946, 354);
INSERT INTO Plays(GID, PID) VALUES (1470, 437);
INSERT INTO Plays(GID, PID) VALUES (1277, 120);
INSERT INTO Plays(GID, PID) VALUES (1189, 497);
INSERT INTO Plays(GID, PID) VALUES (54, 461);
INSERT INTO Plays(GID, PID) VALUES (659, 481);
INSERT INTO Plays(GID, PID) VALUES (1408, 237);
INSERT INTO Plays(GID, PID) VALUES (618, 444);
INSERT INTO Plays(GID, PID) VALUES (1318, 178);
INSERT INTO Plays(GID, PID) VALUES (932, 537);
INSERT INTO Plays(GID, PID) VALUES (1404, 243);
INSERT INTO Plays(GID, PID) VALUES (1413, 470);
INSERT INTO Plays(GID, PID) VALUES (935, 511);
INSERT INTO Plays(GID, PID) VALUES (904, 431);
INSERT INTO Plays(GID, PID) VALUES (1006, 416);
INSERT INTO Plays(GID, PID) VALUES (156, 394);
INSERT INTO Plays(GID, PID) VALUES (625, 499);
INSERT INTO Plays(GID, PID) VALUES (1421, 534);
INSERT INTO Plays(GID, PID) VALUES (1347, 513);
INSERT INTO Plays(GID, PID) VALUES (1178, 390);
INSERT INTO Plays(GID, PID) VALUES (825, 487);
INSERT INTO Plays(GID, PID) VALUES (1501, 488);
INSERT INTO Plays(GID, PID) VALUES (1034, 228);
INSERT INTO Plays(GID, PID) VALUES (802, 220);
INSERT INTO Plays(GID, PID) VALUES (561, 266);
INSERT INTO Plays(GID, PID) VALUES (999, 444);
INSERT INTO Plays(GID, PID) VALUES (972, 55);
INSERT INTO Plays(GID, PID) VALUES (1422, 309);
INSERT INTO Plays(GID, PID) VALUES (1468, 487);
INSERT INTO Plays(GID, PID) VALUES (940, 274);
INSERT INTO Plays(GID, PID) VALUES (1329, 343);
INSERT INTO Plays(GID, PID) VALUES (740, 344);
INSERT INTO Plays(GID, PID) VALUES (912, 531);
INSERT INTO Plays(GID, PID) VALUES (1384, 198);
INSERT INTO Plays(GID, PID) VALUES (1213, 223);
INSERT INTO Plays(GID, PID) VALUES (1484, 368);
INSERT INTO Plays(GID, PID) VALUES (772, 530);
INSERT INTO Plays(GID, PID) VALUES (536, 535);
INSERT INTO Plays(GID, PID) VALUES (545, 466);
INSERT INTO Plays(GID, PID) VALUES (1487, 348);
INSERT INTO Plays(GID, PID) VALUES (422, 282);
INSERT INTO Plays(GID, PID) VALUES (797, 351);
INSERT INTO Plays(GID, PID) VALUES (1295, 383);
INSERT INTO Plays(GID, PID) VALUES (823, 227);
INSERT INTO Plays(GID, PID) VALUES (985, 452);
INSERT INTO Plays(GID, PID) VALUES (457, 451);
INSERT INTO Plays(GID, PID) VALUES (454, 249);
INSERT INTO Plays(GID, PID) VALUES (607, 314);
INSERT INTO Plays(GID, PID) VALUES (1029, 368);
INSERT INTO Plays(GID, PID) VALUES (1192, 51);
INSERT INTO Plays(GID, PID) VALUES (1029, 187);
INSERT INTO Plays(GID, PID) VALUES (395, 421);
INSERT INTO Plays(GID, PID) VALUES (1134, 465);
INSERT INTO Plays(GID, PID) VALUES (1029, 240);
INSERT INTO Plays(GID, PID) VALUES (1172, 454);
INSERT INTO Plays(GID, PID) VALUES (1481, 362);
INSERT INTO Plays(GID, PID) VALUES (1398, 450);
INSERT INTO Plays(GID, PID) VALUES (642, 272);
INSERT INTO Plays(GID, PID) VALUES (980, 422);
INSERT INTO Plays(GID, PID) VALUES (820, 377);
INSERT INTO Plays(GID, PID) VALUES (624, 502);
INSERT INTO Plays(GID, PID) VALUES (380, 339);
INSERT INTO Plays(GID, PID) VALUES (1280, 279);
INSERT INTO Plays(GID, PID) VALUES (1278, 259);
INSERT INTO Plays(GID, PID) VALUES (731, 238);
INSERT INTO Plays(GID, PID) VALUES (839, 321);
INSERT INTO Plays(GID, PID) VALUES (1467, 456);
INSERT INTO Plays(GID, PID) VALUES (993, 335);
INSERT INTO Plays(GID, PID) VALUES (1142, 391);
INSERT INTO Plays(GID, PID) VALUES (701, 517);
INSERT INTO Plays(GID, PID) VALUES (888, 233);
INSERT INTO Plays(GID, PID) VALUES (1403, 235);
INSERT INTO Plays(GID, PID) VALUES (994, 250);
INSERT INTO Plays(GID, PID) VALUES (1359, 124);
INSERT INTO Plays(GID, PID) VALUES (1099, 505);
INSERT INTO Plays(GID, PID) VALUES (1273, 183);
INSERT INTO Plays(GID, PID) VALUES (1067, 457);
INSERT INTO Plays(GID, PID) VALUES (1481, 480);
INSERT INTO Plays(GID, PID) VALUES (123, 259);
INSERT INTO Plays(GID, PID) VALUES (975, 452);
INSERT INTO Plays(GID, PID) VALUES (307, 268);
INSERT INTO Plays(GID, PID) VALUES (1464, 465);
INSERT INTO Plays(GID, PID) VALUES (502, 541);
INSERT INTO Plays(GID, PID) VALUES (1075, 336);
INSERT INTO Plays(GID, PID) VALUES (804, 451);
INSERT INTO Plays(GID, PID) VALUES (1405, 464);
INSERT INTO Plays(GID, PID) VALUES (1439, 433);
INSERT INTO Plays(GID, PID) VALUES (1384, 468);
INSERT INTO Plays(GID, PID) VALUES (1341, 322);
INSERT INTO Plays(GID, PID) VALUES (695, 442);
INSERT INTO Plays(GID, PID) VALUES (1325, 311);
INSERT INTO Plays(GID, PID) VALUES (278, 524);
INSERT INTO Plays(GID, PID) VALUES (1267, 287);
INSERT INTO Plays(GID, PID) VALUES (1071, 33);
INSERT INTO Plays(GID, PID) VALUES (1255, 460);
INSERT INTO Plays(GID, PID) VALUES (1473, 523);
INSERT INTO Plays(GID, PID) VALUES (1221, 467);
INSERT INTO Plays(GID, PID) VALUES (1285, 517);
INSERT INTO Plays(GID, PID) VALUES (807, 477);
INSERT INTO Plays(GID, PID) VALUES (1019, 266);
INSERT INTO Plays(GID, PID) VALUES (1480, 412);
INSERT INTO Plays(GID, PID) VALUES (687, 312);
INSERT INTO Plays(GID, PID) VALUES (404, 511);
INSERT INTO Plays(GID, PID) VALUES (728, 127);
INSERT INTO Plays(GID, PID) VALUES (1275, 506);
INSERT INTO Plays(GID, PID) VALUES (663, 364);
INSERT INTO Plays(GID, PID) VALUES (924, 382);
INSERT INTO Plays(GID, PID) VALUES (1323, 260);
INSERT INTO Plays(GID, PID) VALUES (725, 160);
INSERT INTO Plays(GID, PID) VALUES (1348, 288);
INSERT INTO Plays(GID, PID) VALUES (686, 524);
INSERT INTO Plays(GID, PID) VALUES (1227, 474);
INSERT INTO Plays(GID, PID) VALUES (1229, 506);
INSERT INTO Plays(GID, PID) VALUES (1201, 341);
INSERT INTO Plays(GID, PID) VALUES (1198, 531);
INSERT INTO Plays(GID, PID) VALUES (1094, 168);
INSERT INTO Plays(GID, PID) VALUES (982, 422);
INSERT INTO Plays(GID, PID) VALUES (1048, 467);
INSERT INTO Plays(GID, PID) VALUES (1339, 383);
INSERT INTO Plays(GID, PID) VALUES (908, 461);
INSERT INTO Plays(GID, PID) VALUES (614, 388);
INSERT INTO Plays(GID, PID) VALUES (108, 406);
INSERT INTO Plays(GID, PID) VALUES (1335, 401);
INSERT INTO Plays(GID, PID) VALUES (1195, 480);
INSERT INTO Plays(GID, PID) VALUES (368, 76);
INSERT INTO Plays(GID, PID) VALUES (1465, 358);
INSERT INTO Plays(GID, PID) VALUES (665, 281);
INSERT INTO Plays(GID, PID) VALUES (552, 426);
INSERT INTO Plays(GID, PID) VALUES (133, 505);
INSERT INTO Plays(GID, PID) VALUES (1361, 477);
INSERT INTO Plays(GID, PID) VALUES (1401, 436);
INSERT INTO Plays(GID, PID) VALUES (744, 320);
INSERT INTO Plays(GID, PID) VALUES (436, 294);
INSERT INTO Plays(GID, PID) VALUES (1338, 464);
INSERT INTO Plays(GID, PID) VALUES (1008, 509);
INSERT INTO Plays(GID, PID) VALUES (937, 214);
INSERT INTO Plays(GID, PID) VALUES (1272, 426);
INSERT INTO Plays(GID, PID) VALUES (602, 341);
INSERT INTO Plays(GID, PID) VALUES (624, 385);
INSERT INTO Plays(GID, PID) VALUES (1087, 483);
INSERT INTO Plays(GID, PID) VALUES (714, 261);
INSERT INTO Plays(GID, PID) VALUES (1063, 372);
INSERT INTO Plays(GID, PID) VALUES (433, 352);
INSERT INTO Plays(GID, PID) VALUES (801, 433);
INSERT INTO Plays(GID, PID) VALUES (958, 163);
INSERT INTO Plays(GID, PID) VALUES (1288, 173);
INSERT INTO Plays(GID, PID) VALUES (1007, 284);
INSERT INTO Plays(GID, PID) VALUES (1132, 538);
INSERT INTO Plays(GID, PID) VALUES (1266, 396);
INSERT INTO Plays(GID, PID) VALUES (962, 325);
INSERT INTO Plays(GID, PID) VALUES (1077, 215);
INSERT INTO Plays(GID, PID) VALUES (1323, 485);
INSERT INTO Plays(GID, PID) VALUES (656, 259);
INSERT INTO Plays(GID, PID) VALUES (1285, 525);
INSERT INTO Plays(GID, PID) VALUES (1281, 327);
INSERT INTO Plays(GID, PID) VALUES (1159, 272);
INSERT INTO Plays(GID, PID) VALUES (1277, 530);
INSERT INTO Plays(GID, PID) VALUES (915, 166);
INSERT INTO Plays(GID, PID) VALUES (1283, 487);
INSERT INTO Plays(GID, PID) VALUES (1423, 439);
INSERT INTO Plays(GID, PID) VALUES (1307, 198);
INSERT INTO Plays(GID, PID) VALUES (959, 431);
INSERT INTO Plays(GID, PID) VALUES (1171, 245);
INSERT INTO Plays(GID, PID) VALUES (1290, 536);
INSERT INTO Plays(GID, PID) VALUES (864, 304);
INSERT INTO Plays(GID, PID) VALUES (1033, 206);
INSERT INTO Plays(GID, PID) VALUES (1460, 499);
INSERT INTO Plays(GID, PID) VALUES (397, 268);
INSERT INTO Plays(GID, PID) VALUES (633, 197);
INSERT INTO Plays(GID, PID) VALUES (1057, 486);
INSERT INTO Plays(GID, PID) VALUES (334, 516);
INSERT INTO Plays(GID, PID) VALUES (1388, 161);
INSERT INTO Plays(GID, PID) VALUES (640, 477);
INSERT INTO Plays(GID, PID) VALUES (1139, 256);
INSERT INTO Plays(GID, PID) VALUES (1408, 518);
INSERT INTO Plays(GID, PID) VALUES (310, 372);
INSERT INTO Plays(GID, PID) VALUES (464, 431);
INSERT INTO Plays(GID, PID) VALUES (1374, 364);
INSERT INTO Plays(GID, PID) VALUES (977, 455);
INSERT INTO Plays(GID, PID) VALUES (187, 410);
INSERT INTO Plays(GID, PID) VALUES (1271, 471);
INSERT INTO Plays(GID, PID) VALUES (1159, 379);
INSERT INTO Plays(GID, PID) VALUES (1286, 440);
INSERT INTO Plays(GID, PID) VALUES (1335, 443);
INSERT INTO Plays(GID, PID) VALUES (1022, 518);
INSERT INTO Plays(GID, PID) VALUES (1354, 288);
INSERT INTO Plays(GID, PID) VALUES (914, 388);
INSERT INTO Plays(GID, PID) VALUES (798, 442);
INSERT INTO Plays(GID, PID) VALUES (1414, 403);
INSERT INTO Plays(GID, PID) VALUES (1019, 502);
INSERT INTO Plays(GID, PID) VALUES (854, 473);
INSERT INTO Plays(GID, PID) VALUES (938, 385);
INSERT INTO Plays(GID, PID) VALUES (1467, 351);
INSERT INTO Plays(GID, PID) VALUES (519, 256);
INSERT INTO Plays(GID, PID) VALUES (1339, 332);
INSERT INTO Plays(GID, PID) VALUES (529, 199);
INSERT INTO Plays(GID, PID) VALUES (1186, 386);
INSERT INTO Plays(GID, PID) VALUES (604, 460);
INSERT INTO Plays(GID, PID) VALUES (928, 322);
INSERT INTO Plays(GID, PID) VALUES (767, 529);
INSERT INTO Plays(GID, PID) VALUES (721, 499);
INSERT INTO Plays(GID, PID) VALUES (895, 143);
INSERT INTO Plays(GID, PID) VALUES (1287, 420);
INSERT INTO Plays(GID, PID) VALUES (580, 433);
INSERT INTO Plays(GID, PID) VALUES (1053, 426);
INSERT INTO Plays(GID, PID) VALUES (919, 424);
INSERT INTO Plays(GID, PID) VALUES (498, 490);
INSERT INTO Plays(GID, PID) VALUES (721, 475);
INSERT INTO Plays(GID, PID) VALUES (1493, 134);
INSERT INTO Plays(GID, PID) VALUES (990, 321);
INSERT INTO Plays(GID, PID) VALUES (1046, 479);
INSERT INTO Plays(GID, PID) VALUES (800, 406);
INSERT INTO Plays(GID, PID) VALUES (788, 175);
INSERT INTO Plays(GID, PID) VALUES (1016, 362);
INSERT INTO Plays(GID, PID) VALUES (942, 440);
INSERT INTO Plays(GID, PID) VALUES (1062, 460);
INSERT INTO Plays(GID, PID) VALUES (1334, 429);
INSERT INTO Plays(GID, PID) VALUES (707, 502);
INSERT INTO Plays(GID, PID) VALUES (1050, 391);
INSERT INTO Plays(GID, PID) VALUES (547, 330);
INSERT INTO Plays(GID, PID) VALUES (1488, 537);
INSERT INTO Plays(GID, PID) VALUES (1336, 386);
INSERT INTO Plays(GID, PID) VALUES (779, 161);
INSERT INTO Plays(GID, PID) VALUES (580, 74);
INSERT INTO Plays(GID, PID) VALUES (912, 273);
INSERT INTO Plays(GID, PID) VALUES (263, 415);
INSERT INTO Plays(GID, PID) VALUES (561, 501);
INSERT INTO Plays(GID, PID) VALUES (1470, 304);
INSERT INTO Plays(GID, PID) VALUES (1309, 349);
INSERT INTO Plays(GID, PID) VALUES (395, 349);
INSERT INTO Plays(GID, PID) VALUES (539, 210);
INSERT INTO Plays(GID, PID) VALUES (1322, 409);
INSERT INTO Plays(GID, PID) VALUES (974, 520);
INSERT INTO Plays(GID, PID) VALUES (989, 542);
INSERT INTO Plays(GID, PID) VALUES (906, 517);
INSERT INTO Plays(GID, PID) VALUES (1414, 408);
INSERT INTO Plays(GID, PID) VALUES (400, 317);
INSERT INTO Plays(GID, PID) VALUES (986, 446);
INSERT INTO Plays(GID, PID) VALUES (1250, 316);
INSERT INTO Plays(GID, PID) VALUES (1158, 413);
INSERT INTO Plays(GID, PID) VALUES (603, 131);
INSERT INTO Plays(GID, PID) VALUES (1434, 429);
INSERT INTO Plays(GID, PID) VALUES (1456, 298);
INSERT INTO Plays(GID, PID) VALUES (1271, 505);
INSERT INTO Plays(GID, PID) VALUES (790, 452);
INSERT INTO Plays(GID, PID) VALUES (1381, 481);
INSERT INTO Plays(GID, PID) VALUES (890, 345);
INSERT INTO Plays(GID, PID) VALUES (850, 426);
INSERT INTO Plays(GID, PID) VALUES (1172, 477);
INSERT INTO Plays(GID, PID) VALUES (1236, 471);
INSERT INTO Plays(GID, PID) VALUES (847, 535);
INSERT INTO Plays(GID, PID) VALUES (840, 406);
INSERT INTO Plays(GID, PID) VALUES (723, 338);
INSERT INTO Plays(GID, PID) VALUES (1283, 468);
INSERT INTO Plays(GID, PID) VALUES (851, 522);
INSERT INTO Plays(GID, PID) VALUES (1490, 307);
INSERT INTO Plays(GID, PID) VALUES (1461, 377);
INSERT INTO Plays(GID, PID) VALUES (1330, 512);
INSERT INTO Plays(GID, PID) VALUES (1306, 509);
INSERT INTO Plays(GID, PID) VALUES (1138, 382);
INSERT INTO Plays(GID, PID) VALUES (793, 93);
INSERT INTO Plays(GID, PID) VALUES (991, 350);
INSERT INTO Plays(GID, PID) VALUES (259, 431);
INSERT INTO Plays(GID, PID) VALUES (948, 472);
INSERT INTO Plays(GID, PID) VALUES (1069, 434);
INSERT INTO Plays(GID, PID) VALUES (1173, 146);
INSERT INTO Plays(GID, PID) VALUES (1195, 493);
INSERT INTO Plays(GID, PID) VALUES (689, 521);
INSERT INTO Plays(GID, PID) VALUES (1223, 505);
INSERT INTO Plays(GID, PID) VALUES (1332, 526);
INSERT INTO Plays(GID, PID) VALUES (761, 539);
INSERT INTO Plays(GID, PID) VALUES (1024, 475);
INSERT INTO Plays(GID, PID) VALUES (1216, 242);
INSERT INTO Plays(GID, PID) VALUES (418, 269);
INSERT INTO Plays(GID, PID) VALUES (1294, 347);
INSERT INTO Plays(GID, PID) VALUES (994, 438);
INSERT INTO Plays(GID, PID) VALUES (383, 72);
INSERT INTO Plays(GID, PID) VALUES (1209, 507);
INSERT INTO Plays(GID, PID) VALUES (1188, 167);
INSERT INTO Plays(GID, PID) VALUES (1287, 112);
INSERT INTO Plays(GID, PID) VALUES (510, 195);
INSERT INTO Plays(GID, PID) VALUES (1467, 316);
INSERT INTO Plays(GID, PID) VALUES (765, 469);
INSERT INTO Plays(GID, PID) VALUES (1173, 218);
INSERT INTO Plays(GID, PID) VALUES (471, 521);
INSERT INTO Plays(GID, PID) VALUES (1429, 340);
INSERT INTO Plays(GID, PID) VALUES (595, 323);
INSERT INTO Plays(GID, PID) VALUES (1119, 328);
INSERT INTO Plays(GID, PID) VALUES (1174, 489);
INSERT INTO Plays(GID, PID) VALUES (701, 431);
INSERT INTO Plays(GID, PID) VALUES (796, 321);
INSERT INTO Plays(GID, PID) VALUES (911, 439);
INSERT INTO Plays(GID, PID) VALUES (997, 61);
INSERT INTO Plays(GID, PID) VALUES (354, 209);
INSERT INTO Plays(GID, PID) VALUES (791, 225);
INSERT INTO Plays(GID, PID) VALUES (1075, 224);
INSERT INTO Plays(GID, PID) VALUES (1441, 259);
INSERT INTO Plays(GID, PID) VALUES (939, 477);
INSERT INTO Plays(GID, PID) VALUES (1249, 394);
INSERT INTO Plays(GID, PID) VALUES (1441, 380);
INSERT INTO Plays(GID, PID) VALUES (1381, 417);
INSERT INTO Plays(GID, PID) VALUES (1470, 148);
INSERT INTO Plays(GID, PID) VALUES (1415, 342);
INSERT INTO Plays(GID, PID) VALUES (243, 408);
INSERT INTO Plays(GID, PID) VALUES (1438, 173);
INSERT INTO Plays(GID, PID) VALUES (1308, 301);
INSERT INTO Plays(GID, PID) VALUES (1215, 288);
INSERT INTO Plays(GID, PID) VALUES (814, 287);
INSERT INTO Plays(GID, PID) VALUES (984, 164);
INSERT INTO Plays(GID, PID) VALUES (771, 321);
INSERT INTO Plays(GID, PID) VALUES (1084, 456);
INSERT INTO Plays(GID, PID) VALUES (1453, 478);
INSERT INTO Plays(GID, PID) VALUES (1107, 359);
INSERT INTO Plays(GID, PID) VALUES (1475, 308);
INSERT INTO Plays(GID, PID) VALUES (1354, 261);
INSERT INTO Plays(GID, PID) VALUES (1363, 510);
INSERT INTO Plays(GID, PID) VALUES (1469, 439);
INSERT INTO Plays(GID, PID) VALUES (331, 479);
INSERT INTO Plays(GID, PID) VALUES (878, 498);
INSERT INTO Plays(GID, PID) VALUES (1459, 148);
INSERT INTO Plays(GID, PID) VALUES (929, 274);
INSERT INTO Plays(GID, PID) VALUES (1100, 453);
INSERT INTO Plays(GID, PID) VALUES (1486, 99);
INSERT INTO Plays(GID, PID) VALUES (531, 494);
INSERT INTO Plays(GID, PID) VALUES (631, 345);
INSERT INTO Plays(GID, PID) VALUES (493, 338);
INSERT INTO Plays(GID, PID) VALUES (603, 453);
INSERT INTO Plays(GID, PID) VALUES (546, 109);
INSERT INTO Plays(GID, PID) VALUES (906, 455);
INSERT INTO Plays(GID, PID) VALUES (1453, 166);
INSERT INTO Plays(GID, PID) VALUES (1484, 226);
INSERT INTO Plays(GID, PID) VALUES (1367, 472);
INSERT INTO Plays(GID, PID) VALUES (1096, 523);
INSERT INTO Plays(GID, PID) VALUES (1316, 508);
INSERT INTO Plays(GID, PID) VALUES (1466, 507);
INSERT INTO Plays(GID, PID) VALUES (532, 456);
INSERT INTO Plays(GID, PID) VALUES (953, 313);
INSERT INTO Plays(GID, PID) VALUES (908, 441);
INSERT INTO Plays(GID, PID) VALUES (1049, 334);
INSERT INTO Plays(GID, PID) VALUES (1329, 380);
INSERT INTO Plays(GID, PID) VALUES (1409, 442);
INSERT INTO Plays(GID, PID) VALUES (900, 512);
INSERT INTO Plays(GID, PID) VALUES (1449, 105);
INSERT INTO Plays(GID, PID) VALUES (1294, 380);
INSERT INTO Plays(GID, PID) VALUES (1149, 293);
INSERT INTO Plays(GID, PID) VALUES (1024, 446);
INSERT INTO Plays(GID, PID) VALUES (984, 405);
INSERT INTO Plays(GID, PID) VALUES (1045, 292);
INSERT INTO Plays(GID, PID) VALUES (610, 532);
INSERT INTO Plays(GID, PID) VALUES (1370, 270);
INSERT INTO Plays(GID, PID) VALUES (1469, 183);
INSERT INTO Plays(GID, PID) VALUES (1004, 531);
INSERT INTO Plays(GID, PID) VALUES (1178, 324);
INSERT INTO Plays(GID, PID) VALUES (1287, 489);
INSERT INTO Plays(GID, PID) VALUES (822, 171);
INSERT INTO Plays(GID, PID) VALUES (1313, 389);
INSERT INTO Plays(GID, PID) VALUES (951, 228);
INSERT INTO Plays(GID, PID) VALUES (695, 188);
INSERT INTO Plays(GID, PID) VALUES (1175, 311);
INSERT INTO Plays(GID, PID) VALUES (1183, 531);
INSERT INTO Plays(GID, PID) VALUES (1191, 238);
INSERT INTO Plays(GID, PID) VALUES (1302, 156);
INSERT INTO Plays(GID, PID) VALUES (918, 127);
INSERT INTO Plays(GID, PID) VALUES (171, 261);
INSERT INTO Plays(GID, PID) VALUES (1042, 398);
INSERT INTO Plays(GID, PID) VALUES (1214, 499);
INSERT INTO Plays(GID, PID) VALUES (1342, 357);
INSERT INTO Plays(GID, PID) VALUES (1335, 168);
INSERT INTO Plays(GID, PID) VALUES (1432, 348);
INSERT INTO Plays(GID, PID) VALUES (1074, 392);
INSERT INTO Plays(GID, PID) VALUES (269, 246);
INSERT INTO Plays(GID, PID) VALUES (928, 283);
INSERT INTO Plays(GID, PID) VALUES (941, 357);
INSERT INTO Plays(GID, PID) VALUES (1312, 419);
INSERT INTO Plays(GID, PID) VALUES (1114, 20);
INSERT INTO Plays(GID, PID) VALUES (663, 334);
INSERT INTO Plays(GID, PID) VALUES (1022, 227);
INSERT INTO Plays(GID, PID) VALUES (722, 528);
INSERT INTO Plays(GID, PID) VALUES (628, 496);
INSERT INTO Plays(GID, PID) VALUES (916, 268);
INSERT INTO Plays(GID, PID) VALUES (440, 439);
INSERT INTO Plays(GID, PID) VALUES (442, 79);
INSERT INTO Plays(GID, PID) VALUES (515, 510);
INSERT INTO Plays(GID, PID) VALUES (812, 508);
INSERT INTO Plays(GID, PID) VALUES (944, 82);
INSERT INTO Plays(GID, PID) VALUES (718, 486);
INSERT INTO Plays(GID, PID) VALUES (405, 355);
INSERT INTO Plays(GID, PID) VALUES (1394, 424);
INSERT INTO Plays(GID, PID) VALUES (678, 370);
INSERT INTO Plays(GID, PID) VALUES (1027, 427);
INSERT INTO Plays(GID, PID) VALUES (1502, 471);
INSERT INTO Plays(GID, PID) VALUES (1449, 441);
INSERT INTO Plays(GID, PID) VALUES (1168, 368);
INSERT INTO Plays(GID, PID) VALUES (813, 216);
INSERT INTO Plays(GID, PID) VALUES (953, 479);
INSERT INTO Plays(GID, PID) VALUES (988, 442);
INSERT INTO Plays(GID, PID) VALUES (1244, 379);
INSERT INTO Plays(GID, PID) VALUES (914, 391);
INSERT INTO Plays(GID, PID) VALUES (942, 487);
INSERT INTO Plays(GID, PID) VALUES (1366, 442);
INSERT INTO Plays(GID, PID) VALUES (1022, 482);
INSERT INTO Plays(GID, PID) VALUES (693, 124);
INSERT INTO Plays(GID, PID) VALUES (1224, 397);
INSERT INTO Plays(GID, PID) VALUES (1503, 144);
INSERT INTO Plays(GID, PID) VALUES (1249, 505);
INSERT INTO Plays(GID, PID) VALUES (1181, 370);
INSERT INTO Plays(GID, PID) VALUES (530, 450);
INSERT INTO Plays(GID, PID) VALUES (572, 401);
INSERT INTO Plays(GID, PID) VALUES (1260, 463);
INSERT INTO Plays(GID, PID) VALUES (1068, 359);
INSERT INTO Plays(GID, PID) VALUES (474, 174);
INSERT INTO Plays(GID, PID) VALUES (1155, 526);
INSERT INTO Plays(GID, PID) VALUES (1012, 481);
INSERT INTO Plays(GID, PID) VALUES (1150, 532);
INSERT INTO Plays(GID, PID) VALUES (1184, 500);
INSERT INTO Plays(GID, PID) VALUES (1195, 348);
INSERT INTO Plays(GID, PID) VALUES (1023, 154);
INSERT INTO Plays(GID, PID) VALUES (1180, 499);
INSERT INTO Plays(GID, PID) VALUES (1439, 191);
INSERT INTO Plays(GID, PID) VALUES (1496, 426);
INSERT INTO Plays(GID, PID) VALUES (419, 422);
INSERT INTO Plays(GID, PID) VALUES (810, 423);
INSERT INTO Plays(GID, PID) VALUES (579, 244);
INSERT INTO Plays(GID, PID) VALUES (1450, 358);
INSERT INTO Plays(GID, PID) VALUES (1404, 501);
INSERT INTO Plays(GID, PID) VALUES (1468, 357);
INSERT INTO Plays(GID, PID) VALUES (913, 535);
INSERT INTO Plays(GID, PID) VALUES (1306, 400);
INSERT INTO Plays(GID, PID) VALUES (1065, 493);
INSERT INTO Plays(GID, PID) VALUES (1228, 316);
INSERT INTO Plays(GID, PID) VALUES (1301, 189);
INSERT INTO Plays(GID, PID) VALUES (676, 296);
INSERT INTO Plays(GID, PID) VALUES (566, 249);
INSERT INTO Plays(GID, PID) VALUES (870, 491);
INSERT INTO Plays(GID, PID) VALUES (988, 129);
INSERT INTO Plays(GID, PID) VALUES (1223, 308);
INSERT INTO Plays(GID, PID) VALUES (1449, 388);
INSERT INTO Plays(GID, PID) VALUES (1268, 530);
INSERT INTO Plays(GID, PID) VALUES (933, 149);
INSERT INTO Plays(GID, PID) VALUES (1447, 434);
INSERT INTO Plays(GID, PID) VALUES (404, 275);
INSERT INTO Plays(GID, PID) VALUES (716, 509);
INSERT INTO Plays(GID, PID) VALUES (975, 361);
INSERT INTO Plays(GID, PID) VALUES (770, 538);
INSERT INTO Plays(GID, PID) VALUES (850, 522);
INSERT INTO Plays(GID, PID) VALUES (310, 524);
INSERT INTO Plays(GID, PID) VALUES (715, 141);
INSERT INTO Plays(GID, PID) VALUES (794, 269);
INSERT INTO Plays(GID, PID) VALUES (375, 330);
INSERT INTO Plays(GID, PID) VALUES (980, 425);
INSERT INTO Plays(GID, PID) VALUES (1455, 382);
INSERT INTO Plays(GID, PID) VALUES (68, 158);
INSERT INTO Plays(GID, PID) VALUES (283, 505);
INSERT INTO Plays(GID, PID) VALUES (1457, 459);
INSERT INTO Plays(GID, PID) VALUES (892, 352);
INSERT INTO Plays(GID, PID) VALUES (1237, 505);
INSERT INTO Plays(GID, PID) VALUES (1296, 354);
INSERT INTO Plays(GID, PID) VALUES (1399, 516);
INSERT INTO Plays(GID, PID) VALUES (1414, 218);
INSERT INTO Plays(GID, PID) VALUES (435, 193);
INSERT INTO Plays(GID, PID) VALUES (351, 245);
INSERT INTO Plays(GID, PID) VALUES (783, 193);
INSERT INTO Plays(GID, PID) VALUES (916, 288);
INSERT INTO Plays(GID, PID) VALUES (1212, 403);
INSERT INTO Plays(GID, PID) VALUES (607, 358);
INSERT INTO Plays(GID, PID) VALUES (1448, 147);
INSERT INTO Plays(GID, PID) VALUES (599, 170);
INSERT INTO Plays(GID, PID) VALUES (1475, 524);
INSERT INTO Plays(GID, PID) VALUES (1205, 239);
INSERT INTO Plays(GID, PID) VALUES (1179, 515);
INSERT INTO Plays(GID, PID) VALUES (1314, 542);
INSERT INTO Plays(GID, PID) VALUES (972, 293);
INSERT INTO Plays(GID, PID) VALUES (662, 386);
INSERT INTO Plays(GID, PID) VALUES (1229, 288);
INSERT INTO Plays(GID, PID) VALUES (961, 151);
INSERT INTO Plays(GID, PID) VALUES (797, 471);
INSERT INTO Plays(GID, PID) VALUES (1409, 370);
INSERT INTO Plays(GID, PID) VALUES (1298, 404);
INSERT INTO Plays(GID, PID) VALUES (480, 271);
INSERT INTO Plays(GID, PID) VALUES (1242, 340);
INSERT INTO Plays(GID, PID) VALUES (1028, 279);
INSERT INTO Plays(GID, PID) VALUES (906, 424);
INSERT INTO Plays(GID, PID) VALUES (1103, 430);
INSERT INTO Plays(GID, PID) VALUES (1362, 309);
INSERT INTO Plays(GID, PID) VALUES (711, 230);
INSERT INTO Plays(GID, PID) VALUES (625, 358);
INSERT INTO Plays(GID, PID) VALUES (1281, 540);
INSERT INTO Plays(GID, PID) VALUES (1055, 417);
INSERT INTO Plays(GID, PID) VALUES (1405, 521);
INSERT INTO Plays(GID, PID) VALUES (1502, 216);
INSERT INTO Plays(GID, PID) VALUES (1435, 288);
INSERT INTO Plays(GID, PID) VALUES (1298, 286);
INSERT INTO Plays(GID, PID) VALUES (1370, 482);
INSERT INTO Plays(GID, PID) VALUES (281, 379);
INSERT INTO Plays(GID, PID) VALUES (1412, 525);
INSERT INTO Plays(GID, PID) VALUES (666, 460);
INSERT INTO Plays(GID, PID) VALUES (858, 320);
INSERT INTO Plays(GID, PID) VALUES (1484, 406);
INSERT INTO Plays(GID, PID) VALUES (1414, 505);
INSERT INTO Plays(GID, PID) VALUES (308, 484);
INSERT INTO Plays(GID, PID) VALUES (717, 178);
INSERT INTO Plays(GID, PID) VALUES (462, 251);
INSERT INTO Plays(GID, PID) VALUES (1349, 530);
INSERT INTO Plays(GID, PID) VALUES (1405, 416);
INSERT INTO Plays(GID, PID) VALUES (1299, 447);
INSERT INTO Plays(GID, PID) VALUES (1472, 507);
INSERT INTO Plays(GID, PID) VALUES (575, 440);
INSERT INTO Plays(GID, PID) VALUES (1000, 455);
INSERT INTO Plays(GID, PID) VALUES (654, 537);
INSERT INTO Plays(GID, PID) VALUES (1433, 375);
INSERT INTO Plays(GID, PID) VALUES (662, 143);
INSERT INTO Plays(GID, PID) VALUES (972, 174);
INSERT INTO Plays(GID, PID) VALUES (1225, 391);
INSERT INTO Plays(GID, PID) VALUES (929, 339);
INSERT INTO Plays(GID, PID) VALUES (644, 402);
INSERT INTO Plays(GID, PID) VALUES (1216, 354);
INSERT INTO Plays(GID, PID) VALUES (1202, 348);
INSERT INTO Plays(GID, PID) VALUES (907, 470);
INSERT INTO Plays(GID, PID) VALUES (870, 361);
INSERT INTO Plays(GID, PID) VALUES (520, 263);
INSERT INTO Plays(GID, PID) VALUES (485, 153);
INSERT INTO Plays(GID, PID) VALUES (1290, 151);
INSERT INTO Plays(GID, PID) VALUES (1327, 272);
INSERT INTO Plays(GID, PID) VALUES (715, 229);
INSERT INTO Plays(GID, PID) VALUES (1217, 535);
INSERT INTO Plays(GID, PID) VALUES (292, 198);
INSERT INTO Plays(GID, PID) VALUES (731, 500);
INSERT INTO Plays(GID, PID) VALUES (911, 367);
INSERT INTO Plays(GID, PID) VALUES (1383, 515);
INSERT INTO Plays(GID, PID) VALUES (1004, 470);
INSERT INTO Plays(GID, PID) VALUES (625, 92);
INSERT INTO Plays(GID, PID) VALUES (997, 171);
INSERT INTO Plays(GID, PID) VALUES (1385, 489);
INSERT INTO Plays(GID, PID) VALUES (758, 487);
INSERT INTO Plays(GID, PID) VALUES (293, 232);
INSERT INTO Plays(GID, PID) VALUES (770, 332);
INSERT INTO Plays(GID, PID) VALUES (1009, 204);
INSERT INTO Plays(GID, PID) VALUES (942, 543);
INSERT INTO Plays(GID, PID) VALUES (629, 260);
INSERT INTO Plays(GID, PID) VALUES (667, 427);
INSERT INTO Plays(GID, PID) VALUES (1303, 495);
INSERT INTO Plays(GID, PID) VALUES (1238, 263);
INSERT INTO Plays(GID, PID) VALUES (1249, 540);
INSERT INTO Plays(GID, PID) VALUES (1416, 114);
INSERT INTO Plays(GID, PID) VALUES (1340, 397);
INSERT INTO Plays(GID, PID) VALUES (1130, 313);
INSERT INTO Plays(GID, PID) VALUES (988, 534);
INSERT INTO Plays(GID, PID) VALUES (1326, 31);
INSERT INTO Plays(GID, PID) VALUES (1351, 287);
INSERT INTO Plays(GID, PID) VALUES (1022, 95);
INSERT INTO Plays(GID, PID) VALUES (956, 499);
INSERT INTO Plays(GID, PID) VALUES (1494, 462);
INSERT INTO Plays(GID, PID) VALUES (1278, 502);
INSERT INTO Plays(GID, PID) VALUES (433, 334);
INSERT INTO Plays(GID, PID) VALUES (1501, 515);
INSERT INTO Plays(GID, PID) VALUES (1282, 287);
INSERT INTO Plays(GID, PID) VALUES (1078, 470);
INSERT INTO Plays(GID, PID) VALUES (1288, 345);
INSERT INTO Plays(GID, PID) VALUES (1007, 245);
INSERT INTO Plays(GID, PID) VALUES (1292, 428);
INSERT INTO Plays(GID, PID) VALUES (1468, 267);
INSERT INTO Plays(GID, PID) VALUES (685, 298);
INSERT INTO Plays(GID, PID) VALUES (831, 336);
INSERT INTO Plays(GID, PID) VALUES (1224, 539);
INSERT INTO Plays(GID, PID) VALUES (184, 181);
INSERT INTO Plays(GID, PID) VALUES (1471, 191);
INSERT INTO Plays(GID, PID) VALUES (1385, 352);
INSERT INTO Plays(GID, PID) VALUES (786, 527);
INSERT INTO Plays(GID, PID) VALUES (850, 410);
INSERT INTO Plays(GID, PID) VALUES (1027, 324);
INSERT INTO Plays(GID, PID) VALUES (1199, 305);
INSERT INTO Plays(GID, PID) VALUES (374, 238);
INSERT INTO Plays(GID, PID) VALUES (1161, 209);
INSERT INTO Plays(GID, PID) VALUES (892, 485);
INSERT INTO Plays(GID, PID) VALUES (969, 113);
INSERT INTO Plays(GID, PID) VALUES (803, 162);
INSERT INTO Plays(GID, PID) VALUES (941, 329);
INSERT INTO Plays(GID, PID) VALUES (1303, 381);
INSERT INTO Plays(GID, PID) VALUES (1039, 454);
INSERT INTO Plays(GID, PID) VALUES (1352, 349);
INSERT INTO Plays(GID, PID) VALUES (1102, 381);
INSERT INTO Plays(GID, PID) VALUES (1436, 475);
INSERT INTO Plays(GID, PID) VALUES (1263, 337);
INSERT INTO Plays(GID, PID) VALUES (1469, 233);
INSERT INTO Plays(GID, PID) VALUES (1106, 84);
INSERT INTO Plays(GID, PID) VALUES (877, 352);
INSERT INTO Plays(GID, PID) VALUES (1176, 227);
INSERT INTO Plays(GID, PID) VALUES (857, 344);
INSERT INTO Plays(GID, PID) VALUES (668, 247);
INSERT INTO Plays(GID, PID) VALUES (754, 447);
INSERT INTO Plays(GID, PID) VALUES (1317, 425);
INSERT INTO Plays(GID, PID) VALUES (1489, 398);
INSERT INTO Plays(GID, PID) VALUES (258, 215);
INSERT INTO Plays(GID, PID) VALUES (1390, 464);
INSERT INTO Plays(GID, PID) VALUES (568, 387);
INSERT INTO Plays(GID, PID) VALUES (1504, 442);
INSERT INTO Plays(GID, PID) VALUES (980, 448);
INSERT INTO Plays(GID, PID) VALUES (380, 518);
INSERT INTO Plays(GID, PID) VALUES (461, 195);
INSERT INTO Plays(GID, PID) VALUES (589, 71);
INSERT INTO Plays(GID, PID) VALUES (994, 433);
INSERT INTO Plays(GID, PID) VALUES (1354, 381);
INSERT INTO Plays(GID, PID) VALUES (1423, 119);
INSERT INTO Plays(GID, PID) VALUES (761, 198);
INSERT INTO Plays(GID, PID) VALUES (1354, 164);
INSERT INTO Plays(GID, PID) VALUES (1263, 387);
INSERT INTO Plays(GID, PID) VALUES (314, 412);
INSERT INTO Plays(GID, PID) VALUES (1288, 449);
INSERT INTO Plays(GID, PID) VALUES (968, 147);
INSERT INTO Plays(GID, PID) VALUES (1145, 416);
INSERT INTO Plays(GID, PID) VALUES (749, 406);
INSERT INTO Plays(GID, PID) VALUES (731, 413);
INSERT INTO Plays(GID, PID) VALUES (1051, 446);
INSERT INTO Plays(GID, PID) VALUES (1347, 298);
INSERT INTO Plays(GID, PID) VALUES (848, 415);
INSERT INTO Plays(GID, PID) VALUES (700, 531);
INSERT INTO Plays(GID, PID) VALUES (1007, 472);
INSERT INTO Plays(GID, PID) VALUES (1348, 87);
INSERT INTO Plays(GID, PID) VALUES (601, 318);
INSERT INTO Plays(GID, PID) VALUES (992, 131);
INSERT INTO Plays(GID, PID) VALUES (1132, 535);
INSERT INTO Plays(GID, PID) VALUES (1111, 202);
INSERT INTO Plays(GID, PID) VALUES (1365, 424);
INSERT INTO Plays(GID, PID) VALUES (1243, 286);
INSERT INTO Plays(GID, PID) VALUES (1399, 265);
INSERT INTO Plays(GID, PID) VALUES (1341, 278);
INSERT INTO Plays(GID, PID) VALUES (1379, 183);
INSERT INTO Plays(GID, PID) VALUES (1334, 96);
INSERT INTO Plays(GID, PID) VALUES (866, 312);
INSERT INTO Plays(GID, PID) VALUES (1436, 417);
INSERT INTO Plays(GID, PID) VALUES (1108, 438);
INSERT INTO Plays(GID, PID) VALUES (956, 194);
INSERT INTO Plays(GID, PID) VALUES (590, 541);
INSERT INTO Plays(GID, PID) VALUES (869, 247);
INSERT INTO Plays(GID, PID) VALUES (775, 304);
INSERT INTO Plays(GID, PID) VALUES (800, 476);
INSERT INTO Plays(GID, PID) VALUES (1433, 496);
INSERT INTO Plays(GID, PID) VALUES (999, 495);
INSERT INTO Plays(GID, PID) VALUES (491, 464);
INSERT INTO Plays(GID, PID) VALUES (1480, 191);
INSERT INTO Plays(GID, PID) VALUES (934, 536);
INSERT INTO Plays(GID, PID) VALUES (439, 475);
INSERT INTO Plays(GID, PID) VALUES (1341, 258);
INSERT INTO Plays(GID, PID) VALUES (1122, 507);
INSERT INTO Plays(GID, PID) VALUES (1019, 192);
INSERT INTO Plays(GID, PID) VALUES (1324, 371);
INSERT INTO Plays(GID, PID) VALUES (1161, 25);
INSERT INTO Plays(GID, PID) VALUES (1499, 230);
INSERT INTO Plays(GID, PID) VALUES (934, 470);
INSERT INTO Plays(GID, PID) VALUES (378, 310);
INSERT INTO Plays(GID, PID) VALUES (462, 439);
INSERT INTO Plays(GID, PID) VALUES (1045, 320);
INSERT INTO Plays(GID, PID) VALUES (629, 20);
INSERT INTO Plays(GID, PID) VALUES (1287, 522);
INSERT INTO Plays(GID, PID) VALUES (328, 288);
INSERT INTO Plays(GID, PID) VALUES (758, 455);
INSERT INTO Plays(GID, PID) VALUES (1023, 358);
INSERT INTO Plays(GID, PID) VALUES (1222, 316);
INSERT INTO Plays(GID, PID) VALUES (690, 275);
INSERT INTO Plays(GID, PID) VALUES (930, 252);
INSERT INTO Plays(GID, PID) VALUES (1244, 445);
INSERT INTO Plays(GID, PID) VALUES (1233, 215);
INSERT INTO Plays(GID, PID) VALUES (872, 287);
INSERT INTO Plays(GID, PID) VALUES (254, 443);
INSERT INTO Plays(GID, PID) VALUES (1498, 462);
INSERT INTO Plays(GID, PID) VALUES (919, 164);
INSERT INTO Plays(GID, PID) VALUES (996, 159);
INSERT INTO Plays(GID, PID) VALUES (444, 503);
INSERT INTO Plays(GID, PID) VALUES (1329, 425);
INSERT INTO Plays(GID, PID) VALUES (1423, 492);
INSERT INTO Plays(GID, PID) VALUES (1084, 494);
INSERT INTO Plays(GID, PID) VALUES (768, 209);
INSERT INTO Plays(GID, PID) VALUES (1050, 539);
INSERT INTO Plays(GID, PID) VALUES (735, 522);
INSERT INTO Plays(GID, PID) VALUES (556, 454);
INSERT INTO Plays(GID, PID) VALUES (912, 428);
INSERT INTO Plays(GID, PID) VALUES (1328, 492);
INSERT INTO Plays(GID, PID) VALUES (474, 108);
INSERT INTO Plays(GID, PID) VALUES (1263, 184);
INSERT INTO Plays(GID, PID) VALUES (1376, 194);
INSERT INTO Plays(GID, PID) VALUES (705, 453);
INSERT INTO Plays(GID, PID) VALUES (1330, 249);
INSERT INTO Plays(GID, PID) VALUES (385, 441);
INSERT INTO Plays(GID, PID) VALUES (783, 507);
INSERT INTO Plays(GID, PID) VALUES (1248, 500);
INSERT INTO Plays(GID, PID) VALUES (1234, 221);
INSERT INTO Plays(GID, PID) VALUES (844, 247);
INSERT INTO Plays(GID, PID) VALUES (655, 525);
INSERT INTO Plays(GID, PID) VALUES (1391, 487);
INSERT INTO Plays(GID, PID) VALUES (1064, 355);
INSERT INTO Plays(GID, PID) VALUES (334, 541);
INSERT INTO Plays(GID, PID) VALUES (1355, 506);
INSERT INTO Plays(GID, PID) VALUES (1433, 495);
INSERT INTO Plays(GID, PID) VALUES (1461, 519);
INSERT INTO Plays(GID, PID) VALUES (294, 425);
INSERT INTO Plays(GID, PID) VALUES (834, 480);
INSERT INTO Plays(GID, PID) VALUES (1496, 276);
INSERT INTO Plays(GID, PID) VALUES (1440, 162);
INSERT INTO Plays(GID, PID) VALUES (1473, 127);
INSERT INTO Plays(GID, PID) VALUES (1427, 235);
INSERT INTO Plays(GID, PID) VALUES (894, 437);
INSERT INTO Plays(GID, PID) VALUES (1391, 411);
INSERT INTO Plays(GID, PID) VALUES (1070, 444);
INSERT INTO Plays(GID, PID) VALUES (1031, 114);
INSERT INTO Plays(GID, PID) VALUES (1034, 326);
INSERT INTO Plays(GID, PID) VALUES (892, 535);
INSERT INTO Plays(GID, PID) VALUES (1377, 392);
INSERT INTO Plays(GID, PID) VALUES (889, 219);
INSERT INTO Plays(GID, PID) VALUES (408, 469);
INSERT INTO Plays(GID, PID) VALUES (899, 294);
INSERT INTO Plays(GID, PID) VALUES (403, 182);
INSERT INTO Plays(GID, PID) VALUES (915, 443);
INSERT INTO Plays(GID, PID) VALUES (1306, 134);
INSERT INTO Plays(GID, PID) VALUES (512, 290);
INSERT INTO Plays(GID, PID) VALUES (1034, 459);
INSERT INTO Plays(GID, PID) VALUES (902, 68);
INSERT INTO Plays(GID, PID) VALUES (1154, 494);
INSERT INTO Plays(GID, PID) VALUES (1056, 251);
INSERT INTO Plays(GID, PID) VALUES (763, 167);
INSERT INTO Plays(GID, PID) VALUES (1016, 533);
INSERT INTO Plays(GID, PID) VALUES (1453, 464);
INSERT INTO Plays(GID, PID) VALUES (754, 488);
INSERT INTO Plays(GID, PID) VALUES (1483, 477);
INSERT INTO Plays(GID, PID) VALUES (1081, 421);
INSERT INTO Plays(GID, PID) VALUES (1422, 115);
INSERT INTO Plays(GID, PID) VALUES (595, 508);
INSERT INTO Plays(GID, PID) VALUES (1103, 534);
INSERT INTO Plays(GID, PID) VALUES (243, 394);
INSERT INTO Plays(GID, PID) VALUES (1356, 293);
INSERT INTO Plays(GID, PID) VALUES (95, 204);
INSERT INTO Plays(GID, PID) VALUES (598, 290);
INSERT INTO Plays(GID, PID) VALUES (501, 327);
INSERT INTO Plays(GID, PID) VALUES (1143, 470);
INSERT INTO Plays(GID, PID) VALUES (1381, 422);
INSERT INTO Plays(GID, PID) VALUES (1133, 496);
INSERT INTO Plays(GID, PID) VALUES (1130, 296);
INSERT INTO Plays(GID, PID) VALUES (489, 384);
INSERT INTO Plays(GID, PID) VALUES (784, 491);
INSERT INTO Plays(GID, PID) VALUES (970, 150);
INSERT INTO Plays(GID, PID) VALUES (525, 482);
INSERT INTO Plays(GID, PID) VALUES (1223, 302);
INSERT INTO Plays(GID, PID) VALUES (788, 287);
INSERT INTO Plays(GID, PID) VALUES (1350, 242);
INSERT INTO Plays(GID, PID) VALUES (1054, 298);
INSERT INTO Plays(GID, PID) VALUES (1000, 427);
INSERT INTO Plays(GID, PID) VALUES (1430, 382);
INSERT INTO Plays(GID, PID) VALUES (1393, 421);
INSERT INTO Plays(GID, PID) VALUES (886, 64);
INSERT INTO Plays(GID, PID) VALUES (1183, 358);
INSERT INTO Plays(GID, PID) VALUES (780, 236);
INSERT INTO Plays(GID, PID) VALUES (1050, 234);
INSERT INTO Plays(GID, PID) VALUES (1246, 496);
INSERT INTO Plays(GID, PID) VALUES (1212, 418);
INSERT INTO Plays(GID, PID) VALUES (1231, 532);
INSERT INTO Plays(GID, PID) VALUES (1298, 138);
INSERT INTO Plays(GID, PID) VALUES (920, 483);
INSERT INTO Plays(GID, PID) VALUES (398, 346);
INSERT INTO Plays(GID, PID) VALUES (1170, 438);
INSERT INTO Plays(GID, PID) VALUES (1465, 508);
INSERT INTO Plays(GID, PID) VALUES (1056, 168);
INSERT INTO Plays(GID, PID) VALUES (1156, 340);
INSERT INTO Plays(GID, PID) VALUES (1498, 342);
INSERT INTO Plays(GID, PID) VALUES (963, 364);
INSERT INTO Plays(GID, PID) VALUES (1413, 316);
INSERT INTO Plays(GID, PID) VALUES (1092, 91);
INSERT INTO Plays(GID, PID) VALUES (694, 211);
INSERT INTO Plays(GID, PID) VALUES (1493, 63);
INSERT INTO Plays(GID, PID) VALUES (1172, 515);
INSERT INTO Plays(GID, PID) VALUES (1392, 433);
INSERT INTO Plays(GID, PID) VALUES (1257, 285);
INSERT INTO Plays(GID, PID) VALUES (391, 421);
INSERT INTO Plays(GID, PID) VALUES (117, 146);
INSERT INTO Plays(GID, PID) VALUES (1277, 201);
INSERT INTO Plays(GID, PID) VALUES (172, 425);
INSERT INTO Plays(GID, PID) VALUES (1264, 445);
INSERT INTO Plays(GID, PID) VALUES (370, 387);
INSERT INTO Plays(GID, PID) VALUES (1429, 296);
INSERT INTO Plays(GID, PID) VALUES (1298, 123);
INSERT INTO Plays(GID, PID) VALUES (939, 304);
INSERT INTO Plays(GID, PID) VALUES (878, 430);
INSERT INTO Plays(GID, PID) VALUES (1328, 520);
INSERT INTO Plays(GID, PID) VALUES (1451, 404);
INSERT INTO Plays(GID, PID) VALUES (1012, 475);
INSERT INTO Plays(GID, PID) VALUES (948, 398);
INSERT INTO Plays(GID, PID) VALUES (1356, 301);
INSERT INTO Plays(GID, PID) VALUES (1434, 168);
INSERT INTO Plays(GID, PID) VALUES (618, 510);
INSERT INTO Plays(GID, PID) VALUES (202, 520);
INSERT INTO Plays(GID, PID) VALUES (1090, 513);
INSERT INTO Plays(GID, PID) VALUES (1125, 96);
INSERT INTO Plays(GID, PID) VALUES (1103, 261);
INSERT INTO Plays(GID, PID) VALUES (1093, 428);
INSERT INTO Plays(GID, PID) VALUES (1233, 360);
INSERT INTO Plays(GID, PID) VALUES (1305, 284);
INSERT INTO Plays(GID, PID) VALUES (1427, 134);
INSERT INTO Plays(GID, PID) VALUES (1487, 165);
INSERT INTO Plays(GID, PID) VALUES (1210, 448);
INSERT INTO Plays(GID, PID) VALUES (1000, 518);
INSERT INTO Plays(GID, PID) VALUES (1002, 171);
INSERT INTO Plays(GID, PID) VALUES (960, 498);
INSERT INTO Plays(GID, PID) VALUES (1456, 275);
INSERT INTO Plays(GID, PID) VALUES (555, 305);
INSERT INTO Plays(GID, PID) VALUES (721, 176);
INSERT INTO Plays(GID, PID) VALUES (1501, 213);
INSERT INTO Plays(GID, PID) VALUES (648, 472);
INSERT INTO Plays(GID, PID) VALUES (1495, 404);
INSERT INTO Plays(GID, PID) VALUES (628, 462);
INSERT INTO Plays(GID, PID) VALUES (607, 390);
INSERT INTO Plays(GID, PID) VALUES (1335, 500);
INSERT INTO Plays(GID, PID) VALUES (1433, 520);
INSERT INTO Plays(GID, PID) VALUES (132, 450);
INSERT INTO Plays(GID, PID) VALUES (910, 511);
INSERT INTO Plays(GID, PID) VALUES (1338, 440);
INSERT INTO Plays(GID, PID) VALUES (1306, 488);
INSERT INTO Plays(GID, PID) VALUES (1211, 263);
INSERT INTO Plays(GID, PID) VALUES (1053, 217);
INSERT INTO Plays(GID, PID) VALUES (1038, 415);
INSERT INTO Plays(GID, PID) VALUES (1248, 430);
INSERT INTO Plays(GID, PID) VALUES (1329, 456);
INSERT INTO Plays(GID, PID) VALUES (1021, 449);
INSERT INTO Plays(GID, PID) VALUES (733, 534);
INSERT INTO Plays(GID, PID) VALUES (1249, 363);
INSERT INTO Plays(GID, PID) VALUES (763, 502);
INSERT INTO Plays(GID, PID) VALUES (1318, 471);
INSERT INTO Plays(GID, PID) VALUES (995, 220);
INSERT INTO Plays(GID, PID) VALUES (331, 478);
INSERT INTO Plays(GID, PID) VALUES (986, 487);
INSERT INTO Plays(GID, PID) VALUES (1176, 498);
INSERT INTO Plays(GID, PID) VALUES (408, 232);
INSERT INTO Plays(GID, PID) VALUES (881, 276);
INSERT INTO Plays(GID, PID) VALUES (656, 492);
INSERT INTO Plays(GID, PID) VALUES (1090, 396);
INSERT INTO Plays(GID, PID) VALUES (696, 536);
INSERT INTO Plays(GID, PID) VALUES (1457, 539);
INSERT INTO Plays(GID, PID) VALUES (989, 365);
INSERT INTO Plays(GID, PID) VALUES (1398, 430);
INSERT INTO Plays(GID, PID) VALUES (1041, 341);
INSERT INTO Plays(GID, PID) VALUES (573, 189);
INSERT INTO Plays(GID, PID) VALUES (803, 269);
INSERT INTO Plays(GID, PID) VALUES (217, 415);
INSERT INTO Plays(GID, PID) VALUES (934, 314);
INSERT INTO Plays(GID, PID) VALUES (625, 364);
INSERT INTO Plays(GID, PID) VALUES (1197, 543);
INSERT INTO Plays(GID, PID) VALUES (760, 270);
INSERT INTO Plays(GID, PID) VALUES (1355, 537);
INSERT INTO Plays(GID, PID) VALUES (1342, 169);
INSERT INTO Plays(GID, PID) VALUES (1192, 17);
INSERT INTO Plays(GID, PID) VALUES (1483, 307);
INSERT INTO Plays(GID, PID) VALUES (831, 499);
INSERT INTO Plays(GID, PID) VALUES (815, 518);
INSERT INTO Plays(GID, PID) VALUES (1102, 467);
INSERT INTO Plays(GID, PID) VALUES (548, 215);
INSERT INTO Plays(GID, PID) VALUES (793, 68);
INSERT INTO Plays(GID, PID) VALUES (769, 286);
INSERT INTO Plays(GID, PID) VALUES (1396, 408);
INSERT INTO Plays(GID, PID) VALUES (1424, 289);
INSERT INTO Plays(GID, PID) VALUES (1288, 269);
INSERT INTO Plays(GID, PID) VALUES (741, 143);
INSERT INTO Plays(GID, PID) VALUES (846, 328);
INSERT INTO Plays(GID, PID) VALUES (879, 383);
INSERT INTO Plays(GID, PID) VALUES (1161, 193);
INSERT INTO Plays(GID, PID) VALUES (538, 201);
INSERT INTO Plays(GID, PID) VALUES (1016, 257);
INSERT INTO Plays(GID, PID) VALUES (385, 172);
INSERT INTO Plays(GID, PID) VALUES (150, 474);
INSERT INTO Plays(GID, PID) VALUES (1063, 326);
INSERT INTO Plays(GID, PID) VALUES (1081, 402);
INSERT INTO Plays(GID, PID) VALUES (1128, 432);
INSERT INTO Plays(GID, PID) VALUES (1435, 484);
INSERT INTO Plays(GID, PID) VALUES (898, 493);
INSERT INTO Plays(GID, PID) VALUES (491, 477);
INSERT INTO Plays(GID, PID) VALUES (193, 273);
INSERT INTO Plays(GID, PID) VALUES (854, 498);
INSERT INTO Plays(GID, PID) VALUES (681, 276);
INSERT INTO Plays(GID, PID) VALUES (1309, 434);
INSERT INTO Plays(GID, PID) VALUES (1316, 402);
INSERT INTO Plays(GID, PID) VALUES (1243, 322);
INSERT INTO Plays(GID, PID) VALUES (1141, 514);
INSERT INTO Plays(GID, PID) VALUES (1500, 202);
INSERT INTO Plays(GID, PID) VALUES (1428, 435);
INSERT INTO Plays(GID, PID) VALUES (1504, 32);
INSERT INTO Plays(GID, PID) VALUES (1116, 343);
INSERT INTO Plays(GID, PID) VALUES (268, 390);
INSERT INTO Plays(GID, PID) VALUES (837, 182);
INSERT INTO Plays(GID, PID) VALUES (1456, 527);
INSERT INTO Plays(GID, PID) VALUES (1269, 444);
INSERT INTO Plays(GID, PID) VALUES (1443, 113);
INSERT INTO Plays(GID, PID) VALUES (1414, 464);
INSERT INTO Plays(GID, PID) VALUES (1495, 267);
INSERT INTO Plays(GID, PID) VALUES (1412, 161);
INSERT INTO Plays(GID, PID) VALUES (1198, 469);
INSERT INTO Plays(GID, PID) VALUES (467, 437);
INSERT INTO Plays(GID, PID) VALUES (1105, 306);
INSERT INTO Plays(GID, PID) VALUES (1016, 445);
INSERT INTO Plays(GID, PID) VALUES (841, 397);
INSERT INTO Plays(GID, PID) VALUES (1102, 324);
INSERT INTO Plays(GID, PID) VALUES (1308, 304);
INSERT INTO Plays(GID, PID) VALUES (1369, 160);
INSERT INTO Plays(GID, PID) VALUES (672, 482);
INSERT INTO Plays(GID, PID) VALUES (1285, 202);
INSERT INTO Plays(GID, PID) VALUES (1349, 200);
INSERT INTO Plays(GID, PID) VALUES (638, 361);
INSERT INTO Plays(GID, PID) VALUES (621, 462);
INSERT INTO Plays(GID, PID) VALUES (1479, 136);
INSERT INTO Plays(GID, PID) VALUES (584, 216);
INSERT INTO Plays(GID, PID) VALUES (1429, 500);
INSERT INTO Plays(GID, PID) VALUES (1057, 481);
INSERT INTO Plays(GID, PID) VALUES (479, 543);
INSERT INTO Plays(GID, PID) VALUES (1232, 99);
INSERT INTO Plays(GID, PID) VALUES (1132, 406);
INSERT INTO Plays(GID, PID) VALUES (1438, 539);
INSERT INTO Plays(GID, PID) VALUES (818, 174);
INSERT INTO Plays(GID, PID) VALUES (656, 445);
INSERT INTO Plays(GID, PID) VALUES (1018, 191);
INSERT INTO Plays(GID, PID) VALUES (770, 339);
INSERT INTO Plays(GID, PID) VALUES (1091, 236);
INSERT INTO Plays(GID, PID) VALUES (1194, 140);
INSERT INTO Plays(GID, PID) VALUES (1338, 457);
INSERT INTO Plays(GID, PID) VALUES (1319, 486);
INSERT INTO Plays(GID, PID) VALUES (1473, 473);
INSERT INTO Plays(GID, PID) VALUES (1169, 521);
INSERT INTO Plays(GID, PID) VALUES (1262, 504);
INSERT INTO Plays(GID, PID) VALUES (1395, 170);
INSERT INTO Plays(GID, PID) VALUES (544, 488);
INSERT INTO Plays(GID, PID) VALUES (906, 396);
INSERT INTO Plays(GID, PID) VALUES (1078, 454);
INSERT INTO Plays(GID, PID) VALUES (1346, 286);
INSERT INTO Plays(GID, PID) VALUES (1464, 489);
INSERT INTO Plays(GID, PID) VALUES (1453, 541);
INSERT INTO Plays(GID, PID) VALUES (928, 346);
INSERT INTO Plays(GID, PID) VALUES (1159, 240);
INSERT INTO Plays(GID, PID) VALUES (769, 517);
INSERT INTO Plays(GID, PID) VALUES (1177, 257);
INSERT INTO Plays(GID, PID) VALUES (234, 124);
INSERT INTO Plays(GID, PID) VALUES (1354, 335);
INSERT INTO Plays(GID, PID) VALUES (825, 539);
INSERT INTO Plays(GID, PID) VALUES (1382, 350);
INSERT INTO Plays(GID, PID) VALUES (1076, 37);
INSERT INTO Plays(GID, PID) VALUES (1354, 456);
INSERT INTO Plays(GID, PID) VALUES (727, 436);
INSERT INTO Plays(GID, PID) VALUES (878, 226);
INSERT INTO Plays(GID, PID) VALUES (1008, 470);
INSERT INTO Plays(GID, PID) VALUES (1122, 204);
INSERT INTO Plays(GID, PID) VALUES (546, 342);
INSERT INTO Plays(GID, PID) VALUES (1347, 380);
INSERT INTO Plays(GID, PID) VALUES (1244, 389);
INSERT INTO Plays(GID, PID) VALUES (973, 341);
INSERT INTO Plays(GID, PID) VALUES (1183, 529);
INSERT INTO Plays(GID, PID) VALUES (1503, 94);
INSERT INTO Plays(GID, PID) VALUES (965, 436);
INSERT INTO Plays(GID, PID) VALUES (1190, 489);
INSERT INTO Plays(GID, PID) VALUES (709, 459);
INSERT INTO Plays(GID, PID) VALUES (1274, 372);
INSERT INTO Plays(GID, PID) VALUES (624, 466);
INSERT INTO Plays(GID, PID) VALUES (924, 394);
INSERT INTO Plays(GID, PID) VALUES (589, 460);
INSERT INTO Plays(GID, PID) VALUES (1394, 210);
INSERT INTO Plays(GID, PID) VALUES (1111, 458);
INSERT INTO Plays(GID, PID) VALUES (670, 541);
INSERT INTO Plays(GID, PID) VALUES (1067, 320);
INSERT INTO Plays(GID, PID) VALUES (1296, 511);
INSERT INTO Plays(GID, PID) VALUES (1369, 522);
INSERT INTO Plays(GID, PID) VALUES (1467, 326);
INSERT INTO Plays(GID, PID) VALUES (79, 494);
INSERT INTO Plays(GID, PID) VALUES (1199, 327);
INSERT INTO Plays(GID, PID) VALUES (411, 431);
INSERT INTO Plays(GID, PID) VALUES (469, 503);
INSERT INTO Plays(GID, PID) VALUES (1157, 484);
INSERT INTO Plays(GID, PID) VALUES (849, 282);
INSERT INTO Plays(GID, PID) VALUES (1237, 535);
INSERT INTO Plays(GID, PID) VALUES (1247, 73);
INSERT INTO Plays(GID, PID) VALUES (616, 495);
INSERT INTO Plays(GID, PID) VALUES (1104, 401);
INSERT INTO Plays(GID, PID) VALUES (1102, 459);
INSERT INTO Plays(GID, PID) VALUES (367, 467);
INSERT INTO Plays(GID, PID) VALUES (1184, 107);
INSERT INTO Plays(GID, PID) VALUES (1474, 486);
INSERT INTO Plays(GID, PID) VALUES (604, 364);
INSERT INTO Plays(GID, PID) VALUES (789, 519);
INSERT INTO Plays(GID, PID) VALUES (788, 220);
INSERT INTO Plays(GID, PID) VALUES (1339, 519);
INSERT INTO Plays(GID, PID) VALUES (1319, 321);
INSERT INTO Plays(GID, PID) VALUES (564, 513);
INSERT INTO Plays(GID, PID) VALUES (600, 326);
INSERT INTO Plays(GID, PID) VALUES (863, 368);
INSERT INTO Plays(GID, PID) VALUES (1040, 497);
INSERT INTO Plays(GID, PID) VALUES (1226, 68);
INSERT INTO Plays(GID, PID) VALUES (1127, 436);
INSERT INTO Plays(GID, PID) VALUES (900, 244);
INSERT INTO Plays(GID, PID) VALUES (1458, 170);
INSERT INTO Plays(GID, PID) VALUES (556, 351);
INSERT INTO Plays(GID, PID) VALUES (704, 406);
INSERT INTO Plays(GID, PID) VALUES (128, 169);
INSERT INTO Plays(GID, PID) VALUES (137, 335);
INSERT INTO Plays(GID, PID) VALUES (1110, 289);
INSERT INTO Plays(GID, PID) VALUES (661, 289);
INSERT INTO Plays(GID, PID) VALUES (1196, 315);
INSERT INTO Plays(GID, PID) VALUES (716, 533);
INSERT INTO Plays(GID, PID) VALUES (853, 478);
INSERT INTO Plays(GID, PID) VALUES (724, 337);
INSERT INTO Plays(GID, PID) VALUES (706, 438);
INSERT INTO Plays(GID, PID) VALUES (1229, 458);
INSERT INTO Plays(GID, PID) VALUES (896, 511);
INSERT INTO Plays(GID, PID) VALUES (441, 260);
INSERT INTO Plays(GID, PID) VALUES (860, 459);
INSERT INTO Plays(GID, PID) VALUES (544, 86);
INSERT INTO Plays(GID, PID) VALUES (1150, 370);
INSERT INTO Plays(GID, PID) VALUES (1126, 321);
INSERT INTO Plays(GID, PID) VALUES (1286, 418);
INSERT INTO Plays(GID, PID) VALUES (1407, 410);
INSERT INTO Plays(GID, PID) VALUES (1388, 285);
INSERT INTO Plays(GID, PID) VALUES (1177, 141);
INSERT INTO Plays(GID, PID) VALUES (257, 378);
INSERT INTO Plays(GID, PID) VALUES (760, 498);
INSERT INTO Plays(GID, PID) VALUES (711, 322);
INSERT INTO Plays(GID, PID) VALUES (75, 379);
INSERT INTO Plays(GID, PID) VALUES (668, 362);
INSERT INTO Plays(GID, PID) VALUES (861, 445);
INSERT INTO Plays(GID, PID) VALUES (1426, 404);
INSERT INTO Plays(GID, PID) VALUES (774, 349);
INSERT INTO Plays(GID, PID) VALUES (997, 258);
INSERT INTO Plays(GID, PID) VALUES (1249, 342);
INSERT INTO Plays(GID, PID) VALUES (1299, 82);
INSERT INTO Plays(GID, PID) VALUES (1180, 271);
INSERT INTO Plays(GID, PID) VALUES (1361, 375);
INSERT INTO Plays(GID, PID) VALUES (1304, 380);
INSERT INTO Plays(GID, PID) VALUES (1122, 445);
INSERT INTO Plays(GID, PID) VALUES (587, 327);
INSERT INTO Plays(GID, PID) VALUES (675, 416);
INSERT INTO Plays(GID, PID) VALUES (1457, 347);
INSERT INTO Plays(GID, PID) VALUES (1424, 354);
INSERT INTO Plays(GID, PID) VALUES (1402, 527);
INSERT INTO Plays(GID, PID) VALUES (1175, 165);
INSERT INTO Plays(GID, PID) VALUES (1208, 241);
INSERT INTO Plays(GID, PID) VALUES (1175, 387);
INSERT INTO Plays(GID, PID) VALUES (1288, 518);
INSERT INTO Plays(GID, PID) VALUES (831, 120);
INSERT INTO Plays(GID, PID) VALUES (404, 353);
INSERT INTO Plays(GID, PID) VALUES (1233, 122);
INSERT INTO Plays(GID, PID) VALUES (1092, 450);
INSERT INTO Plays(GID, PID) VALUES (631, 380);
INSERT INTO Plays(GID, PID) VALUES (599, 286);
INSERT INTO Plays(GID, PID) VALUES (1204, 465);
INSERT INTO Plays(GID, PID) VALUES (849, 303);
INSERT INTO Plays(GID, PID) VALUES (1276, 499);
INSERT INTO Plays(GID, PID) VALUES (776, 275);
INSERT INTO Plays(GID, PID) VALUES (666, 426);
INSERT INTO Plays(GID, PID) VALUES (1265, 200);
INSERT INTO Plays(GID, PID) VALUES (866, 488);
INSERT INTO Plays(GID, PID) VALUES (843, 322);
INSERT INTO Plays(GID, PID) VALUES (769, 527);
INSERT INTO Plays(GID, PID) VALUES (1497, 118);
INSERT INTO Plays(GID, PID) VALUES (1031, 409);
INSERT INTO Plays(GID, PID) VALUES (1182, 136);
INSERT INTO Plays(GID, PID) VALUES (1303, 204);
INSERT INTO Plays(GID, PID) VALUES (1195, 206);
INSERT INTO Plays(GID, PID) VALUES (976, 523);
INSERT INTO Plays(GID, PID) VALUES (1221, 483);
INSERT INTO Plays(GID, PID) VALUES (475, 134);
INSERT INTO Plays(GID, PID) VALUES (1430, 537);
INSERT INTO Plays(GID, PID) VALUES (727, 492);
INSERT INTO Plays(GID, PID) VALUES (990, 223);
INSERT INTO Plays(GID, PID) VALUES (830, 356);
INSERT INTO Plays(GID, PID) VALUES (731, 203);
INSERT INTO Plays(GID, PID) VALUES (1055, 433);
INSERT INTO Plays(GID, PID) VALUES (1143, 403);
INSERT INTO Plays(GID, PID) VALUES (1163, 472);
INSERT INTO Plays(GID, PID) VALUES (851, 410);
INSERT INTO Plays(GID, PID) VALUES (1195, 140);
INSERT INTO Plays(GID, PID) VALUES (686, 526);
INSERT INTO Plays(GID, PID) VALUES (427, 335);
INSERT INTO Plays(GID, PID) VALUES (833, 498);
INSERT INTO Plays(GID, PID) VALUES (1192, 385);
INSERT INTO Plays(GID, PID) VALUES (1129, 534);
INSERT INTO Plays(GID, PID) VALUES (1461, 464);
INSERT INTO Plays(GID, PID) VALUES (1112, 371);
INSERT INTO Plays(GID, PID) VALUES (1199, 228);
INSERT INTO Plays(GID, PID) VALUES (1172, 538);
INSERT INTO Plays(GID, PID) VALUES (521, 527);
INSERT INTO Plays(GID, PID) VALUES (1142, 499);
INSERT INTO Plays(GID, PID) VALUES (943, 425);
INSERT INTO Plays(GID, PID) VALUES (910, 213);
INSERT INTO Plays(GID, PID) VALUES (1279, 541);
INSERT INTO Plays(GID, PID) VALUES (360, 450);
INSERT INTO Plays(GID, PID) VALUES (1187, 323);
INSERT INTO Plays(GID, PID) VALUES (1289, 280);
INSERT INTO Plays(GID, PID) VALUES (486, 456);
INSERT INTO Plays(GID, PID) VALUES (682, 109);
INSERT INTO Plays(GID, PID) VALUES (114, 465);
INSERT INTO Plays(GID, PID) VALUES (1020, 477);
INSERT INTO Plays(GID, PID) VALUES (729, 529);
INSERT INTO Plays(GID, PID) VALUES (533, 44);
INSERT INTO Plays(GID, PID) VALUES (1494, 507);
INSERT INTO Plays(GID, PID) VALUES (1355, 465);
INSERT INTO Plays(GID, PID) VALUES (1141, 177);
INSERT INTO Plays(GID, PID) VALUES (1276, 338);
INSERT INTO Plays(GID, PID) VALUES (1107, 535);
INSERT INTO Plays(GID, PID) VALUES (1473, 158);
INSERT INTO Plays(GID, PID) VALUES (1320, 279);
INSERT INTO Plays(GID, PID) VALUES (1182, 69);
INSERT INTO Plays(GID, PID) VALUES (798, 340);
INSERT INTO Plays(GID, PID) VALUES (466, 322);
INSERT INTO Plays(GID, PID) VALUES (941, 337);
INSERT INTO Plays(GID, PID) VALUES (517, 298);
INSERT INTO Plays(GID, PID) VALUES (399, 342);
INSERT INTO Plays(GID, PID) VALUES (885, 413);
INSERT INTO Plays(GID, PID) VALUES (1150, 300);
INSERT INTO Plays(GID, PID) VALUES (632, 373);
INSERT INTO Plays(GID, PID) VALUES (679, 411);
INSERT INTO Plays(GID, PID) VALUES (1239, 540);
INSERT INTO Plays(GID, PID) VALUES (922, 480);
INSERT INTO Plays(GID, PID) VALUES (1301, 342);
INSERT INTO Plays(GID, PID) VALUES (1044, 521);
INSERT INTO Plays(GID, PID) VALUES (640, 457);
INSERT INTO Plays(GID, PID) VALUES (1279, 272);
INSERT INTO Plays(GID, PID) VALUES (1208, 486);
INSERT INTO Plays(GID, PID) VALUES (581, 36);
INSERT INTO Plays(GID, PID) VALUES (940, 468);
INSERT INTO Plays(GID, PID) VALUES (310, 399);
INSERT INTO Plays(GID, PID) VALUES (1457, 388);
INSERT INTO Plays(GID, PID) VALUES (443, 183);
INSERT INTO Plays(GID, PID) VALUES (974, 289);
INSERT INTO Plays(GID, PID) VALUES (1307, 445);
INSERT INTO Plays(GID, PID) VALUES (741, 419);
INSERT INTO Plays(GID, PID) VALUES (1293, 521);
INSERT INTO Plays(GID, PID) VALUES (847, 532);
INSERT INTO Plays(GID, PID) VALUES (1409, 379);
INSERT INTO Plays(GID, PID) VALUES (661, 486);
INSERT INTO Plays(GID, PID) VALUES (338, 131);
INSERT INTO Plays(GID, PID) VALUES (1392, 520);
INSERT INTO Plays(GID, PID) VALUES (1443, 453);
INSERT INTO Plays(GID, PID) VALUES (994, 39);
INSERT INTO Plays(GID, PID) VALUES (1112, 303);
INSERT INTO Plays(GID, PID) VALUES (1362, 376);
INSERT INTO Plays(GID, PID) VALUES (1158, 378);
INSERT INTO Plays(GID, PID) VALUES (1318, 517);
INSERT INTO Plays(GID, PID) VALUES (1144, 57);
INSERT INTO Plays(GID, PID) VALUES (1172, 393);
INSERT INTO Plays(GID, PID) VALUES (1044, 492);
INSERT INTO Plays(GID, PID) VALUES (1295, 237);
INSERT INTO Plays(GID, PID) VALUES (584, 255);
INSERT INTO Plays(GID, PID) VALUES (1265, 131);
INSERT INTO Plays(GID, PID) VALUES (1393, 90);
INSERT INTO Plays(GID, PID) VALUES (440, 516);
INSERT INTO Plays(GID, PID) VALUES (1359, 518);
INSERT INTO Plays(GID, PID) VALUES (1168, 527);
INSERT INTO Plays(GID, PID) VALUES (1464, 466);
INSERT INTO Plays(GID, PID) VALUES (328, 107);
INSERT INTO Plays(GID, PID) VALUES (1083, 382);
INSERT INTO Plays(GID, PID) VALUES (1487, 506);
INSERT INTO Plays(GID, PID) VALUES (1324, 180);
INSERT INTO Plays(GID, PID) VALUES (524, 469);
INSERT INTO Plays(GID, PID) VALUES (778, 322);
INSERT INTO Plays(GID, PID) VALUES (625, 464);
INSERT INTO Plays(GID, PID) VALUES (1443, 470);
INSERT INTO Plays(GID, PID) VALUES (1481, 519);
INSERT INTO Plays(GID, PID) VALUES (1483, 144);
INSERT INTO Plays(GID, PID) VALUES (470, 447);
INSERT INTO Plays(GID, PID) VALUES (1142, 495);
INSERT INTO Plays(GID, PID) VALUES (1291, 233);
INSERT INTO Plays(GID, PID) VALUES (533, 340);
INSERT INTO Plays(GID, PID) VALUES (539, 317);
INSERT INTO Plays(GID, PID) VALUES (926, 146);
INSERT INTO Plays(GID, PID) VALUES (1132, 228);
INSERT INTO Plays(GID, PID) VALUES (314, 515);
INSERT INTO Plays(GID, PID) VALUES (133, 400);
INSERT INTO Plays(GID, PID) VALUES (807, 491);
INSERT INTO Plays(GID, PID) VALUES (620, 195);
INSERT INTO Plays(GID, PID) VALUES (1393, 405);
INSERT INTO Plays(GID, PID) VALUES (829, 318);
INSERT INTO Plays(GID, PID) VALUES (761, 479);
INSERT INTO Plays(GID, PID) VALUES (1385, 284);
INSERT INTO Plays(GID, PID) VALUES (1466, 259);
INSERT INTO Plays(GID, PID) VALUES (358, 528);
INSERT INTO Plays(GID, PID) VALUES (540, 394);
INSERT INTO Plays(GID, PID) VALUES (1441, 484);
INSERT INTO Plays(GID, PID) VALUES (550, 274);
INSERT INTO Plays(GID, PID) VALUES (861, 117);
INSERT INTO Plays(GID, PID) VALUES (710, 389);
INSERT INTO Plays(GID, PID) VALUES (964, 514);
INSERT INTO Plays(GID, PID) VALUES (995, 280);
INSERT INTO Plays(GID, PID) VALUES (436, 351);
INSERT INTO Plays(GID, PID) VALUES (1113, 463);
INSERT INTO Plays(GID, PID) VALUES (796, 274);
INSERT INTO Plays(GID, PID) VALUES (1162, 346);
INSERT INTO Plays(GID, PID) VALUES (643, 415);
INSERT INTO Plays(GID, PID) VALUES (1393, 502);
INSERT INTO Plays(GID, PID) VALUES (426, 94);
INSERT INTO Plays(GID, PID) VALUES (1486, 488);
INSERT INTO Plays(GID, PID) VALUES (868, 201);
INSERT INTO Plays(GID, PID) VALUES (1451, 176);
INSERT INTO Plays(GID, PID) VALUES (902, 272);
INSERT INTO Plays(GID, PID) VALUES (821, 138);
INSERT INTO Plays(GID, PID) VALUES (1143, 450);
INSERT INTO Plays(GID, PID) VALUES (1146, 392);
INSERT INTO Plays(GID, PID) VALUES (1334, 540);
INSERT INTO Plays(GID, PID) VALUES (959, 72);
INSERT INTO Plays(GID, PID) VALUES (1297, 507);
INSERT INTO Plays(GID, PID) VALUES (530, 531);
INSERT INTO Plays(GID, PID) VALUES (902, 82);
INSERT INTO Plays(GID, PID) VALUES (1172, 461);
INSERT INTO Plays(GID, PID) VALUES (1139, 400);
INSERT INTO Plays(GID, PID) VALUES (1138, 370);
INSERT INTO Plays(GID, PID) VALUES (785, 439);
INSERT INTO Plays(GID, PID) VALUES (1337, 402);
INSERT INTO Plays(GID, PID) VALUES (1215, 423);
INSERT INTO Plays(GID, PID) VALUES (1393, 461);
INSERT INTO Plays(GID, PID) VALUES (1333, 59);
INSERT INTO Plays(GID, PID) VALUES (1258, 213);
INSERT INTO Plays(GID, PID) VALUES (1236, 327);
INSERT INTO Plays(GID, PID) VALUES (890, 287);
INSERT INTO Plays(GID, PID) VALUES (821, 369);
INSERT INTO Plays(GID, PID) VALUES (867, 473);
INSERT INTO Plays(GID, PID) VALUES (1268, 109);
INSERT INTO Plays(GID, PID) VALUES (379, 367);
INSERT INTO Plays(GID, PID) VALUES (633, 143);
INSERT INTO Plays(GID, PID) VALUES (1176, 445);
INSERT INTO Plays(GID, PID) VALUES (553, 471);
INSERT INTO Plays(GID, PID) VALUES (955, 233);
INSERT INTO Plays(GID, PID) VALUES (1287, 347);
INSERT INTO Plays(GID, PID) VALUES (173, 239);
INSERT INTO Plays(GID, PID) VALUES (1438, 337);
INSERT INTO Plays(GID, PID) VALUES (947, 507);
INSERT INTO Plays(GID, PID) VALUES (237, 454);
INSERT INTO Plays(GID, PID) VALUES (373, 168);
INSERT INTO Plays(GID, PID) VALUES (921, 455);
INSERT INTO Plays(GID, PID) VALUES (605, 349);
INSERT INTO Plays(GID, PID) VALUES (617, 446);
INSERT INTO Plays(GID, PID) VALUES (1271, 382);
INSERT INTO Plays(GID, PID) VALUES (1467, 509);
INSERT INTO Plays(GID, PID) VALUES (1465, 479);
INSERT INTO Plays(GID, PID) VALUES (1007, 194);
INSERT INTO Plays(GID, PID) VALUES (1410, 406);
INSERT INTO Plays(GID, PID) VALUES (1296, 415);
INSERT INTO Plays(GID, PID) VALUES (1498, 288);
INSERT INTO Plays(GID, PID) VALUES (1036, 374);
INSERT INTO Plays(GID, PID) VALUES (1394, 34);
INSERT INTO Plays(GID, PID) VALUES (1407, 339);
INSERT INTO Plays(GID, PID) VALUES (445, 274);
INSERT INTO Plays(GID, PID) VALUES (890, 515);
INSERT INTO Plays(GID, PID) VALUES (1164, 210);
INSERT INTO Plays(GID, PID) VALUES (1127, 463);
INSERT INTO Plays(GID, PID) VALUES (950, 474);
INSERT INTO Plays(GID, PID) VALUES (759, 464);
INSERT INTO Plays(GID, PID) VALUES (1173, 182);
INSERT INTO Plays(GID, PID) VALUES (1419, 246);
INSERT INTO Plays(GID, PID) VALUES (869, 405);
INSERT INTO Plays(GID, PID) VALUES (508, 315);
INSERT INTO Plays(GID, PID) VALUES (1443, 250);
INSERT INTO Plays(GID, PID) VALUES (1057, 503);
INSERT INTO Plays(GID, PID) VALUES (865, 519);
INSERT INTO Plays(GID, PID) VALUES (1439, 535);
INSERT INTO Plays(GID, PID) VALUES (898, 236);
INSERT INTO Plays(GID, PID) VALUES (1002, 483);
INSERT INTO Plays(GID, PID) VALUES (1248, 362);
INSERT INTO Plays(GID, PID) VALUES (1159, 484);
INSERT INTO Plays(GID, PID) VALUES (1084, 291);
INSERT INTO Plays(GID, PID) VALUES (329, 214);
INSERT INTO Plays(GID, PID) VALUES (1415, 521);
INSERT INTO Plays(GID, PID) VALUES (262, 299);
INSERT INTO Plays(GID, PID) VALUES (1073, 381);
INSERT INTO Plays(GID, PID) VALUES (325, 521);
INSERT INTO Plays(GID, PID) VALUES (762, 499);
INSERT INTO Plays(GID, PID) VALUES (351, 218);
INSERT INTO Plays(GID, PID) VALUES (197, 229);
INSERT INTO Plays(GID, PID) VALUES (447, 402);
INSERT INTO Plays(GID, PID) VALUES (1081, 320);
INSERT INTO Plays(GID, PID) VALUES (1102, 31);
INSERT INTO Plays(GID, PID) VALUES (1339, 508);
INSERT INTO Plays(GID, PID) VALUES (848, 538);
INSERT INTO Plays(GID, PID) VALUES (1324, 377);
INSERT INTO Plays(GID, PID) VALUES (1319, 519);
INSERT INTO Plays(GID, PID) VALUES (387, 295);
INSERT INTO Plays(GID, PID) VALUES (694, 491);
INSERT INTO Plays(GID, PID) VALUES (519, 530);
INSERT INTO Plays(GID, PID) VALUES (1000, 268);
INSERT INTO Plays(GID, PID) VALUES (608, 431);
INSERT INTO Plays(GID, PID) VALUES (1032, 380);
INSERT INTO Plays(GID, PID) VALUES (1212, 352);
INSERT INTO Plays(GID, PID) VALUES (1163, 394);
INSERT INTO Plays(GID, PID) VALUES (406, 444);
INSERT INTO Plays(GID, PID) VALUES (179, 450);
INSERT INTO Plays(GID, PID) VALUES (1249, 417);
INSERT INTO Plays(GID, PID) VALUES (1023, 403);
INSERT INTO Plays(GID, PID) VALUES (1097, 377);
INSERT INTO Plays(GID, PID) VALUES (1476, 480);
INSERT INTO Plays(GID, PID) VALUES (1251, 301);
INSERT INTO Plays(GID, PID) VALUES (1167, 465);
INSERT INTO Plays(GID, PID) VALUES (1113, 473);
INSERT INTO Plays(GID, PID) VALUES (1266, 491);
INSERT INTO Plays(GID, PID) VALUES (363, 444);
INSERT INTO Plays(GID, PID) VALUES (817, 210);
INSERT INTO Plays(GID, PID) VALUES (1202, 256);
INSERT INTO Plays(GID, PID) VALUES (1205, 475);
INSERT INTO Plays(GID, PID) VALUES (810, 291);
INSERT INTO Plays(GID, PID) VALUES (1470, 266);
INSERT INTO Plays(GID, PID) VALUES (1447, 327);
INSERT INTO Plays(GID, PID) VALUES (1468, 535);
INSERT INTO Plays(GID, PID) VALUES (1085, 426);
INSERT INTO Plays(GID, PID) VALUES (467, 350);
INSERT INTO Plays(GID, PID) VALUES (664, 124);
INSERT INTO Plays(GID, PID) VALUES (901, 132);
INSERT INTO Plays(GID, PID) VALUES (1338, 512);
INSERT INTO Plays(GID, PID) VALUES (1208, 533);
INSERT INTO Plays(GID, PID) VALUES (1325, 316);
INSERT INTO Plays(GID, PID) VALUES (109, 323);
INSERT INTO Plays(GID, PID) VALUES (1067, 496);
INSERT INTO Plays(GID, PID) VALUES (356, 298);
INSERT INTO Plays(GID, PID) VALUES (385, 204);
INSERT INTO Plays(GID, PID) VALUES (986, 454);
INSERT INTO Plays(GID, PID) VALUES (1457, 324);
INSERT INTO Plays(GID, PID) VALUES (1275, 337);
INSERT INTO Plays(GID, PID) VALUES (894, 505);
INSERT INTO Plays(GID, PID) VALUES (1040, 445);
INSERT INTO Plays(GID, PID) VALUES (442, 508);
INSERT INTO Plays(GID, PID) VALUES (1447, 412);
INSERT INTO Plays(GID, PID) VALUES (1197, 288);
INSERT INTO Plays(GID, PID) VALUES (617, 289);
INSERT INTO Plays(GID, PID) VALUES (744, 354);
INSERT INTO Plays(GID, PID) VALUES (1313, 490);
INSERT INTO Plays(GID, PID) VALUES (612, 78);
INSERT INTO Plays(GID, PID) VALUES (1391, 476);
INSERT INTO Plays(GID, PID) VALUES (390, 444);
INSERT INTO Plays(GID, PID) VALUES (1354, 519);
INSERT INTO Plays(GID, PID) VALUES (1174, 198);
INSERT INTO Plays(GID, PID) VALUES (1051, 266);
INSERT INTO Plays(GID, PID) VALUES (1188, 402);
INSERT INTO Plays(GID, PID) VALUES (963, 247);
INSERT INTO Plays(GID, PID) VALUES (1410, 537);
INSERT INTO Plays(GID, PID) VALUES (1387, 512);
INSERT INTO Plays(GID, PID) VALUES (1022, 534);
INSERT INTO Plays(GID, PID) VALUES (747, 478);
INSERT INTO Plays(GID, PID) VALUES (364, 167);
INSERT INTO Plays(GID, PID) VALUES (1083, 350);
INSERT INTO Plays(GID, PID) VALUES (718, 299);
INSERT INTO Plays(GID, PID) VALUES (857, 287);
INSERT INTO Plays(GID, PID) VALUES (326, 341);
INSERT INTO Plays(GID, PID) VALUES (375, 230);
INSERT INTO Plays(GID, PID) VALUES (453, 183);
INSERT INTO Plays(GID, PID) VALUES (747, 508);
INSERT INTO Plays(GID, PID) VALUES (503, 455);
INSERT INTO Plays(GID, PID) VALUES (747, 466);
INSERT INTO Plays(GID, PID) VALUES (1461, 466);
INSERT INTO Plays(GID, PID) VALUES (1270, 440);
INSERT INTO Plays(GID, PID) VALUES (1110, 492);
INSERT INTO Plays(GID, PID) VALUES (1334, 408);
INSERT INTO Plays(GID, PID) VALUES (874, 43);
INSERT INTO Plays(GID, PID) VALUES (478, 98);
INSERT INTO Plays(GID, PID) VALUES (1007, 342);
INSERT INTO Plays(GID, PID) VALUES (1259, 428);
INSERT INTO Plays(GID, PID) VALUES (1427, 447);
INSERT INTO Plays(GID, PID) VALUES (397, 85);
INSERT INTO Plays(GID, PID) VALUES (680, 529);
INSERT INTO Plays(GID, PID) VALUES (369, 197);
INSERT INTO Plays(GID, PID) VALUES (97, 295);
INSERT INTO Plays(GID, PID) VALUES (1501, 301);
INSERT INTO Plays(GID, PID) VALUES (311, 185);
INSERT INTO Plays(GID, PID) VALUES (1389, 267);
INSERT INTO Plays(GID, PID) VALUES (1426, 540);
INSERT INTO Plays(GID, PID) VALUES (1351, 408);
INSERT INTO Plays(GID, PID) VALUES (538, 362);
INSERT INTO Plays(GID, PID) VALUES (1009, 418);
INSERT INTO Plays(GID, PID) VALUES (1190, 371);
INSERT INTO Plays(GID, PID) VALUES (1397, 403);
INSERT INTO Plays(GID, PID) VALUES (620, 148);
INSERT INTO Plays(GID, PID) VALUES (1303, 407);
INSERT INTO Plays(GID, PID) VALUES (1153, 143);
INSERT INTO Plays(GID, PID) VALUES (187, 492);
INSERT INTO Plays(GID, PID) VALUES (441, 149);
INSERT INTO Plays(GID, PID) VALUES (931, 532);
INSERT INTO Plays(GID, PID) VALUES (405, 154);
INSERT INTO Plays(GID, PID) VALUES (854, 355);
INSERT INTO Plays(GID, PID) VALUES (965, 523);
INSERT INTO Plays(GID, PID) VALUES (1053, 255);
INSERT INTO Plays(GID, PID) VALUES (1226, 254);
INSERT INTO Plays(GID, PID) VALUES (1355, 427);
INSERT INTO Plays(GID, PID) VALUES (436, 183);
INSERT INTO Plays(GID, PID) VALUES (1226, 359);
INSERT INTO Plays(GID, PID) VALUES (1076, 529);
INSERT INTO Plays(GID, PID) VALUES (1073, 496);
INSERT INTO Plays(GID, PID) VALUES (1430, 278);
INSERT INTO Plays(GID, PID) VALUES (430, 168);
INSERT INTO Plays(GID, PID) VALUES (1417, 521);
INSERT INTO Plays(GID, PID) VALUES (1501, 100);
INSERT INTO Plays(GID, PID) VALUES (1498, 536);
INSERT INTO Plays(GID, PID) VALUES (350, 334);
INSERT INTO Plays(GID, PID) VALUES (1349, 137);
INSERT INTO Plays(GID, PID) VALUES (1496, 333);
INSERT INTO Plays(GID, PID) VALUES (1163, 252);
INSERT INTO Plays(GID, PID) VALUES (991, 376);
INSERT INTO Plays(GID, PID) VALUES (468, 278);
INSERT INTO Plays(GID, PID) VALUES (923, 269);
INSERT INTO Plays(GID, PID) VALUES (1243, 231);
INSERT INTO Plays(GID, PID) VALUES (537, 110);
INSERT INTO Plays(GID, PID) VALUES (1408, 239);
INSERT INTO Plays(GID, PID) VALUES (1015, 433);
INSERT INTO Plays(GID, PID) VALUES (1287, 480);
INSERT INTO Plays(GID, PID) VALUES (1257, 398);
INSERT INTO Plays(GID, PID) VALUES (1137, 427);
INSERT INTO Plays(GID, PID) VALUES (1157, 453);
INSERT INTO Plays(GID, PID) VALUES (403, 408);
INSERT INTO Plays(GID, PID) VALUES (1190, 437);
INSERT INTO Plays(GID, PID) VALUES (227, 509);
INSERT INTO Plays(GID, PID) VALUES (457, 426);
INSERT INTO Plays(GID, PID) VALUES (460, 428);
INSERT INTO Plays(GID, PID) VALUES (1414, 394);
INSERT INTO Plays(GID, PID) VALUES (1322, 237);
INSERT INTO Plays(GID, PID) VALUES (917, 277);
INSERT INTO Plays(GID, PID) VALUES (825, 366);
INSERT INTO Plays(GID, PID) VALUES (1211, 384);
INSERT INTO Plays(GID, PID) VALUES (553, 228);
INSERT INTO Plays(GID, PID) VALUES (1470, 174);
INSERT INTO Plays(GID, PID) VALUES (1204, 506);
INSERT INTO Plays(GID, PID) VALUES (1048, 439);
INSERT INTO Plays(GID, PID) VALUES (886, 250);
INSERT INTO Plays(GID, PID) VALUES (1324, 151);
INSERT INTO Plays(GID, PID) VALUES (1280, 352);
INSERT INTO Plays(GID, PID) VALUES (818, 344);
INSERT INTO Plays(GID, PID) VALUES (188, 470);
INSERT INTO Plays(GID, PID) VALUES (912, 338);
INSERT INTO Plays(GID, PID) VALUES (1439, 179);
INSERT INTO Plays(GID, PID) VALUES (824, 272);
INSERT INTO Plays(GID, PID) VALUES (1075, 450);
INSERT INTO Plays(GID, PID) VALUES (563, 445);
INSERT INTO Plays(GID, PID) VALUES (621, 489);
INSERT INTO Plays(GID, PID) VALUES (1495, 482);
INSERT INTO Plays(GID, PID) VALUES (1421, 300);
INSERT INTO Plays(GID, PID) VALUES (625, 527);
INSERT INTO Plays(GID, PID) VALUES (1161, 396);
INSERT INTO Plays(GID, PID) VALUES (1298, 441);
INSERT INTO Plays(GID, PID) VALUES (1291, 528);
INSERT INTO Plays(GID, PID) VALUES (904, 392);
INSERT INTO Plays(GID, PID) VALUES (1444, 368);
INSERT INTO Plays(GID, PID) VALUES (683, 440);
INSERT INTO Plays(GID, PID) VALUES (319, 526);
INSERT INTO Plays(GID, PID) VALUES (321, 412);
INSERT INTO Plays(GID, PID) VALUES (1366, 532);
INSERT INTO Plays(GID, PID) VALUES (1209, 319);
INSERT INTO Plays(GID, PID) VALUES (196, 314);
INSERT INTO Plays(GID, PID) VALUES (574, 482);
INSERT INTO Plays(GID, PID) VALUES (1057, 197);
INSERT INTO Plays(GID, PID) VALUES (410, 371);
INSERT INTO Plays(GID, PID) VALUES (1503, 444);
INSERT INTO Plays(GID, PID) VALUES (857, 445);
INSERT INTO Plays(GID, PID) VALUES (1177, 468);
INSERT INTO Plays(GID, PID) VALUES (771, 134);
INSERT INTO Plays(GID, PID) VALUES (1086, 536);
INSERT INTO Plays(GID, PID) VALUES (1195, 232);
INSERT INTO Plays(GID, PID) VALUES (521, 463);
INSERT INTO Plays(GID, PID) VALUES (826, 447);
INSERT INTO Plays(GID, PID) VALUES (1199, 221);
INSERT INTO Plays(GID, PID) VALUES (1075, 193);
INSERT INTO Plays(GID, PID) VALUES (1021, 288);
INSERT INTO Plays(GID, PID) VALUES (389, 395);
INSERT INTO Plays(GID, PID) VALUES (1273, 423);
INSERT INTO Plays(GID, PID) VALUES (1293, 435);
INSERT INTO Plays(GID, PID) VALUES (493, 248);
INSERT INTO Plays(GID, PID) VALUES (1408, 490);
INSERT INTO Plays(GID, PID) VALUES (1045, 177);
INSERT INTO Plays(GID, PID) VALUES (1386, 243);
INSERT INTO Plays(GID, PID) VALUES (769, 167);
INSERT INTO Plays(GID, PID) VALUES (394, 181);
INSERT INTO Plays(GID, PID) VALUES (817, 481);
INSERT INTO Plays(GID, PID) VALUES (1075, 454);
INSERT INTO Plays(GID, PID) VALUES (921, 350);
INSERT INTO Plays(GID, PID) VALUES (1146, 490);
INSERT INTO Plays(GID, PID) VALUES (1457, 54);
INSERT INTO Plays(GID, PID) VALUES (811, 164);
INSERT INTO Plays(GID, PID) VALUES (1184, 343);
INSERT INTO Plays(GID, PID) VALUES (103, 325);
INSERT INTO Plays(GID, PID) VALUES (1504, 315);
INSERT INTO Plays(GID, PID) VALUES (1111, 469);
INSERT INTO Plays(GID, PID) VALUES (1122, 177);
INSERT INTO Plays(GID, PID) VALUES (694, 352);
INSERT INTO Plays(GID, PID) VALUES (1186, 108);
INSERT INTO Plays(GID, PID) VALUES (551, 135);
INSERT INTO Plays(GID, PID) VALUES (626, 511);
INSERT INTO Plays(GID, PID) VALUES (1228, 245);
INSERT INTO Plays(GID, PID) VALUES (1429, 372);
INSERT INTO Plays(GID, PID) VALUES (1414, 228);
INSERT INTO Plays(GID, PID) VALUES (1495, 286);
INSERT INTO Plays(GID, PID) VALUES (806, 370);
INSERT INTO Plays(GID, PID) VALUES (1121, 523);
INSERT INTO Plays(GID, PID) VALUES (856, 413);
INSERT INTO Plays(GID, PID) VALUES (1456, 227);
INSERT INTO Plays(GID, PID) VALUES (1075, 311);
INSERT INTO Plays(GID, PID) VALUES (404, 526);
INSERT INTO Plays(GID, PID) VALUES (310, 128);
INSERT INTO Plays(GID, PID) VALUES (1038, 431);
INSERT INTO Plays(GID, PID) VALUES (1230, 274);
INSERT INTO Plays(GID, PID) VALUES (847, 169);
INSERT INTO Plays(GID, PID) VALUES (1490, 487);
INSERT INTO Plays(GID, PID) VALUES (115, 381);
INSERT INTO Plays(GID, PID) VALUES (1474, 437);
INSERT INTO Plays(GID, PID) VALUES (1365, 518);
INSERT INTO Plays(GID, PID) VALUES (648, 499);
INSERT INTO Plays(GID, PID) VALUES (833, 489);
INSERT INTO Plays(GID, PID) VALUES (1291, 374);
INSERT INTO Plays(GID, PID) VALUES (342, 505);
INSERT INTO Plays(GID, PID) VALUES (289, 132);
INSERT INTO Plays(GID, PID) VALUES (937, 540);
INSERT INTO Plays(GID, PID) VALUES (1446, 402);
INSERT INTO Plays(GID, PID) VALUES (1168, 369);
INSERT INTO Plays(GID, PID) VALUES (449, 534);
INSERT INTO Plays(GID, PID) VALUES (709, 153);
INSERT INTO Plays(GID, PID) VALUES (632, 473);
INSERT INTO Plays(GID, PID) VALUES (1126, 399);
INSERT INTO Plays(GID, PID) VALUES (261, 215);
INSERT INTO Plays(GID, PID) VALUES (1349, 409);
INSERT INTO Plays(GID, PID) VALUES (1036, 541);
INSERT INTO Plays(GID, PID) VALUES (1373, 430);
INSERT INTO Plays(GID, PID) VALUES (995, 442);
INSERT INTO Plays(GID, PID) VALUES (550, 202);
INSERT INTO Plays(GID, PID) VALUES (40, 226);
INSERT INTO Plays(GID, PID) VALUES (726, 234);
INSERT INTO Plays(GID, PID) VALUES (627, 105);
INSERT INTO Plays(GID, PID) VALUES (1151, 428);
INSERT INTO Plays(GID, PID) VALUES (430, 170);
INSERT INTO Plays(GID, PID) VALUES (381, 235);
INSERT INTO Plays(GID, PID) VALUES (778, 224);
INSERT INTO Plays(GID, PID) VALUES (1450, 291);
INSERT INTO Plays(GID, PID) VALUES (1367, 362);
INSERT INTO Plays(GID, PID) VALUES (1167, 380);
INSERT INTO Plays(GID, PID) VALUES (352, 503);
INSERT INTO Plays(GID, PID) VALUES (1384, 346);
INSERT INTO Plays(GID, PID) VALUES (273, 395);
INSERT INTO Plays(GID, PID) VALUES (655, 447);
INSERT INTO Plays(GID, PID) VALUES (1360, 373);
INSERT INTO Plays(GID, PID) VALUES (1207, 309);
INSERT INTO Plays(GID, PID) VALUES (1074, 491);
INSERT INTO Plays(GID, PID) VALUES (1391, 509);
INSERT INTO Plays(GID, PID) VALUES (1063, 449);
INSERT INTO Plays(GID, PID) VALUES (1330, 361);
INSERT INTO Plays(GID, PID) VALUES (1193, 414);
INSERT INTO Plays(GID, PID) VALUES (1304, 500);
INSERT INTO Plays(GID, PID) VALUES (546, 514);
INSERT INTO Plays(GID, PID) VALUES (877, 448);
INSERT INTO Plays(GID, PID) VALUES (618, 532);
INSERT INTO Plays(GID, PID) VALUES (1358, 528);
INSERT INTO Plays(GID, PID) VALUES (887, 257);
INSERT INTO Plays(GID, PID) VALUES (1306, 441);
INSERT INTO Plays(GID, PID) VALUES (875, 335);
INSERT INTO Plays(GID, PID) VALUES (1389, 528);
INSERT INTO Plays(GID, PID) VALUES (777, 214);
INSERT INTO Plays(GID, PID) VALUES (1484, 383);
INSERT INTO Plays(GID, PID) VALUES (919, 479);
INSERT INTO Plays(GID, PID) VALUES (1020, 495);
INSERT INTO Plays(GID, PID) VALUES (780, 508);
INSERT INTO Plays(GID, PID) VALUES (1013, 266);
INSERT INTO Plays(GID, PID) VALUES (441, 515);
INSERT INTO Plays(GID, PID) VALUES (1340, 246);
INSERT INTO Plays(GID, PID) VALUES (1416, 254);
INSERT INTO Plays(GID, PID) VALUES (631, 198);
INSERT INTO Plays(GID, PID) VALUES (414, 126);
INSERT INTO Plays(GID, PID) VALUES (793, 541);
INSERT INTO Plays(GID, PID) VALUES (1213, 354);
INSERT INTO Plays(GID, PID) VALUES (1350, 96);
INSERT INTO Plays(GID, PID) VALUES (1485, 540);
INSERT INTO Plays(GID, PID) VALUES (570, 440);
INSERT INTO Plays(GID, PID) VALUES (588, 267);
INSERT INTO Plays(GID, PID) VALUES (202, 185);
INSERT INTO Plays(GID, PID) VALUES (1462, 394);
INSERT INTO Plays(GID, PID) VALUES (950, 375);
INSERT INTO Plays(GID, PID) VALUES (1275, 251);
INSERT INTO Plays(GID, PID) VALUES (501, 502);
INSERT INTO Plays(GID, PID) VALUES (359, 487);
INSERT INTO Plays(GID, PID) VALUES (226, 517);
INSERT INTO Plays(GID, PID) VALUES (295, 528);
INSERT INTO Plays(GID, PID) VALUES (1502, 242);
INSERT INTO Plays(GID, PID) VALUES (653, 183);
INSERT INTO Plays(GID, PID) VALUES (1104, 285);
INSERT INTO Plays(GID, PID) VALUES (832, 498);
INSERT INTO Plays(GID, PID) VALUES (1369, 318);
INSERT INTO Plays(GID, PID) VALUES (32, 288);
INSERT INTO Plays(GID, PID) VALUES (1087, 536);
INSERT INTO Plays(GID, PID) VALUES (445, 213);
INSERT INTO Plays(GID, PID) VALUES (1241, 399);
INSERT INTO Plays(GID, PID) VALUES (203, 98);
INSERT INTO Plays(GID, PID) VALUES (746, 152);
INSERT INTO Plays(GID, PID) VALUES (1452, 466);
INSERT INTO Plays(GID, PID) VALUES (1107, 325);
INSERT INTO Plays(GID, PID) VALUES (770, 540);
INSERT INTO Plays(GID, PID) VALUES (1451, 408);
INSERT INTO Plays(GID, PID) VALUES (1314, 298);
INSERT INTO Plays(GID, PID) VALUES (969, 523);
INSERT INTO Plays(GID, PID) VALUES (674, 530);
INSERT INTO Plays(GID, PID) VALUES (1337, 531);
INSERT INTO Plays(GID, PID) VALUES (819, 387);
INSERT INTO Plays(GID, PID) VALUES (1335, 427);
INSERT INTO Plays(GID, PID) VALUES (1154, 296);
INSERT INTO Plays(GID, PID) VALUES (1010, 302);
INSERT INTO Plays(GID, PID) VALUES (1388, 447);
INSERT INTO Plays(GID, PID) VALUES (1267, 196);
INSERT INTO Plays(GID, PID) VALUES (689, 507);
INSERT INTO Plays(GID, PID) VALUES (1171, 531);
INSERT INTO Plays(GID, PID) VALUES (841, 203);
INSERT INTO Plays(GID, PID) VALUES (539, 208);
INSERT INTO Plays(GID, PID) VALUES (1268, 412);
INSERT INTO Plays(GID, PID) VALUES (1407, 131);
INSERT INTO Plays(GID, PID) VALUES (1493, 374);
INSERT INTO Plays(GID, PID) VALUES (979, 293);
INSERT INTO Plays(GID, PID) VALUES (742, 234);
INSERT INTO Plays(GID, PID) VALUES (1252, 251);
INSERT INTO Plays(GID, PID) VALUES (1372, 399);
INSERT INTO Plays(GID, PID) VALUES (1376, 377);
INSERT INTO Plays(GID, PID) VALUES (1338, 352);
INSERT INTO Plays(GID, PID) VALUES (467, 291);
INSERT INTO Plays(GID, PID) VALUES (972, 435);
INSERT INTO Plays(GID, PID) VALUES (1075, 488);
INSERT INTO Plays(GID, PID) VALUES (1312, 430);
INSERT INTO Plays(GID, PID) VALUES (1318, 185);
INSERT INTO Plays(GID, PID) VALUES (771, 147);
INSERT INTO Plays(GID, PID) VALUES (1211, 515);
INSERT INTO Plays(GID, PID) VALUES (1470, 536);
INSERT INTO Plays(GID, PID) VALUES (1004, 393);
INSERT INTO Plays(GID, PID) VALUES (1357, 527);
INSERT INTO Plays(GID, PID) VALUES (533, 507);
INSERT INTO Plays(GID, PID) VALUES (435, 129);
INSERT INTO Plays(GID, PID) VALUES (1162, 492);
INSERT INTO Plays(GID, PID) VALUES (823, 520);
INSERT INTO Plays(GID, PID) VALUES (871, 357);
INSERT INTO Plays(GID, PID) VALUES (1277, 163);
INSERT INTO Plays(GID, PID) VALUES (733, 202);
INSERT INTO Plays(GID, PID) VALUES (1317, 267);
INSERT INTO Plays(GID, PID) VALUES (900, 543);
INSERT INTO Plays(GID, PID) VALUES (401, 397);
INSERT INTO Plays(GID, PID) VALUES (987, 428);
INSERT INTO Plays(GID, PID) VALUES (1159, 461);
INSERT INTO Plays(GID, PID) VALUES (740, 337);
INSERT INTO Plays(GID, PID) VALUES (857, 108);
INSERT INTO Plays(GID, PID) VALUES (1435, 128);
INSERT INTO Plays(GID, PID) VALUES (503, 365);
INSERT INTO Plays(GID, PID) VALUES (780, 542);
INSERT INTO Plays(GID, PID) VALUES (1434, 457);
INSERT INTO Plays(GID, PID) VALUES (565, 409);
INSERT INTO Plays(GID, PID) VALUES (1220, 268);
INSERT INTO Plays(GID, PID) VALUES (1236, 504);
INSERT INTO Plays(GID, PID) VALUES (9, 339);
INSERT INTO Plays(GID, PID) VALUES (1196, 519);
INSERT INTO Plays(GID, PID) VALUES (1435, 476);
INSERT INTO Plays(GID, PID) VALUES (824, 541);
INSERT INTO Plays(GID, PID) VALUES (1176, 538);
INSERT INTO Plays(GID, PID) VALUES (1259, 464);
INSERT INTO Plays(GID, PID) VALUES (511, 246);
INSERT INTO Plays(GID, PID) VALUES (744, 528);
INSERT INTO Plays(GID, PID) VALUES (1504, 360);
INSERT INTO Plays(GID, PID) VALUES (1420, 213);
INSERT INTO Plays(GID, PID) VALUES (578, 181);
INSERT INTO Plays(GID, PID) VALUES (1362, 217);
INSERT INTO Plays(GID, PID) VALUES (1283, 128);
INSERT INTO Plays(GID, PID) VALUES (823, 533);
INSERT INTO Plays(GID, PID) VALUES (1364, 337);
INSERT INTO Plays(GID, PID) VALUES (1324, 537);
INSERT INTO Plays(GID, PID) VALUES (1417, 493);
INSERT INTO Plays(GID, PID) VALUES (1154, 346);
INSERT INTO Plays(GID, PID) VALUES (947, 485);
INSERT INTO Plays(GID, PID) VALUES (1328, 512);
INSERT INTO Plays(GID, PID) VALUES (1183, 45);
INSERT INTO Plays(GID, PID) VALUES (692, 376);
INSERT INTO Plays(GID, PID) VALUES (978, 465);
INSERT INTO Plays(GID, PID) VALUES (627, 367);
INSERT INTO Plays(GID, PID) VALUES (1176, 353);
INSERT INTO Plays(GID, PID) VALUES (1098, 138);
INSERT INTO Plays(GID, PID) VALUES (713, 473);
INSERT INTO Plays(GID, PID) VALUES (1358, 322);
INSERT INTO Plays(GID, PID) VALUES (841, 530);
INSERT INTO Plays(GID, PID) VALUES (874, 183);
INSERT INTO Plays(GID, PID) VALUES (447, 199);
INSERT INTO Plays(GID, PID) VALUES (1472, 182);
INSERT INTO Plays(GID, PID) VALUES (1084, 537);
INSERT INTO Plays(GID, PID) VALUES (1322, 401);
INSERT INTO Plays(GID, PID) VALUES (991, 520);
INSERT INTO Plays(GID, PID) VALUES (1445, 403);
INSERT INTO Plays(GID, PID) VALUES (265, 123);
INSERT INTO Plays(GID, PID) VALUES (1333, 199);
INSERT INTO Plays(GID, PID) VALUES (1157, 366);
INSERT INTO Plays(GID, PID) VALUES (1408, 532);
INSERT INTO Plays(GID, PID) VALUES (235, 244);
INSERT INTO Plays(GID, PID) VALUES (1475, 347);
INSERT INTO Plays(GID, PID) VALUES (1311, 271);
INSERT INTO Plays(GID, PID) VALUES (674, 479);
INSERT INTO Plays(GID, PID) VALUES (1419, 146);
INSERT INTO Plays(GID, PID) VALUES (684, 399);
INSERT INTO Plays(GID, PID) VALUES (1214, 537);
INSERT INTO Plays(GID, PID) VALUES (1469, 220);
INSERT INTO Plays(GID, PID) VALUES (1268, 224);
INSERT INTO Plays(GID, PID) VALUES (439, 463);
INSERT INTO Plays(GID, PID) VALUES (791, 206);
INSERT INTO Plays(GID, PID) VALUES (665, 48);
INSERT INTO Plays(GID, PID) VALUES (567, 301);
INSERT INTO Plays(GID, PID) VALUES (1313, 538);
INSERT INTO Plays(GID, PID) VALUES (1459, 465);
INSERT INTO Plays(GID, PID) VALUES (1455, 434);
INSERT INTO Plays(GID, PID) VALUES (321, 534);
INSERT INTO Plays(GID, PID) VALUES (696, 514);
INSERT INTO Plays(GID, PID) VALUES (1233, 488);
INSERT INTO Plays(GID, PID) VALUES (1410, 350);
INSERT INTO Plays(GID, PID) VALUES (1469, 407);
INSERT INTO Plays(GID, PID) VALUES (1104, 158);
INSERT INTO Plays(GID, PID) VALUES (751, 422);
INSERT INTO Plays(GID, PID) VALUES (1324, 381);
INSERT INTO Plays(GID, PID) VALUES (701, 532);
INSERT INTO Plays(GID, PID) VALUES (482, 504);
INSERT INTO Plays(GID, PID) VALUES (1401, 382);
INSERT INTO Plays(GID, PID) VALUES (1347, 297);
INSERT INTO Plays(GID, PID) VALUES (795, 53);
INSERT INTO Plays(GID, PID) VALUES (1297, 408);
INSERT INTO Plays(GID, PID) VALUES (674, 255);
INSERT INTO Plays(GID, PID) VALUES (647, 448);
INSERT INTO Plays(GID, PID) VALUES (1140, 270);
INSERT INTO Plays(GID, PID) VALUES (343, 343);
INSERT INTO Plays(GID, PID) VALUES (1357, 269);
INSERT INTO Plays(GID, PID) VALUES (1352, 524);
INSERT INTO Plays(GID, PID) VALUES (183, 476);
INSERT INTO Plays(GID, PID) VALUES (917, 319);
INSERT INTO Plays(GID, PID) VALUES (1377, 279);
INSERT INTO Plays(GID, PID) VALUES (711, 207);
INSERT INTO Plays(GID, PID) VALUES (115, 127);
INSERT INTO Plays(GID, PID) VALUES (1114, 310);
INSERT INTO Plays(GID, PID) VALUES (1188, 508);
INSERT INTO Plays(GID, PID) VALUES (1414, 322);
INSERT INTO Plays(GID, PID) VALUES (1439, 517);
INSERT INTO Plays(GID, PID) VALUES (528, 430);
INSERT INTO Plays(GID, PID) VALUES (830, 184);
INSERT INTO Plays(GID, PID) VALUES (905, 301);
INSERT INTO Plays(GID, PID) VALUES (1265, 510);
INSERT INTO Plays(GID, PID) VALUES (533, 350);
INSERT INTO Plays(GID, PID) VALUES (882, 392);
INSERT INTO Plays(GID, PID) VALUES (808, 525);
INSERT INTO Plays(GID, PID) VALUES (794, 325);
INSERT INTO Plays(GID, PID) VALUES (1187, 442);
INSERT INTO Plays(GID, PID) VALUES (1351, 185);
INSERT INTO Plays(GID, PID) VALUES (621, 500);
INSERT INTO Plays(GID, PID) VALUES (624, 490);
INSERT INTO Plays(GID, PID) VALUES (1246, 461);
INSERT INTO Plays(GID, PID) VALUES (398, 485);
INSERT INTO Plays(GID, PID) VALUES (1258, 410);
INSERT INTO Plays(GID, PID) VALUES (665, 539);
INSERT INTO Plays(GID, PID) VALUES (475, 493);
INSERT INTO Plays(GID, PID) VALUES (544, 384);
INSERT INTO Plays(GID, PID) VALUES (927, 369);
INSERT INTO Plays(GID, PID) VALUES (1408, 498);
INSERT INTO Plays(GID, PID) VALUES (902, 386);
INSERT INTO Plays(GID, PID) VALUES (995, 255);
INSERT INTO Plays(GID, PID) VALUES (1145, 437);
INSERT INTO Plays(GID, PID) VALUES (836, 460);
INSERT INTO Plays(GID, PID) VALUES (1372, 244);
INSERT INTO Plays(GID, PID) VALUES (333, 184);
INSERT INTO Plays(GID, PID) VALUES (1449, 27);
INSERT INTO Plays(GID, PID) VALUES (1278, 255);
INSERT INTO Plays(GID, PID) VALUES (199, 426);
INSERT INTO Plays(GID, PID) VALUES (644, 484);
INSERT INTO Plays(GID, PID) VALUES (1326, 460);
INSERT INTO Plays(GID, PID) VALUES (1106, 334);
INSERT INTO Plays(GID, PID) VALUES (1410, 509);
INSERT INTO Plays(GID, PID) VALUES (875, 445);
INSERT INTO Plays(GID, PID) VALUES (1074, 276);
INSERT INTO Plays(GID, PID) VALUES (1315, 252);
INSERT INTO Plays(GID, PID) VALUES (992, 507);
INSERT INTO Plays(GID, PID) VALUES (1082, 244);
INSERT INTO Plays(GID, PID) VALUES (1441, 66);
INSERT INTO Plays(GID, PID) VALUES (702, 494);
INSERT INTO Plays(GID, PID) VALUES (1460, 470);
INSERT INTO Plays(GID, PID) VALUES (1304, 280);
INSERT INTO Plays(GID, PID) VALUES (1051, 507);
INSERT INTO Plays(GID, PID) VALUES (1045, 374);
INSERT INTO Plays(GID, PID) VALUES (775, 386);
INSERT INTO Plays(GID, PID) VALUES (710, 443);
INSERT INTO Plays(GID, PID) VALUES (318, 111);
INSERT INTO Plays(GID, PID) VALUES (1442, 475);
INSERT INTO Plays(GID, PID) VALUES (991, 522);
INSERT INTO Plays(GID, PID) VALUES (642, 275);
INSERT INTO Plays(GID, PID) VALUES (1033, 528);
INSERT INTO Plays(GID, PID) VALUES (1356, 529);
INSERT INTO Plays(GID, PID) VALUES (577, 517);
INSERT INTO Plays(GID, PID) VALUES (1444, 312);
INSERT INTO Plays(GID, PID) VALUES (594, 138);
INSERT INTO Plays(GID, PID) VALUES (1357, 202);
INSERT INTO Plays(GID, PID) VALUES (958, 169);
INSERT INTO Plays(GID, PID) VALUES (1479, 409);
INSERT INTO Plays(GID, PID) VALUES (297, 514);
INSERT INTO Plays(GID, PID) VALUES (951, 364);
INSERT INTO Plays(GID, PID) VALUES (510, 300);
INSERT INTO Plays(GID, PID) VALUES (886, 429);
INSERT INTO Plays(GID, PID) VALUES (934, 217);
INSERT INTO Plays(GID, PID) VALUES (434, 280);
INSERT INTO Plays(GID, PID) VALUES (1087, 492);
INSERT INTO Plays(GID, PID) VALUES (1315, 280);
INSERT INTO Plays(GID, PID) VALUES (692, 542);
INSERT INTO Plays(GID, PID) VALUES (1427, 413);
INSERT INTO Plays(GID, PID) VALUES (1433, 325);
INSERT INTO Plays(GID, PID) VALUES (978, 493);
INSERT INTO Plays(GID, PID) VALUES (1475, 136);
INSERT INTO Plays(GID, PID) VALUES (600, 264);
INSERT INTO Plays(GID, PID) VALUES (1347, 329);
INSERT INTO Plays(GID, PID) VALUES (768, 192);
INSERT INTO Plays(GID, PID) VALUES (1140, 498);
INSERT INTO Plays(GID, PID) VALUES (574, 441);
INSERT INTO Plays(GID, PID) VALUES (799, 451);
INSERT INTO Plays(GID, PID) VALUES (1386, 381);
INSERT INTO Plays(GID, PID) VALUES (1310, 444);
INSERT INTO Plays(GID, PID) VALUES (1050, 525);
INSERT INTO Plays(GID, PID) VALUES (669, 287);
INSERT INTO Plays(GID, PID) VALUES (786, 272);
INSERT INTO Plays(GID, PID) VALUES (1369, 347);
INSERT INTO Plays(GID, PID) VALUES (1318, 226);
INSERT INTO Plays(GID, PID) VALUES (1501, 466);
INSERT INTO Plays(GID, PID) VALUES (1343, 237);
INSERT INTO Plays(GID, PID) VALUES (983, 531);
INSERT INTO Plays(GID, PID) VALUES (854, 532);
INSERT INTO Plays(GID, PID) VALUES (431, 260);
INSERT INTO Plays(GID, PID) VALUES (398, 415);
INSERT INTO Plays(GID, PID) VALUES (741, 440);
INSERT INTO Plays(GID, PID) VALUES (884, 252);
INSERT INTO Plays(GID, PID) VALUES (1266, 394);
INSERT INTO Plays(GID, PID) VALUES (659, 239);
INSERT INTO Plays(GID, PID) VALUES (535, 371);
INSERT INTO Plays(GID, PID) VALUES (1300, 448);
INSERT INTO Plays(GID, PID) VALUES (1451, 309);
INSERT INTO Plays(GID, PID) VALUES (1288, 76);
INSERT INTO Plays(GID, PID) VALUES (661, 473);
INSERT INTO Plays(GID, PID) VALUES (1056, 385);
INSERT INTO Plays(GID, PID) VALUES (1251, 235);
INSERT INTO Plays(GID, PID) VALUES (570, 292);
INSERT INTO Plays(GID, PID) VALUES (747, 187);
INSERT INTO Plays(GID, PID) VALUES (888, 371);
INSERT INTO Plays(GID, PID) VALUES (332, 311);
INSERT INTO Plays(GID, PID) VALUES (1493, 351);
INSERT INTO Plays(GID, PID) VALUES (1198, 293);
INSERT INTO Plays(GID, PID) VALUES (1359, 312);
INSERT INTO Plays(GID, PID) VALUES (1090, 318);
INSERT INTO Plays(GID, PID) VALUES (1354, 48);
INSERT INTO Plays(GID, PID) VALUES (1247, 438);
INSERT INTO Plays(GID, PID) VALUES (1486, 405);
INSERT INTO Plays(GID, PID) VALUES (1142, 427);
INSERT INTO Plays(GID, PID) VALUES (689, 477);
INSERT INTO Plays(GID, PID) VALUES (1472, 506);
INSERT INTO Plays(GID, PID) VALUES (598, 516);
INSERT INTO Plays(GID, PID) VALUES (218, 172);
INSERT INTO Plays(GID, PID) VALUES (1132, 346);
INSERT INTO Plays(GID, PID) VALUES (1289, 330);
INSERT INTO Plays(GID, PID) VALUES (1336, 426);
INSERT INTO Plays(GID, PID) VALUES (1432, 461);
INSERT INTO Plays(GID, PID) VALUES (332, 353);
INSERT INTO Plays(GID, PID) VALUES (1317, 462);
INSERT INTO Plays(GID, PID) VALUES (1286, 412);
INSERT INTO Plays(GID, PID) VALUES (713, 412);
INSERT INTO Plays(GID, PID) VALUES (548, 351);
INSERT INTO Plays(GID, PID) VALUES (281, 243);
INSERT INTO Plays(GID, PID) VALUES (1434, 458);
INSERT INTO Plays(GID, PID) VALUES (1040, 348);
INSERT INTO Plays(GID, PID) VALUES (794, 187);
INSERT INTO Plays(GID, PID) VALUES (215, 358);
INSERT INTO Plays(GID, PID) VALUES (1101, 359);
INSERT INTO Plays(GID, PID) VALUES (1381, 110);
INSERT INTO Plays(GID, PID) VALUES (964, 173);
INSERT INTO Plays(GID, PID) VALUES (1274, 412);
INSERT INTO Plays(GID, PID) VALUES (816, 242);
INSERT INTO Plays(GID, PID) VALUES (1186, 429);
INSERT INTO Plays(GID, PID) VALUES (885, 318);
INSERT INTO Plays(GID, PID) VALUES (1441, 338);
INSERT INTO Plays(GID, PID) VALUES (1477, 150);
INSERT INTO Plays(GID, PID) VALUES (1057, 204);
INSERT INTO Plays(GID, PID) VALUES (879, 169);
INSERT INTO Plays(GID, PID) VALUES (1351, 395);
INSERT INTO Plays(GID, PID) VALUES (1458, 272);
INSERT INTO Plays(GID, PID) VALUES (914, 290);
INSERT INTO Plays(GID, PID) VALUES (1276, 254);
INSERT INTO Plays(GID, PID) VALUES (1218, 339);
INSERT INTO Plays(GID, PID) VALUES (988, 275);
INSERT INTO Plays(GID, PID) VALUES (900, 383);
INSERT INTO Plays(GID, PID) VALUES (408, 499);
INSERT INTO Plays(GID, PID) VALUES (305, 149);
INSERT INTO Plays(GID, PID) VALUES (1258, 330);
INSERT INTO Plays(GID, PID) VALUES (1269, 442);
INSERT INTO Plays(GID, PID) VALUES (340, 115);
INSERT INTO Plays(GID, PID) VALUES (523, 431);
INSERT INTO Plays(GID, PID) VALUES (1320, 67);
INSERT INTO Plays(GID, PID) VALUES (505, 426);
INSERT INTO Plays(GID, PID) VALUES (906, 521);
INSERT INTO Plays(GID, PID) VALUES (678, 156);
INSERT INTO Plays(GID, PID) VALUES (826, 465);
INSERT INTO Plays(GID, PID) VALUES (523, 522);
INSERT INTO Plays(GID, PID) VALUES (636, 532);
INSERT INTO Plays(GID, PID) VALUES (1015, 404);
INSERT INTO Plays(GID, PID) VALUES (944, 398);
INSERT INTO Plays(GID, PID) VALUES (1177, 395);
INSERT INTO Plays(GID, PID) VALUES (1425, 358);
INSERT INTO Plays(GID, PID) VALUES (471, 303);
INSERT INTO Plays(GID, PID) VALUES (898, 424);
INSERT INTO Plays(GID, PID) VALUES (732, 210);
INSERT INTO Plays(GID, PID) VALUES (611, 375);
INSERT INTO Plays(GID, PID) VALUES (456, 45);
INSERT INTO Plays(GID, PID) VALUES (519, 286);
INSERT INTO Plays(GID, PID) VALUES (667, 264);
INSERT INTO Plays(GID, PID) VALUES (849, 377);
INSERT INTO Plays(GID, PID) VALUES (694, 344);
INSERT INTO Plays(GID, PID) VALUES (855, 428);
INSERT INTO Plays(GID, PID) VALUES (1143, 314);
INSERT INTO Plays(GID, PID) VALUES (1416, 385);
INSERT INTO Plays(GID, PID) VALUES (299, 97);
INSERT INTO Plays(GID, PID) VALUES (1127, 288);
INSERT INTO Plays(GID, PID) VALUES (1273, 439);
INSERT INTO Plays(GID, PID) VALUES (1476, 368);
INSERT INTO Plays(GID, PID) VALUES (387, 490);
INSERT INTO Plays(GID, PID) VALUES (1477, 307);
INSERT INTO Plays(GID, PID) VALUES (1343, 299);
INSERT INTO Plays(GID, PID) VALUES (838, 194);
INSERT INTO Plays(GID, PID) VALUES (959, 512);
INSERT INTO Plays(GID, PID) VALUES (530, 356);
INSERT INTO Plays(GID, PID) VALUES (1436, 422);
INSERT INTO Plays(GID, PID) VALUES (80, 361);
INSERT INTO Plays(GID, PID) VALUES (376, 191);
INSERT INTO Plays(GID, PID) VALUES (1017, 310);
INSERT INTO Plays(GID, PID) VALUES (1370, 435);
INSERT INTO Plays(GID, PID) VALUES (1233, 318);
INSERT INTO Plays(GID, PID) VALUES (1189, 506);
INSERT INTO Plays(GID, PID) VALUES (1085, 262);
INSERT INTO Plays(GID, PID) VALUES (1250, 317);
INSERT INTO Plays(GID, PID) VALUES (590, 378);
INSERT INTO Plays(GID, PID) VALUES (1348, 473);
INSERT INTO Plays(GID, PID) VALUES (369, 186);
INSERT INTO Plays(GID, PID) VALUES (746, 420);
INSERT INTO Plays(GID, PID) VALUES (1050, 331);
INSERT INTO Plays(GID, PID) VALUES (1345, 439);
INSERT INTO Plays(GID, PID) VALUES (759, 425);
INSERT INTO Plays(GID, PID) VALUES (349, 458);
INSERT INTO Plays(GID, PID) VALUES (1374, 276);
INSERT INTO Plays(GID, PID) VALUES (1149, 185);
INSERT INTO Plays(GID, PID) VALUES (1308, 293);
INSERT INTO Plays(GID, PID) VALUES (1199, 349);
INSERT INTO Plays(GID, PID) VALUES (797, 356);
INSERT INTO Plays(GID, PID) VALUES (1223, 276);
INSERT INTO Plays(GID, PID) VALUES (1164, 487);
INSERT INTO Plays(GID, PID) VALUES (803, 322);
INSERT INTO Plays(GID, PID) VALUES (496, 472);
INSERT INTO Plays(GID, PID) VALUES (1404, 160);
INSERT INTO Plays(GID, PID) VALUES (1246, 223);
INSERT INTO Plays(GID, PID) VALUES (1105, 185);
INSERT INTO Plays(GID, PID) VALUES (1332, 316);
INSERT INTO Plays(GID, PID) VALUES (335, 81);
INSERT INTO Plays(GID, PID) VALUES (796, 498);
INSERT INTO Plays(GID, PID) VALUES (1470, 511);
INSERT INTO Plays(GID, PID) VALUES (628, 505);
INSERT INTO Plays(GID, PID) VALUES (562, 489);
INSERT INTO Plays(GID, PID) VALUES (395, 406);
INSERT INTO Plays(GID, PID) VALUES (901, 486);
INSERT INTO Plays(GID, PID) VALUES (588, 444);
INSERT INTO Plays(GID, PID) VALUES (976, 436);
INSERT INTO Plays(GID, PID) VALUES (1286, 278);
INSERT INTO Plays(GID, PID) VALUES (988, 293);
INSERT INTO Plays(GID, PID) VALUES (960, 351);
INSERT INTO Plays(GID, PID) VALUES (1156, 536);
INSERT INTO Plays(GID, PID) VALUES (838, 227);
INSERT INTO Plays(GID, PID) VALUES (669, 332);
INSERT INTO Plays(GID, PID) VALUES (694, 326);
INSERT INTO Plays(GID, PID) VALUES (742, 376);
INSERT INTO Plays(GID, PID) VALUES (879, 222);
INSERT INTO Plays(GID, PID) VALUES (1411, 351);
INSERT INTO Plays(GID, PID) VALUES (718, 427);
INSERT INTO Plays(GID, PID) VALUES (630, 74);
INSERT INTO Plays(GID, PID) VALUES (1362, 296);
INSERT INTO Plays(GID, PID) VALUES (1478, 397);
INSERT INTO Plays(GID, PID) VALUES (634, 536);
INSERT INTO Plays(GID, PID) VALUES (728, 337);
INSERT INTO Plays(GID, PID) VALUES (1238, 518);
INSERT INTO Plays(GID, PID) VALUES (859, 443);
INSERT INTO Plays(GID, PID) VALUES (1200, 158);
INSERT INTO Plays(GID, PID) VALUES (767, 520);
INSERT INTO Plays(GID, PID) VALUES (811, 529);
INSERT INTO Plays(GID, PID) VALUES (833, 368);
INSERT INTO Plays(GID, PID) VALUES (1455, 385);
INSERT INTO Plays(GID, PID) VALUES (1232, 403);
INSERT INTO Plays(GID, PID) VALUES (1480, 286);
INSERT INTO Plays(GID, PID) VALUES (1423, 403);
INSERT INTO Plays(GID, PID) VALUES (1135, 240);
INSERT INTO Plays(GID, PID) VALUES (1056, 144);
INSERT INTO Plays(GID, PID) VALUES (1170, 339);
INSERT INTO Plays(GID, PID) VALUES (904, 367);
INSERT INTO Plays(GID, PID) VALUES (1251, 419);
INSERT INTO Plays(GID, PID) VALUES (768, 392);
INSERT INTO Plays(GID, PID) VALUES (1170, 71);
INSERT INTO Plays(GID, PID) VALUES (1453, 515);
INSERT INTO Plays(GID, PID) VALUES (1382, 505);
INSERT INTO Plays(GID, PID) VALUES (855, 257);
INSERT INTO Plays(GID, PID) VALUES (1283, 210);
INSERT INTO Plays(GID, PID) VALUES (1259, 276);
INSERT INTO Plays(GID, PID) VALUES (1101, 343);
INSERT INTO Plays(GID, PID) VALUES (1465, 444);
INSERT INTO Plays(GID, PID) VALUES (1399, 357);
INSERT INTO Plays(GID, PID) VALUES (1065, 391);
INSERT INTO Plays(GID, PID) VALUES (1431, 324);
INSERT INTO Plays(GID, PID) VALUES (1357, 176);
INSERT INTO Plays(GID, PID) VALUES (1418, 280);
INSERT INTO Plays(GID, PID) VALUES (1396, 441);
INSERT INTO Plays(GID, PID) VALUES (633, 414);
INSERT INTO Plays(GID, PID) VALUES (1162, 190);
INSERT INTO Plays(GID, PID) VALUES (210, 481);
INSERT INTO Plays(GID, PID) VALUES (1210, 396);
INSERT INTO Plays(GID, PID) VALUES (1306, 505);
INSERT INTO Plays(GID, PID) VALUES (175, 535);
INSERT INTO Plays(GID, PID) VALUES (719, 377);
INSERT INTO Plays(GID, PID) VALUES (1411, 459);
INSERT INTO Plays(GID, PID) VALUES (930, 475);
INSERT INTO Plays(GID, PID) VALUES (665, 494);
INSERT INTO Plays(GID, PID) VALUES (882, 270);
INSERT INTO Plays(GID, PID) VALUES (1169, 454);
INSERT INTO Plays(GID, PID) VALUES (1348, 271);
INSERT INTO Plays(GID, PID) VALUES (1080, 351);
INSERT INTO Plays(GID, PID) VALUES (412, 452);
INSERT INTO Plays(GID, PID) VALUES (783, 334);
INSERT INTO Plays(GID, PID) VALUES (1063, 273);
INSERT INTO Plays(GID, PID) VALUES (280, 506);
INSERT INTO Plays(GID, PID) VALUES (949, 391);
INSERT INTO Plays(GID, PID) VALUES (930, 449);
INSERT INTO Plays(GID, PID) VALUES (1215, 212);
INSERT INTO Plays(GID, PID) VALUES (1197, 342);
INSERT INTO Plays(GID, PID) VALUES (499, 510);
INSERT INTO Plays(GID, PID) VALUES (1208, 389);
INSERT INTO Plays(GID, PID) VALUES (877, 381);
INSERT INTO Plays(GID, PID) VALUES (1294, 498);
INSERT INTO Plays(GID, PID) VALUES (1103, 449);
INSERT INTO Plays(GID, PID) VALUES (1453, 318);
INSERT INTO Plays(GID, PID) VALUES (1312, 317);
INSERT INTO Plays(GID, PID) VALUES (265, 364);
INSERT INTO Plays(GID, PID) VALUES (1367, 497);
INSERT INTO Plays(GID, PID) VALUES (448, 298);
INSERT INTO Plays(GID, PID) VALUES (619, 310);
INSERT INTO Plays(GID, PID) VALUES (1383, 191);
INSERT INTO Plays(GID, PID) VALUES (1350, 409);
INSERT INTO Plays(GID, PID) VALUES (1276, 259);
INSERT INTO Plays(GID, PID) VALUES (1188, 367);
INSERT INTO Plays(GID, PID) VALUES (874, 323);
INSERT INTO Plays(GID, PID) VALUES (1400, 465);
INSERT INTO Plays(GID, PID) VALUES (715, 539);
INSERT INTO Plays(GID, PID) VALUES (1366, 246);
INSERT INTO Plays(GID, PID) VALUES (1419, 534);
INSERT INTO Plays(GID, PID) VALUES (835, 327);
INSERT INTO Plays(GID, PID) VALUES (1260, 493);
INSERT INTO Plays(GID, PID) VALUES (784, 143);
INSERT INTO Plays(GID, PID) VALUES (1432, 465);
INSERT INTO Plays(GID, PID) VALUES (278, 170);
INSERT INTO Plays(GID, PID) VALUES (979, 542);
INSERT INTO Plays(GID, PID) VALUES (516, 245);
INSERT INTO Plays(GID, PID) VALUES (1321, 281);
INSERT INTO Plays(GID, PID) VALUES (1059, 522);
INSERT INTO Plays(GID, PID) VALUES (927, 381);
INSERT INTO Plays(GID, PID) VALUES (1382, 187);
INSERT INTO Plays(GID, PID) VALUES (1389, 460);
INSERT INTO Plays(GID, PID) VALUES (1260, 458);
INSERT INTO Plays(GID, PID) VALUES (1439, 152);
INSERT INTO Plays(GID, PID) VALUES (313, 394);
INSERT INTO Plays(GID, PID) VALUES (1417, 487);
INSERT INTO Plays(GID, PID) VALUES (1191, 322);
INSERT INTO Plays(GID, PID) VALUES (976, 417);
INSERT INTO Plays(GID, PID) VALUES (852, 515);
INSERT INTO Plays(GID, PID) VALUES (1502, 311);
INSERT INTO Plays(GID, PID) VALUES (852, 324);
INSERT INTO Plays(GID, PID) VALUES (1124, 352);
INSERT INTO Plays(GID, PID) VALUES (1248, 360);
INSERT INTO Plays(GID, PID) VALUES (905, 312);
INSERT INTO Plays(GID, PID) VALUES (1363, 233);
INSERT INTO Plays(GID, PID) VALUES (828, 468);
INSERT INTO Plays(GID, PID) VALUES (1020, 443);
INSERT INTO Plays(GID, PID) VALUES (921, 214);
INSERT INTO Plays(GID, PID) VALUES (727, 218);
INSERT INTO Plays(GID, PID) VALUES (1246, 293);
INSERT INTO Plays(GID, PID) VALUES (462, 286);
INSERT INTO Plays(GID, PID) VALUES (1193, 411);
INSERT INTO Plays(GID, PID) VALUES (602, 462);
INSERT INTO Plays(GID, PID) VALUES (1185, 121);
INSERT INTO Plays(GID, PID) VALUES (924, 377);
INSERT INTO Plays(GID, PID) VALUES (1376, 427);
INSERT INTO Plays(GID, PID) VALUES (288, 454);
INSERT INTO Plays(GID, PID) VALUES (557, 341);
INSERT INTO Plays(GID, PID) VALUES (1281, 463);
INSERT INTO Plays(GID, PID) VALUES (1435, 384);
INSERT INTO Plays(GID, PID) VALUES (738, 402);
INSERT INTO Plays(GID, PID) VALUES (692, 250);
INSERT INTO Plays(GID, PID) VALUES (913, 455);
INSERT INTO Plays(GID, PID) VALUES (1396, 416);
INSERT INTO Plays(GID, PID) VALUES (1409, 422);
INSERT INTO Plays(GID, PID) VALUES (1411, 402);
INSERT INTO Plays(GID, PID) VALUES (519, 536);
INSERT INTO Plays(GID, PID) VALUES (1252, 387);
INSERT INTO Plays(GID, PID) VALUES (1124, 287);
INSERT INTO Plays(GID, PID) VALUES (1312, 304);
INSERT INTO Plays(GID, PID) VALUES (1451, 526);
INSERT INTO Plays(GID, PID) VALUES (1198, 420);
INSERT INTO Plays(GID, PID) VALUES (1498, 534);
INSERT INTO Plays(GID, PID) VALUES (1251, 477);
INSERT INTO Plays(GID, PID) VALUES (781, 460);
INSERT INTO Plays(GID, PID) VALUES (771, 421);
INSERT INTO Plays(GID, PID) VALUES (1357, 388);
INSERT INTO Plays(GID, PID) VALUES (690, 374);
INSERT INTO Plays(GID, PID) VALUES (371, 232);
INSERT INTO Plays(GID, PID) VALUES (1333, 145);
INSERT INTO Plays(GID, PID) VALUES (1183, 526);
INSERT INTO Plays(GID, PID) VALUES (1435, 443);
INSERT INTO Plays(GID, PID) VALUES (624, 467);
INSERT INTO Plays(GID, PID) VALUES (198, 422);
INSERT INTO Plays(GID, PID) VALUES (1440, 464);
INSERT INTO Plays(GID, PID) VALUES (1228, 479);
INSERT INTO Plays(GID, PID) VALUES (921, 500);
INSERT INTO Plays(GID, PID) VALUES (1356, 297);
INSERT INTO Plays(GID, PID) VALUES (400, 329);
INSERT INTO Plays(GID, PID) VALUES (433, 386);
INSERT INTO Plays(GID, PID) VALUES (487, 317);
INSERT INTO Plays(GID, PID) VALUES (1388, 319);
INSERT INTO Plays(GID, PID) VALUES (1362, 521);
INSERT INTO Plays(GID, PID) VALUES (479, 135);
INSERT INTO Plays(GID, PID) VALUES (550, 510);
INSERT INTO Plays(GID, PID) VALUES (1361, 512);
INSERT INTO Plays(GID, PID) VALUES (1053, 463);
INSERT INTO Plays(GID, PID) VALUES (864, 462);
INSERT INTO Plays(GID, PID) VALUES (1012, 387);
INSERT INTO Plays(GID, PID) VALUES (804, 269);
INSERT INTO Plays(GID, PID) VALUES (453, 187);
INSERT INTO Plays(GID, PID) VALUES (973, 442);
INSERT INTO Plays(GID, PID) VALUES (247, 516);
INSERT INTO Plays(GID, PID) VALUES (959, 380);
INSERT INTO Plays(GID, PID) VALUES (1371, 180);
INSERT INTO Plays(GID, PID) VALUES (1015, 389);
INSERT INTO Plays(GID, PID) VALUES (987, 448);
INSERT INTO Plays(GID, PID) VALUES (1297, 285);
INSERT INTO Plays(GID, PID) VALUES (593, 396);
INSERT INTO Plays(GID, PID) VALUES (973, 509);
INSERT INTO Plays(GID, PID) VALUES (1193, 536);
INSERT INTO Plays(GID, PID) VALUES (1259, 535);
INSERT INTO Plays(GID, PID) VALUES (1250, 187);
INSERT INTO Plays(GID, PID) VALUES (1191, 94);
INSERT INTO Plays(GID, PID) VALUES (790, 205);
INSERT INTO Plays(GID, PID) VALUES (768, 519);
INSERT INTO Plays(GID, PID) VALUES (1138, 329);
INSERT INTO Plays(GID, PID) VALUES (781, 448);
INSERT INTO Plays(GID, PID) VALUES (617, 421);
INSERT INTO Plays(GID, PID) VALUES (1267, 447);
INSERT INTO Plays(GID, PID) VALUES (652, 543);
INSERT INTO Plays(GID, PID) VALUES (1240, 221);
INSERT INTO Plays(GID, PID) VALUES (998, 427);
INSERT INTO Plays(GID, PID) VALUES (583, 353);
INSERT INTO Plays(GID, PID) VALUES (823, 419);
INSERT INTO Plays(GID, PID) VALUES (1135, 410);
INSERT INTO Plays(GID, PID) VALUES (1102, 524);
INSERT INTO Plays(GID, PID) VALUES (328, 282);
INSERT INTO Plays(GID, PID) VALUES (824, 259);
INSERT INTO Plays(GID, PID) VALUES (914, 446);
INSERT INTO Plays(GID, PID) VALUES (1152, 412);
INSERT INTO Plays(GID, PID) VALUES (1461, 431);
INSERT INTO Plays(GID, PID) VALUES (837, 216);
INSERT INTO Plays(GID, PID) VALUES (1310, 250);
INSERT INTO Plays(GID, PID) VALUES (1418, 376);
INSERT INTO Plays(GID, PID) VALUES (1038, 372);
INSERT INTO Plays(GID, PID) VALUES (1198, 150);
INSERT INTO Plays(GID, PID) VALUES (1254, 214);
INSERT INTO Plays(GID, PID) VALUES (1144, 148);
INSERT INTO Plays(GID, PID) VALUES (1231, 500);
INSERT INTO Plays(GID, PID) VALUES (968, 509);
INSERT INTO Plays(GID, PID) VALUES (1351, 266);
INSERT INTO Plays(GID, PID) VALUES (1074, 530);
INSERT INTO Plays(GID, PID) VALUES (633, 502);
INSERT INTO Plays(GID, PID) VALUES (1094, 489);
INSERT INTO Plays(GID, PID) VALUES (935, 402);
INSERT INTO Plays(GID, PID) VALUES (632, 184);
INSERT INTO Plays(GID, PID) VALUES (787, 312);
INSERT INTO Plays(GID, PID) VALUES (1107, 379);
INSERT INTO Plays(GID, PID) VALUES (1478, 97);
INSERT INTO Plays(GID, PID) VALUES (1064, 356);
INSERT INTO Plays(GID, PID) VALUES (1071, 361);
INSERT INTO Plays(GID, PID) VALUES (1162, 199);
INSERT INTO Plays(GID, PID) VALUES (687, 244);
INSERT INTO Plays(GID, PID) VALUES (326, 227);
INSERT INTO Plays(GID, PID) VALUES (347, 509);
INSERT INTO Plays(GID, PID) VALUES (517, 369);
INSERT INTO Plays(GID, PID) VALUES (965, 504);
INSERT INTO Plays(GID, PID) VALUES (1271, 430);
INSERT INTO Plays(GID, PID) VALUES (995, 417);
INSERT INTO Plays(GID, PID) VALUES (552, 267);
INSERT INTO Plays(GID, PID) VALUES (899, 493);
INSERT INTO Plays(GID, PID) VALUES (587, 303);
INSERT INTO Plays(GID, PID) VALUES (1344, 432);
INSERT INTO Plays(GID, PID) VALUES (1225, 453);
INSERT INTO Plays(GID, PID) VALUES (530, 475);
INSERT INTO Plays(GID, PID) VALUES (679, 220);
INSERT INTO Plays(GID, PID) VALUES (822, 432);
INSERT INTO Plays(GID, PID) VALUES (1373, 486);
INSERT INTO Plays(GID, PID) VALUES (1486, 387);
INSERT INTO Plays(GID, PID) VALUES (935, 510);
INSERT INTO Plays(GID, PID) VALUES (878, 93);
INSERT INTO Plays(GID, PID) VALUES (1419, 386);
INSERT INTO Plays(GID, PID) VALUES (546, 471);
INSERT INTO Plays(GID, PID) VALUES (877, 422);
INSERT INTO Plays(GID, PID) VALUES (1384, 410);
INSERT INTO Plays(GID, PID) VALUES (943, 374);
INSERT INTO Plays(GID, PID) VALUES (1334, 245);
INSERT INTO Plays(GID, PID) VALUES (1374, 401);
INSERT INTO Plays(GID, PID) VALUES (737, 416);
INSERT INTO Plays(GID, PID) VALUES (887, 383);
INSERT INTO Plays(GID, PID) VALUES (1223, 328);
INSERT INTO Plays(GID, PID) VALUES (1501, 404);
INSERT INTO Plays(GID, PID) VALUES (893, 532);
INSERT INTO Plays(GID, PID) VALUES (1028, 494);
INSERT INTO Plays(GID, PID) VALUES (1265, 311);
INSERT INTO Plays(GID, PID) VALUES (900, 502);
INSERT INTO Plays(GID, PID) VALUES (899, 118);
INSERT INTO Plays(GID, PID) VALUES (1345, 270);
INSERT INTO Plays(GID, PID) VALUES (1388, 380);
INSERT INTO Plays(GID, PID) VALUES (365, 203);
INSERT INTO Plays(GID, PID) VALUES (1179, 454);
INSERT INTO Plays(GID, PID) VALUES (1427, 365);
INSERT INTO Plays(GID, PID) VALUES (1503, 344);
INSERT INTO Plays(GID, PID) VALUES (1494, 466);
INSERT INTO Plays(GID, PID) VALUES (725, 265);
INSERT INTO Plays(GID, PID) VALUES (1167, 314);
INSERT INTO Plays(GID, PID) VALUES (1416, 514);
INSERT INTO Plays(GID, PID) VALUES (1390, 420);
INSERT INTO Plays(GID, PID) VALUES (980, 265);
INSERT INTO Plays(GID, PID) VALUES (1133, 308);
INSERT INTO Plays(GID, PID) VALUES (627, 197);
INSERT INTO Plays(GID, PID) VALUES (637, 523);
INSERT INTO Plays(GID, PID) VALUES (624, 396);
INSERT INTO Plays(GID, PID) VALUES (218, 538);
INSERT INTO Plays(GID, PID) VALUES (517, 82);
INSERT INTO Plays(GID, PID) VALUES (1276, 153);
INSERT INTO Plays(GID, PID) VALUES (1097, 465);
INSERT INTO Plays(GID, PID) VALUES (549, 428);
INSERT INTO Plays(GID, PID) VALUES (896, 396);
INSERT INTO Plays(GID, PID) VALUES (1318, 188);
INSERT INTO Plays(GID, PID) VALUES (1013, 416);
INSERT INTO Plays(GID, PID) VALUES (1043, 330);
INSERT INTO Plays(GID, PID) VALUES (1479, 317);
INSERT INTO Plays(GID, PID) VALUES (1144, 314);
INSERT INTO Plays(GID, PID) VALUES (1217, 340);
INSERT INTO Plays(GID, PID) VALUES (1088, 207);
INSERT INTO Plays(GID, PID) VALUES (400, 495);
INSERT INTO Plays(GID, PID) VALUES (902, 455);
INSERT INTO Plays(GID, PID) VALUES (1242, 268);
INSERT INTO Plays(GID, PID) VALUES (775, 335);
INSERT INTO Plays(GID, PID) VALUES (1022, 486);
INSERT INTO Plays(GID, PID) VALUES (1097, 540);
INSERT INTO Plays(GID, PID) VALUES (1170, 542);
INSERT INTO Plays(GID, PID) VALUES (1088, 443);
INSERT INTO Plays(GID, PID) VALUES (1333, 532);
INSERT INTO Plays(GID, PID) VALUES (1112, 293);
INSERT INTO Plays(GID, PID) VALUES (1223, 265);
INSERT INTO Plays(GID, PID) VALUES (1145, 89);
INSERT INTO Plays(GID, PID) VALUES (903, 430);
INSERT INTO Plays(GID, PID) VALUES (206, 215);
INSERT INTO Plays(GID, PID) VALUES (828, 67);
INSERT INTO Plays(GID, PID) VALUES (1382, 400);
INSERT INTO Plays(GID, PID) VALUES (744, 332);
INSERT INTO Plays(GID, PID) VALUES (1182, 245);
INSERT INTO Plays(GID, PID) VALUES (1150, 523);
INSERT INTO Plays(GID, PID) VALUES (1281, 511);
INSERT INTO Plays(GID, PID) VALUES (1402, 116);
INSERT INTO Plays(GID, PID) VALUES (298, 275);
INSERT INTO Plays(GID, PID) VALUES (1445, 374);
INSERT INTO Plays(GID, PID) VALUES (990, 408);
INSERT INTO Plays(GID, PID) VALUES (1391, 457);
INSERT INTO Plays(GID, PID) VALUES (1464, 538);
INSERT INTO Plays(GID, PID) VALUES (118, 390);
INSERT INTO Plays(GID, PID) VALUES (569, 394);
INSERT INTO Plays(GID, PID) VALUES (1243, 329);
INSERT INTO Plays(GID, PID) VALUES (930, 218);
INSERT INTO Plays(GID, PID) VALUES (1262, 540);
INSERT INTO Plays(GID, PID) VALUES (902, 258);
INSERT INTO Plays(GID, PID) VALUES (986, 529);
INSERT INTO Plays(GID, PID) VALUES (1407, 537);
INSERT INTO Plays(GID, PID) VALUES (1395, 66);
INSERT INTO Plays(GID, PID) VALUES (370, 421);
INSERT INTO Plays(GID, PID) VALUES (1392, 464);
INSERT INTO Plays(GID, PID) VALUES (674, 172);
INSERT INTO Plays(GID, PID) VALUES (1225, 480);
INSERT INTO Plays(GID, PID) VALUES (1050, 433);
INSERT INTO Plays(GID, PID) VALUES (1178, 391);
INSERT INTO Plays(GID, PID) VALUES (271, 358);
INSERT INTO Plays(GID, PID) VALUES (1474, 428);
INSERT INTO Plays(GID, PID) VALUES (1494, 227);
INSERT INTO Plays(GID, PID) VALUES (874, 436);
INSERT INTO Plays(GID, PID) VALUES (1193, 330);
INSERT INTO Plays(GID, PID) VALUES (1160, 110);
INSERT INTO Plays(GID, PID) VALUES (1496, 540);
INSERT INTO Plays(GID, PID) VALUES (1478, 85);
INSERT INTO Plays(GID, PID) VALUES (298, 505);
INSERT INTO Plays(GID, PID) VALUES (1023, 494);
INSERT INTO Plays(GID, PID) VALUES (1118, 172);
INSERT INTO Plays(GID, PID) VALUES (673, 307);
INSERT INTO Plays(GID, PID) VALUES (472, 472);
INSERT INTO Plays(GID, PID) VALUES (936, 505);
INSERT INTO Plays(GID, PID) VALUES (928, 416);
INSERT INTO Plays(GID, PID) VALUES (212, 10);
INSERT INTO Plays(GID, PID) VALUES (1184, 349);
INSERT INTO Plays(GID, PID) VALUES (1154, 538);
INSERT INTO Plays(GID, PID) VALUES (1187, 423);
INSERT INTO Plays(GID, PID) VALUES (1485, 523);
INSERT INTO Plays(GID, PID) VALUES (1480, 272);
INSERT INTO Plays(GID, PID) VALUES (737, 410);
INSERT INTO Plays(GID, PID) VALUES (1160, 532);
INSERT INTO Plays(GID, PID) VALUES (1362, 246);
INSERT INTO Plays(GID, PID) VALUES (263, 432);
INSERT INTO Plays(GID, PID) VALUES (1289, 289);
INSERT INTO Plays(GID, PID) VALUES (1167, 415);
INSERT INTO Plays(GID, PID) VALUES (873, 525);
INSERT INTO Plays(GID, PID) VALUES (1343, 455);
INSERT INTO Plays(GID, PID) VALUES (805, 462);
INSERT INTO Plays(GID, PID) VALUES (1280, 229);
INSERT INTO Plays(GID, PID) VALUES (1156, 301);
INSERT INTO Plays(GID, PID) VALUES (804, 318);
INSERT INTO Plays(GID, PID) VALUES (1466, 230);
INSERT INTO Plays(GID, PID) VALUES (489, 518);
INSERT INTO Plays(GID, PID) VALUES (601, 523);
INSERT INTO Plays(GID, PID) VALUES (1058, 146);
INSERT INTO Plays(GID, PID) VALUES (258, 344);
INSERT INTO Plays(GID, PID) VALUES (1171, 161);
INSERT INTO Plays(GID, PID) VALUES (1278, 501);
INSERT INTO Plays(GID, PID) VALUES (547, 433);
INSERT INTO Plays(GID, PID) VALUES (705, 367);
INSERT INTO Plays(GID, PID) VALUES (938, 466);
INSERT INTO Plays(GID, PID) VALUES (992, 405);
INSERT INTO Plays(GID, PID) VALUES (795, 234);
INSERT INTO Plays(GID, PID) VALUES (907, 461);
INSERT INTO Plays(GID, PID) VALUES (248, 33);
INSERT INTO Plays(GID, PID) VALUES (887, 531);
INSERT INTO Plays(GID, PID) VALUES (551, 304);
INSERT INTO Plays(GID, PID) VALUES (709, 296);
INSERT INTO Plays(GID, PID) VALUES (709, 266);
INSERT INTO Plays(GID, PID) VALUES (841, 336);
INSERT INTO Plays(GID, PID) VALUES (1330, 460);
INSERT INTO Plays(GID, PID) VALUES (1350, 318);
INSERT INTO Plays(GID, PID) VALUES (658, 338);
INSERT INTO Plays(GID, PID) VALUES (234, 394);
INSERT INTO Plays(GID, PID) VALUES (1491, 309);
INSERT INTO Plays(GID, PID) VALUES (362, 268);
INSERT INTO Plays(GID, PID) VALUES (1345, 331);
INSERT INTO Plays(GID, PID) VALUES (1124, 381);
INSERT INTO Plays(GID, PID) VALUES (695, 153);
INSERT INTO Plays(GID, PID) VALUES (434, 522);
INSERT INTO Plays(GID, PID) VALUES (1409, 266);
INSERT INTO Plays(GID, PID) VALUES (1120, 357);
INSERT INTO Plays(GID, PID) VALUES (1284, 57);
INSERT INTO Plays(GID, PID) VALUES (753, 479);
INSERT INTO Plays(GID, PID) VALUES (598, 530);
INSERT INTO Plays(GID, PID) VALUES (1229, 408);
INSERT INTO Plays(GID, PID) VALUES (1432, 527);
INSERT INTO Plays(GID, PID) VALUES (862, 374);
INSERT INTO Plays(GID, PID) VALUES (22, 169);
INSERT INTO Plays(GID, PID) VALUES (976, 322);
INSERT INTO Plays(GID, PID) VALUES (1161, 539);
INSERT INTO Plays(GID, PID) VALUES (896, 376);
INSERT INTO Plays(GID, PID) VALUES (1483, 342);
INSERT INTO Plays(GID, PID) VALUES (1037, 519);
INSERT INTO Plays(GID, PID) VALUES (1375, 234);
INSERT INTO Plays(GID, PID) VALUES (982, 406);
INSERT INTO Plays(GID, PID) VALUES (1497, 458);
INSERT INTO Plays(GID, PID) VALUES (1279, 538);
INSERT INTO Plays(GID, PID) VALUES (1309, 461);
INSERT INTO Plays(GID, PID) VALUES (1231, 536);
INSERT INTO Plays(GID, PID) VALUES (1103, 520);
INSERT INTO Plays(GID, PID) VALUES (1391, 316);
INSERT INTO Plays(GID, PID) VALUES (1355, 362);
INSERT INTO Plays(GID, PID) VALUES (1106, 232);
INSERT INTO Plays(GID, PID) VALUES (1101, 489);
INSERT INTO Plays(GID, PID) VALUES (1340, 533);
INSERT INTO Plays(GID, PID) VALUES (1000, 197);
INSERT INTO Plays(GID, PID) VALUES (1092, 209);
INSERT INTO Plays(GID, PID) VALUES (372, 349);
INSERT INTO Plays(GID, PID) VALUES (1164, 29);
INSERT INTO Plays(GID, PID) VALUES (1128, 514);
INSERT INTO Plays(GID, PID) VALUES (1173, 85);
INSERT INTO Plays(GID, PID) VALUES (108, 404);
INSERT INTO Plays(GID, PID) VALUES (782, 312);
INSERT INTO Plays(GID, PID) VALUES (829, 474);
INSERT INTO Plays(GID, PID) VALUES (1237, 527);
INSERT INTO Plays(GID, PID) VALUES (793, 499);
INSERT INTO Plays(GID, PID) VALUES (803, 396);
INSERT INTO Plays(GID, PID) VALUES (1271, 162);
INSERT INTO Plays(GID, PID) VALUES (1427, 494);
INSERT INTO Plays(GID, PID) VALUES (1335, 271);
INSERT INTO Plays(GID, PID) VALUES (928, 453);
INSERT INTO Plays(GID, PID) VALUES (1381, 260);
INSERT INTO Plays(GID, PID) VALUES (1206, 518);
INSERT INTO Plays(GID, PID) VALUES (1436, 517);
INSERT INTO Plays(GID, PID) VALUES (1345, 267);
INSERT INTO Plays(GID, PID) VALUES (776, 373);
INSERT INTO Plays(GID, PID) VALUES (234, 347);
INSERT INTO Plays(GID, PID) VALUES (1292, 283);
INSERT INTO Plays(GID, PID) VALUES (275, 295);
INSERT INTO Plays(GID, PID) VALUES (729, 110);
INSERT INTO Plays(GID, PID) VALUES (1414, 458);
INSERT INTO Plays(GID, PID) VALUES (738, 389);
INSERT INTO Plays(GID, PID) VALUES (1167, 222);
INSERT INTO Plays(GID, PID) VALUES (1499, 531);
INSERT INTO Plays(GID, PID) VALUES (679, 385);
INSERT INTO Plays(GID, PID) VALUES (665, 480);
INSERT INTO Plays(GID, PID) VALUES (156, 415);
INSERT INTO Plays(GID, PID) VALUES (1056, 105);
INSERT INTO Plays(GID, PID) VALUES (1460, 439);
INSERT INTO Plays(GID, PID) VALUES (1424, 345);
INSERT INTO Plays(GID, PID) VALUES (1408, 468);
INSERT INTO Plays(GID, PID) VALUES (578, 218);
INSERT INTO Plays(GID, PID) VALUES (991, 516);
INSERT INTO Plays(GID, PID) VALUES (663, 511);
INSERT INTO Plays(GID, PID) VALUES (1448, 371);
INSERT INTO Plays(GID, PID) VALUES (632, 356);
INSERT INTO Plays(GID, PID) VALUES (1460, 489);
INSERT INTO Plays(GID, PID) VALUES (1487, 351);
INSERT INTO Plays(GID, PID) VALUES (918, 401);
INSERT INTO Plays(GID, PID) VALUES (322, 535);
INSERT INTO Plays(GID, PID) VALUES (1304, 413);
INSERT INTO Plays(GID, PID) VALUES (604, 267);
INSERT INTO Plays(GID, PID) VALUES (795, 474);
INSERT INTO Plays(GID, PID) VALUES (970, 439);
INSERT INTO Plays(GID, PID) VALUES (358, 255);
INSERT INTO Plays(GID, PID) VALUES (1475, 303);
INSERT INTO Plays(GID, PID) VALUES (1035, 525);
INSERT INTO Plays(GID, PID) VALUES (1372, 179);
INSERT INTO Plays(GID, PID) VALUES (1500, 518);
INSERT INTO Plays(GID, PID) VALUES (920, 88);
INSERT INTO Plays(GID, PID) VALUES (1016, 521);
INSERT INTO Plays(GID, PID) VALUES (1286, 403);
INSERT INTO Plays(GID, PID) VALUES (1481, 343);
INSERT INTO Plays(GID, PID) VALUES (1461, 457);
INSERT INTO Plays(GID, PID) VALUES (1238, 317);
INSERT INTO Plays(GID, PID) VALUES (1441, 540);
INSERT INTO Plays(GID, PID) VALUES (721, 356);
INSERT INTO Plays(GID, PID) VALUES (657, 153);
INSERT INTO Plays(GID, PID) VALUES (1288, 388);
INSERT INTO Plays(GID, PID) VALUES (1285, 423);
INSERT INTO Plays(GID, PID) VALUES (1442, 483);
INSERT INTO Plays(GID, PID) VALUES (1278, 451);
INSERT INTO Plays(GID, PID) VALUES (1345, 340);
INSERT INTO Plays(GID, PID) VALUES (823, 404);
INSERT INTO Plays(GID, PID) VALUES (1146, 484);
INSERT INTO Plays(GID, PID) VALUES (1271, 446);
INSERT INTO Plays(GID, PID) VALUES (714, 104);
INSERT INTO Plays(GID, PID) VALUES (992, 362);
INSERT INTO Plays(GID, PID) VALUES (585, 239);
INSERT INTO Plays(GID, PID) VALUES (1101, 334);
INSERT INTO Plays(GID, PID) VALUES (910, 495);
INSERT INTO Plays(GID, PID) VALUES (763, 366);
INSERT INTO Plays(GID, PID) VALUES (1098, 419);
INSERT INTO Plays(GID, PID) VALUES (485, 364);
INSERT INTO Plays(GID, PID) VALUES (356, 280);
INSERT INTO Plays(GID, PID) VALUES (353, 496);
INSERT INTO Plays(GID, PID) VALUES (1088, 537);
INSERT INTO Plays(GID, PID) VALUES (911, 479);
INSERT INTO Plays(GID, PID) VALUES (865, 309);
INSERT INTO Plays(GID, PID) VALUES (512, 444);
INSERT INTO Plays(GID, PID) VALUES (878, 519);
INSERT INTO Plays(GID, PID) VALUES (1465, 495);
INSERT INTO Plays(GID, PID) VALUES (788, 409);
INSERT INTO Plays(GID, PID) VALUES (1312, 336);
INSERT INTO Plays(GID, PID) VALUES (1312, 355);
INSERT INTO Plays(GID, PID) VALUES (759, 296);
INSERT INTO Plays(GID, PID) VALUES (1303, 193);
INSERT INTO Plays(GID, PID) VALUES (1278, 389);
INSERT INTO Plays(GID, PID) VALUES (1475, 289);
INSERT INTO Plays(GID, PID) VALUES (1114, 494);
INSERT INTO Plays(GID, PID) VALUES (1221, 71);
INSERT INTO Plays(GID, PID) VALUES (1498, 422);
INSERT INTO Plays(GID, PID) VALUES (928, 232);
INSERT INTO Plays(GID, PID) VALUES (1069, 325);
INSERT INTO Plays(GID, PID) VALUES (241, 458);
INSERT INTO Plays(GID, PID) VALUES (1188, 428);
INSERT INTO Plays(GID, PID) VALUES (1011, 329);
INSERT INTO Plays(GID, PID) VALUES (1453, 411);
INSERT INTO Plays(GID, PID) VALUES (1470, 463);
INSERT INTO Plays(GID, PID) VALUES (587, 452);
INSERT INTO Plays(GID, PID) VALUES (1496, 459);
INSERT INTO Plays(GID, PID) VALUES (1380, 347);
INSERT INTO Plays(GID, PID) VALUES (1443, 467);
INSERT INTO Plays(GID, PID) VALUES (225, 408);
INSERT INTO Plays(GID, PID) VALUES (938, 510);
INSERT INTO Plays(GID, PID) VALUES (1426, 411);
INSERT INTO Plays(GID, PID) VALUES (630, 118);
INSERT INTO Plays(GID, PID) VALUES (721, 513);
INSERT INTO Plays(GID, PID) VALUES (751, 405);
INSERT INTO Plays(GID, PID) VALUES (779, 466);
INSERT INTO Plays(GID, PID) VALUES (899, 285);
INSERT INTO Plays(GID, PID) VALUES (1205, 513);
INSERT INTO Plays(GID, PID) VALUES (1023, 489);
INSERT INTO Plays(GID, PID) VALUES (1101, 412);
INSERT INTO Plays(GID, PID) VALUES (777, 351);
INSERT INTO Plays(GID, PID) VALUES (546, 451);
INSERT INTO Plays(GID, PID) VALUES (463, 275);
INSERT INTO Plays(GID, PID) VALUES (1501, 536);
INSERT INTO Plays(GID, PID) VALUES (1101, 66);
INSERT INTO Plays(GID, PID) VALUES (1424, 73);
INSERT INTO Plays(GID, PID) VALUES (1155, 523);
INSERT INTO Plays(GID, PID) VALUES (1483, 484);
INSERT INTO Plays(GID, PID) VALUES (1245, 475);
INSERT INTO Plays(GID, PID) VALUES (853, 244);
INSERT INTO Plays(GID, PID) VALUES (1457, 525);
INSERT INTO Plays(GID, PID) VALUES (689, 417);
INSERT INTO Plays(GID, PID) VALUES (1043, 295);
INSERT INTO Plays(GID, PID) VALUES (484, 501);
INSERT INTO Plays(GID, PID) VALUES (981, 528);
INSERT INTO Plays(GID, PID) VALUES (902, 434);
INSERT INTO Plays(GID, PID) VALUES (860, 452);
INSERT INTO Plays(GID, PID) VALUES (1466, 381);
INSERT INTO Plays(GID, PID) VALUES (1025, 353);
INSERT INTO Plays(GID, PID) VALUES (994, 528);
INSERT INTO Plays(GID, PID) VALUES (1477, 9);
INSERT INTO Plays(GID, PID) VALUES (1447, 313);
INSERT INTO Plays(GID, PID) VALUES (536, 404);
INSERT INTO Plays(GID, PID) VALUES (849, 515);
INSERT INTO Plays(GID, PID) VALUES (472, 490);
INSERT INTO Plays(GID, PID) VALUES (1300, 435);
INSERT INTO Plays(GID, PID) VALUES (721, 103);
INSERT INTO Plays(GID, PID) VALUES (865, 531);
INSERT INTO Plays(GID, PID) VALUES (1352, 458);
INSERT INTO Plays(GID, PID) VALUES (1216, 358);
INSERT INTO Plays(GID, PID) VALUES (407, 262);
INSERT INTO Plays(GID, PID) VALUES (1448, 63);
INSERT INTO Plays(GID, PID) VALUES (1069, 343);
INSERT INTO Plays(GID, PID) VALUES (1363, 509);
INSERT INTO Plays(GID, PID) VALUES (1363, 535);
INSERT INTO Plays(GID, PID) VALUES (1482, 276);
INSERT INTO Plays(GID, PID) VALUES (1156, 481);
INSERT INTO Plays(GID, PID) VALUES (875, 514);
INSERT INTO Plays(GID, PID) VALUES (1338, 460);
INSERT INTO Plays(GID, PID) VALUES (1095, 441);
INSERT INTO Plays(GID, PID) VALUES (820, 513);
INSERT INTO Plays(GID, PID) VALUES (1448, 285);
INSERT INTO Plays(GID, PID) VALUES (725, 395);
INSERT INTO Plays(GID, PID) VALUES (734, 275);
INSERT INTO Plays(GID, PID) VALUES (1251, 109);
INSERT INTO Plays(GID, PID) VALUES (787, 513);
INSERT INTO Plays(GID, PID) VALUES (1432, 475);
INSERT INTO Plays(GID, PID) VALUES (610, 243);
INSERT INTO Plays(GID, PID) VALUES (414, 348);
INSERT INTO Plays(GID, PID) VALUES (928, 540);
INSERT INTO Plays(GID, PID) VALUES (742, 515);
INSERT INTO Plays(GID, PID) VALUES (1242, 322);
INSERT INTO Plays(GID, PID) VALUES (745, 496);
INSERT INTO Plays(GID, PID) VALUES (1117, 78);
INSERT INTO Plays(GID, PID) VALUES (1239, 104);
INSERT INTO Plays(GID, PID) VALUES (1449, 154);
INSERT INTO Plays(GID, PID) VALUES (899, 537);
INSERT INTO Plays(GID, PID) VALUES (1067, 502);
INSERT INTO Plays(GID, PID) VALUES (501, 417);
INSERT INTO Plays(GID, PID) VALUES (1193, 468);
INSERT INTO Plays(GID, PID) VALUES (1196, 487);
INSERT INTO Plays(GID, PID) VALUES (1133, 516);
INSERT INTO Plays(GID, PID) VALUES (483, 398);
INSERT INTO Plays(GID, PID) VALUES (1465, 465);
INSERT INTO Plays(GID, PID) VALUES (1274, 230);
INSERT INTO Plays(GID, PID) VALUES (416, 312);
INSERT INTO Plays(GID, PID) VALUES (1240, 533);
INSERT INTO Plays(GID, PID) VALUES (1341, 473);
INSERT INTO Plays(GID, PID) VALUES (1328, 523);
INSERT INTO Plays(GID, PID) VALUES (1476, 320);
INSERT INTO Plays(GID, PID) VALUES (983, 367);
INSERT INTO Plays(GID, PID) VALUES (989, 513);
INSERT INTO Plays(GID, PID) VALUES (1297, 481);
INSERT INTO Plays(GID, PID) VALUES (919, 526);
INSERT INTO Plays(GID, PID) VALUES (1237, 502);
INSERT INTO Plays(GID, PID) VALUES (1219, 28);
INSERT INTO Plays(GID, PID) VALUES (1432, 302);
INSERT INTO Plays(GID, PID) VALUES (1384, 257);
INSERT INTO Plays(GID, PID) VALUES (1471, 51);
INSERT INTO Plays(GID, PID) VALUES (653, 485);
INSERT INTO Plays(GID, PID) VALUES (530, 446);
INSERT INTO Plays(GID, PID) VALUES (1198, 279);
INSERT INTO Plays(GID, PID) VALUES (229, 487);
INSERT INTO Plays(GID, PID) VALUES (1285, 356);
INSERT INTO Plays(GID, PID) VALUES (1325, 487);
INSERT INTO Plays(GID, PID) VALUES (766, 452);
INSERT INTO Plays(GID, PID) VALUES (1148, 244);
INSERT INTO Plays(GID, PID) VALUES (1494, 452);
INSERT INTO Plays(GID, PID) VALUES (1192, 310);
INSERT INTO Plays(GID, PID) VALUES (639, 326);
INSERT INTO Plays(GID, PID) VALUES (906, 300);
INSERT INTO Plays(GID, PID) VALUES (1178, 497);
INSERT INTO Plays(GID, PID) VALUES (374, 281);
INSERT INTO Plays(GID, PID) VALUES (792, 368);
INSERT INTO Plays(GID, PID) VALUES (759, 72);
INSERT INTO Plays(GID, PID) VALUES (1250, 371);
INSERT INTO Plays(GID, PID) VALUES (1286, 334);
INSERT INTO Plays(GID, PID) VALUES (643, 309);
INSERT INTO Plays(GID, PID) VALUES (1306, 472);
INSERT INTO Plays(GID, PID) VALUES (1122, 519);
INSERT INTO Plays(GID, PID) VALUES (1170, 395);
INSERT INTO Plays(GID, PID) VALUES (1287, 491);
INSERT INTO Plays(GID, PID) VALUES (1072, 235);
INSERT INTO Plays(GID, PID) VALUES (1077, 461);
INSERT INTO Plays(GID, PID) VALUES (420, 200);
INSERT INTO Plays(GID, PID) VALUES (998, 452);
INSERT INTO Plays(GID, PID) VALUES (1096, 361);
INSERT INTO Plays(GID, PID) VALUES (1267, 125);
INSERT INTO Plays(GID, PID) VALUES (1077, 418);
INSERT INTO Plays(GID, PID) VALUES (1175, 540);
INSERT INTO Plays(GID, PID) VALUES (1011, 476);
INSERT INTO Plays(GID, PID) VALUES (575, 298);
INSERT INTO Plays(GID, PID) VALUES (1190, 232);
INSERT INTO Plays(GID, PID) VALUES (1456, 312);
INSERT INTO Plays(GID, PID) VALUES (739, 335);
INSERT INTO Plays(GID, PID) VALUES (1434, 381);
INSERT INTO Plays(GID, PID) VALUES (835, 500);
INSERT INTO Plays(GID, PID) VALUES (272, 435);
INSERT INTO Plays(GID, PID) VALUES (900, 491);
INSERT INTO Plays(GID, PID) VALUES (1468, 401);
INSERT INTO Plays(GID, PID) VALUES (735, 359);
INSERT INTO Plays(GID, PID) VALUES (1409, 340);
INSERT INTO Plays(GID, PID) VALUES (1003, 477);
INSERT INTO Plays(GID, PID) VALUES (905, 416);
INSERT INTO Plays(GID, PID) VALUES (1138, 532);
INSERT INTO Plays(GID, PID) VALUES (1280, 536);
INSERT INTO Plays(GID, PID) VALUES (786, 84);
INSERT INTO Plays(GID, PID) VALUES (684, 507);
INSERT INTO Plays(GID, PID) VALUES (671, 515);
INSERT INTO Plays(GID, PID) VALUES (793, 205);
INSERT INTO Plays(GID, PID) VALUES (1199, 361);
INSERT INTO Plays(GID, PID) VALUES (805, 234);
INSERT INTO Plays(GID, PID) VALUES (1368, 528);
INSERT INTO Plays(GID, PID) VALUES (1310, 307);
INSERT INTO Plays(GID, PID) VALUES (1399, 233);
INSERT INTO Plays(GID, PID) VALUES (1185, 458);
INSERT INTO Plays(GID, PID) VALUES (479, 175);
INSERT INTO Plays(GID, PID) VALUES (1406, 383);
INSERT INTO Plays(GID, PID) VALUES (434, 401);
INSERT INTO Plays(GID, PID) VALUES (1066, 264);
INSERT INTO Plays(GID, PID) VALUES (686, 440);
INSERT INTO Plays(GID, PID) VALUES (1241, 258);
INSERT INTO Plays(GID, PID) VALUES (467, 377);
INSERT INTO Plays(GID, PID) VALUES (928, 512);
INSERT INTO Plays(GID, PID) VALUES (260, 295);
INSERT INTO Plays(GID, PID) VALUES (1291, 441);
INSERT INTO Plays(GID, PID) VALUES (1383, 443);
INSERT INTO Plays(GID, PID) VALUES (1173, 81);
INSERT INTO Plays(GID, PID) VALUES (880, 445);
INSERT INTO Plays(GID, PID) VALUES (1392, 329);
INSERT INTO Plays(GID, PID) VALUES (418, 247);
INSERT INTO Plays(GID, PID) VALUES (839, 375);
INSERT INTO Plays(GID, PID) VALUES (1485, 229);
INSERT INTO Plays(GID, PID) VALUES (1280, 233);
INSERT INTO Plays(GID, PID) VALUES (975, 131);
INSERT INTO Plays(GID, PID) VALUES (1271, 259);
INSERT INTO Plays(GID, PID) VALUES (1012, 431);
INSERT INTO Plays(GID, PID) VALUES (498, 341);
INSERT INTO Plays(GID, PID) VALUES (798, 403);
INSERT INTO Plays(GID, PID) VALUES (1383, 380);
INSERT INTO Plays(GID, PID) VALUES (581, 303);
INSERT INTO Plays(GID, PID) VALUES (1487, 414);
INSERT INTO Plays(GID, PID) VALUES (1169, 542);
INSERT INTO Plays(GID, PID) VALUES (1228, 415);
INSERT INTO Plays(GID, PID) VALUES (1468, 529);
INSERT INTO Plays(GID, PID) VALUES (588, 393);
INSERT INTO Plays(GID, PID) VALUES (1504, 92);
INSERT INTO Plays(GID, PID) VALUES (685, 370);
INSERT INTO Plays(GID, PID) VALUES (1212, 537);
INSERT INTO Plays(GID, PID) VALUES (273, 525);
INSERT INTO Plays(GID, PID) VALUES (599, 142);
INSERT INTO Plays(GID, PID) VALUES (1256, 470);
INSERT INTO Plays(GID, PID) VALUES (566, 425);
INSERT INTO Plays(GID, PID) VALUES (603, 488);
INSERT INTO Plays(GID, PID) VALUES (820, 353);
INSERT INTO Plays(GID, PID) VALUES (1289, 40);
INSERT INTO Plays(GID, PID) VALUES (1152, 363);
INSERT INTO Plays(GID, PID) VALUES (999, 458);
INSERT INTO Plays(GID, PID) VALUES (818, 236);
INSERT INTO Plays(GID, PID) VALUES (553, 178);
INSERT INTO Plays(GID, PID) VALUES (1194, 270);
INSERT INTO Plays(GID, PID) VALUES (790, 292);
INSERT INTO Plays(GID, PID) VALUES (1305, 431);
INSERT INTO Plays(GID, PID) VALUES (1170, 378);
INSERT INTO Plays(GID, PID) VALUES (970, 344);
INSERT INTO Plays(GID, PID) VALUES (1031, 434);
INSERT INTO Plays(GID, PID) VALUES (934, 412);
INSERT INTO Plays(GID, PID) VALUES (648, 222);
INSERT INTO Plays(GID, PID) VALUES (1485, 394);
INSERT INTO Plays(GID, PID) VALUES (1466, 320);
INSERT INTO Plays(GID, PID) VALUES (893, 283);
INSERT INTO Plays(GID, PID) VALUES (1275, 449);
INSERT INTO Plays(GID, PID) VALUES (945, 526);
INSERT INTO Plays(GID, PID) VALUES (538, 217);
INSERT INTO Plays(GID, PID) VALUES (778, 451);
INSERT INTO Plays(GID, PID) VALUES (1456, 279);
INSERT INTO Plays(GID, PID) VALUES (1117, 515);
INSERT INTO Plays(GID, PID) VALUES (1093, 251);
INSERT INTO Plays(GID, PID) VALUES (1256, 300);
INSERT INTO Plays(GID, PID) VALUES (1263, 197);
INSERT INTO Plays(GID, PID) VALUES (1321, 182);
INSERT INTO Plays(GID, PID) VALUES (1246, 227);
INSERT INTO Plays(GID, PID) VALUES (881, 214);
INSERT INTO Plays(GID, PID) VALUES (1243, 508);
INSERT INTO Plays(GID, PID) VALUES (703, 306);
INSERT INTO Plays(GID, PID) VALUES (1155, 432);
INSERT INTO Plays(GID, PID) VALUES (845, 410);
INSERT INTO Plays(GID, PID) VALUES (1074, 302);
INSERT INTO Plays(GID, PID) VALUES (1029, 458);
INSERT INTO Plays(GID, PID) VALUES (951, 434);
INSERT INTO Plays(GID, PID) VALUES (1428, 466);
INSERT INTO Plays(GID, PID) VALUES (1197, 315);
INSERT INTO Plays(GID, PID) VALUES (1116, 366);
INSERT INTO Plays(GID, PID) VALUES (1309, 217);
INSERT INTO Plays(GID, PID) VALUES (814, 270);
INSERT INTO Plays(GID, PID) VALUES (902, 369);
INSERT INTO Plays(GID, PID) VALUES (1201, 136);
INSERT INTO Plays(GID, PID) VALUES (704, 116);
INSERT INTO Plays(GID, PID) VALUES (1441, 538);
INSERT INTO Plays(GID, PID) VALUES (821, 516);
INSERT INTO Plays(GID, PID) VALUES (1099, 200);
INSERT INTO Plays(GID, PID) VALUES (1265, 512);
INSERT INTO Plays(GID, PID) VALUES (665, 501);
INSERT INTO Plays(GID, PID) VALUES (1125, 253);
INSERT INTO Plays(GID, PID) VALUES (1390, 443);
INSERT INTO Plays(GID, PID) VALUES (951, 532);
INSERT INTO Plays(GID, PID) VALUES (819, 472);
INSERT INTO Plays(GID, PID) VALUES (685, 98);
INSERT INTO Plays(GID, PID) VALUES (661, 500);
INSERT INTO Plays(GID, PID) VALUES (461, 534);
INSERT INTO Plays(GID, PID) VALUES (983, 379);
INSERT INTO Plays(GID, PID) VALUES (1115, 366);
INSERT INTO Plays(GID, PID) VALUES (1063, 138);
INSERT INTO Plays(GID, PID) VALUES (319, 476);
INSERT INTO Plays(GID, PID) VALUES (1231, 351);
INSERT INTO Plays(GID, PID) VALUES (1119, 318);
INSERT INTO Plays(GID, PID) VALUES (722, 245);
INSERT INTO Plays(GID, PID) VALUES (346, 277);
INSERT INTO Plays(GID, PID) VALUES (1039, 355);
INSERT INTO Plays(GID, PID) VALUES (451, 425);
INSERT INTO Plays(GID, PID) VALUES (1138, 312);
INSERT INTO Plays(GID, PID) VALUES (440, 380);
INSERT INTO Plays(GID, PID) VALUES (1087, 507);
INSERT INTO Plays(GID, PID) VALUES (1273, 294);
INSERT INTO Plays(GID, PID) VALUES (764, 460);
INSERT INTO Plays(GID, PID) VALUES (675, 489);
INSERT INTO Plays(GID, PID) VALUES (772, 450);
INSERT INTO Plays(GID, PID) VALUES (1302, 471);
INSERT INTO Plays(GID, PID) VALUES (1084, 475);
INSERT INTO Plays(GID, PID) VALUES (638, 484);
INSERT INTO Plays(GID, PID) VALUES (558, 236);
INSERT INTO Plays(GID, PID) VALUES (942, 465);
INSERT INTO Plays(GID, PID) VALUES (1500, 330);
INSERT INTO Plays(GID, PID) VALUES (1341, 363);
INSERT INTO Plays(GID, PID) VALUES (361, 373);
INSERT INTO Plays(GID, PID) VALUES (1347, 511);
INSERT INTO Plays(GID, PID) VALUES (920, 431);
INSERT INTO Plays(GID, PID) VALUES (1062, 512);
INSERT INTO Plays(GID, PID) VALUES (638, 514);
INSERT INTO Plays(GID, PID) VALUES (1176, 251);
INSERT INTO Plays(GID, PID) VALUES (233, 359);
INSERT INTO Plays(GID, PID) VALUES (526, 490);
INSERT INTO Plays(GID, PID) VALUES (1129, 291);
INSERT INTO Plays(GID, PID) VALUES (337, 507);
INSERT INTO Plays(GID, PID) VALUES (1228, 155);
INSERT INTO Plays(GID, PID) VALUES (783, 260);
INSERT INTO Plays(GID, PID) VALUES (1477, 487);
INSERT INTO Plays(GID, PID) VALUES (624, 442);
INSERT INTO Plays(GID, PID) VALUES (495, 532);
INSERT INTO Plays(GID, PID) VALUES (983, 534);
INSERT INTO Plays(GID, PID) VALUES (1388, 221);
INSERT INTO Plays(GID, PID) VALUES (1342, 260);
INSERT INTO Plays(GID, PID) VALUES (511, 257);
INSERT INTO Plays(GID, PID) VALUES (522, 294);
INSERT INTO Plays(GID, PID) VALUES (1072, 295);
INSERT INTO Plays(GID, PID) VALUES (1288, 465);
INSERT INTO Plays(GID, PID) VALUES (1110, 396);
INSERT INTO Plays(GID, PID) VALUES (1362, 503);
INSERT INTO Plays(GID, PID) VALUES (1284, 177);
INSERT INTO Plays(GID, PID) VALUES (654, 507);
INSERT INTO Plays(GID, PID) VALUES (475, 341);
INSERT INTO Plays(GID, PID) VALUES (671, 368);
INSERT INTO Plays(GID, PID) VALUES (527, 136);
INSERT INTO Plays(GID, PID) VALUES (213, 331);
INSERT INTO Plays(GID, PID) VALUES (875, 261);
INSERT INTO Plays(GID, PID) VALUES (948, 363);
INSERT INTO Plays(GID, PID) VALUES (1237, 236);
INSERT INTO Plays(GID, PID) VALUES (967, 238);
INSERT INTO Plays(GID, PID) VALUES (1050, 484);
INSERT INTO Plays(GID, PID) VALUES (444, 397);
INSERT INTO Plays(GID, PID) VALUES (776, 542);
INSERT INTO Plays(GID, PID) VALUES (1092, 492);
INSERT INTO Plays(GID, PID) VALUES (1238, 489);
INSERT INTO Plays(GID, PID) VALUES (1441, 320);
INSERT INTO Plays(GID, PID) VALUES (699, 346);
INSERT INTO Plays(GID, PID) VALUES (1345, 177);
INSERT INTO Plays(GID, PID) VALUES (1131, 305);
INSERT INTO Plays(GID, PID) VALUES (926, 543);
INSERT INTO Plays(GID, PID) VALUES (915, 451);
INSERT INTO Plays(GID, PID) VALUES (1443, 343);
INSERT INTO Plays(GID, PID) VALUES (1384, 457);
INSERT INTO Plays(GID, PID) VALUES (1425, 306);
INSERT INTO Plays(GID, PID) VALUES (1074, 393);
INSERT INTO Plays(GID, PID) VALUES (844, 302);
INSERT INTO Plays(GID, PID) VALUES (1382, 543);
INSERT INTO Plays(GID, PID) VALUES (1498, 344);
INSERT INTO Plays(GID, PID) VALUES (710, 180);
INSERT INTO Plays(GID, PID) VALUES (1444, 391);
INSERT INTO Plays(GID, PID) VALUES (1398, 515);
INSERT INTO Plays(GID, PID) VALUES (829, 497);
INSERT INTO Plays(GID, PID) VALUES (1462, 153);
INSERT INTO Plays(GID, PID) VALUES (946, 174);
INSERT INTO Plays(GID, PID) VALUES (479, 388);
INSERT INTO Plays(GID, PID) VALUES (669, 478);
INSERT INTO Plays(GID, PID) VALUES (628, 373);
INSERT INTO Plays(GID, PID) VALUES (636, 186);
INSERT INTO Plays(GID, PID) VALUES (991, 79);
INSERT INTO Plays(GID, PID) VALUES (1110, 149);
INSERT INTO Plays(GID, PID) VALUES (934, 528);
INSERT INTO Plays(GID, PID) VALUES (1459, 504);
INSERT INTO Plays(GID, PID) VALUES (769, 261);
INSERT INTO Plays(GID, PID) VALUES (878, 525);
INSERT INTO Plays(GID, PID) VALUES (1008, 378);
INSERT INTO Plays(GID, PID) VALUES (931, 278);
INSERT INTO Plays(GID, PID) VALUES (473, 304);
INSERT INTO Plays(GID, PID) VALUES (943, 451);
INSERT INTO Plays(GID, PID) VALUES (1338, 112);
INSERT INTO Plays(GID, PID) VALUES (1118, 483);
INSERT INTO Plays(GID, PID) VALUES (1130, 513);
INSERT INTO Plays(GID, PID) VALUES (907, 471);
INSERT INTO Plays(GID, PID) VALUES (1402, 467);
INSERT INTO Plays(GID, PID) VALUES (1311, 400);
INSERT INTO Plays(GID, PID) VALUES (1183, 299);
INSERT INTO Plays(GID, PID) VALUES (747, 300);
INSERT INTO Plays(GID, PID) VALUES (608, 35);
INSERT INTO Plays(GID, PID) VALUES (728, 235);
INSERT INTO Plays(GID, PID) VALUES (518, 354);
INSERT INTO Plays(GID, PID) VALUES (1434, 412);
INSERT INTO Plays(GID, PID) VALUES (1376, 410);
INSERT INTO Plays(GID, PID) VALUES (1412, 293);
INSERT INTO Plays(GID, PID) VALUES (1489, 526);
INSERT INTO Plays(GID, PID) VALUES (1488, 284);
INSERT INTO Plays(GID, PID) VALUES (379, 477);
INSERT INTO Plays(GID, PID) VALUES (1224, 396);
INSERT INTO Plays(GID, PID) VALUES (799, 430);
INSERT INTO Plays(GID, PID) VALUES (910, 88);
INSERT INTO Plays(GID, PID) VALUES (1135, 211);
INSERT INTO Plays(GID, PID) VALUES (1013, 193);
INSERT INTO Plays(GID, PID) VALUES (987, 235);
INSERT INTO Plays(GID, PID) VALUES (659, 455);
INSERT INTO Plays(GID, PID) VALUES (1417, 419);
INSERT INTO Plays(GID, PID) VALUES (204, 355);
INSERT INTO Plays(GID, PID) VALUES (57, 43);
INSERT INTO Plays(GID, PID) VALUES (1140, 523);
INSERT INTO Plays(GID, PID) VALUES (704, 497);
INSERT INTO Plays(GID, PID) VALUES (1323, 367);
INSERT INTO Plays(GID, PID) VALUES (1286, 242);
INSERT INTO Plays(GID, PID) VALUES (801, 484);
INSERT INTO Plays(GID, PID) VALUES (977, 432);
INSERT INTO Plays(GID, PID) VALUES (1219, 409);
INSERT INTO Plays(GID, PID) VALUES (1273, 482);
INSERT INTO Plays(GID, PID) VALUES (1438, 258);
INSERT INTO Plays(GID, PID) VALUES (967, 224);
INSERT INTO Plays(GID, PID) VALUES (1403, 319);
INSERT INTO Plays(GID, PID) VALUES (1457, 423);
INSERT INTO Plays(GID, PID) VALUES (266, 473);
INSERT INTO Plays(GID, PID) VALUES (1315, 532);
INSERT INTO Plays(GID, PID) VALUES (1414, 98);
INSERT INTO Plays(GID, PID) VALUES (1404, 316);
INSERT INTO Plays(GID, PID) VALUES (1341, 174);
INSERT INTO Plays(GID, PID) VALUES (825, 436);
INSERT INTO Plays(GID, PID) VALUES (947, 394);
INSERT INTO Plays(GID, PID) VALUES (1427, 448);
INSERT INTO Plays(GID, PID) VALUES (744, 468);
INSERT INTO Plays(GID, PID) VALUES (1093, 405);
INSERT INTO Plays(GID, PID) VALUES (1331, 533);
INSERT INTO Plays(GID, PID) VALUES (544, 361);
INSERT INTO Plays(GID, PID) VALUES (1334, 241);
INSERT INTO Plays(GID, PID) VALUES (1347, 16);
INSERT INTO Plays(GID, PID) VALUES (1310, 463);
INSERT INTO Plays(GID, PID) VALUES (1242, 496);
INSERT INTO Plays(GID, PID) VALUES (1400, 393);
INSERT INTO Plays(GID, PID) VALUES (1397, 409);
INSERT INTO Plays(GID, PID) VALUES (1230, 466);
INSERT INTO Plays(GID, PID) VALUES (928, 440);
INSERT INTO Plays(GID, PID) VALUES (641, 535);
INSERT INTO Plays(GID, PID) VALUES (733, 479);
INSERT INTO Plays(GID, PID) VALUES (1016, 384);
INSERT INTO Plays(GID, PID) VALUES (738, 201);
INSERT INTO Plays(GID, PID) VALUES (1254, 455);
INSERT INTO Plays(GID, PID) VALUES (1225, 477);
INSERT INTO Plays(GID, PID) VALUES (691, 375);
INSERT INTO Plays(GID, PID) VALUES (1235, 484);
INSERT INTO Plays(GID, PID) VALUES (1341, 543);
INSERT INTO Plays(GID, PID) VALUES (1279, 374);
INSERT INTO Plays(GID, PID) VALUES (835, 404);
INSERT INTO Plays(GID, PID) VALUES (415, 346);
INSERT INTO Plays(GID, PID) VALUES (1482, 226);
INSERT INTO Plays(GID, PID) VALUES (1436, 526);
INSERT INTO Plays(GID, PID) VALUES (1160, 434);
INSERT INTO Plays(GID, PID) VALUES (1172, 293);
INSERT INTO Plays(GID, PID) VALUES (393, 479);
INSERT INTO Plays(GID, PID) VALUES (791, 499);
INSERT INTO Plays(GID, PID) VALUES (1491, 394);
INSERT INTO Plays(GID, PID) VALUES (716, 391);
INSERT INTO Plays(GID, PID) VALUES (805, 447);
INSERT INTO Plays(GID, PID) VALUES (590, 513);
INSERT INTO Plays(GID, PID) VALUES (1243, 383);
INSERT INTO Plays(GID, PID) VALUES (1059, 494);
INSERT INTO Plays(GID, PID) VALUES (827, 376);
INSERT INTO Plays(GID, PID) VALUES (265, 254);
INSERT INTO Plays(GID, PID) VALUES (1188, 425);
INSERT INTO Plays(GID, PID) VALUES (1332, 178);
INSERT INTO Plays(GID, PID) VALUES (320, 418);
INSERT INTO Plays(GID, PID) VALUES (723, 453);
INSERT INTO Plays(GID, PID) VALUES (1494, 435);
INSERT INTO Plays(GID, PID) VALUES (970, 497);
INSERT INTO Plays(GID, PID) VALUES (1243, 126);
INSERT INTO Plays(GID, PID) VALUES (1145, 452);
INSERT INTO Plays(GID, PID) VALUES (688, 443);
INSERT INTO Plays(GID, PID) VALUES (878, 488);
INSERT INTO Plays(GID, PID) VALUES (1255, 382);
INSERT INTO Plays(GID, PID) VALUES (1499, 382);
INSERT INTO Plays(GID, PID) VALUES (854, 334);
INSERT INTO Plays(GID, PID) VALUES (1392, 380);
INSERT INTO Plays(GID, PID) VALUES (1265, 430);
INSERT INTO Plays(GID, PID) VALUES (730, 512);
INSERT INTO Plays(GID, PID) VALUES (1501, 312);
INSERT INTO Plays(GID, PID) VALUES (1446, 77);
INSERT INTO Plays(GID, PID) VALUES (1272, 109);
INSERT INTO Plays(GID, PID) VALUES (1241, 213);
INSERT INTO Plays(GID, PID) VALUES (1499, 455);
INSERT INTO Plays(GID, PID) VALUES (1308, 168);
INSERT INTO Plays(GID, PID) VALUES (1336, 446);
INSERT INTO Plays(GID, PID) VALUES (876, 314);
INSERT INTO Plays(GID, PID) VALUES (565, 543);
INSERT INTO Plays(GID, PID) VALUES (1056, 448);
INSERT INTO Plays(GID, PID) VALUES (628, 497);
INSERT INTO Plays(GID, PID) VALUES (698, 379);
INSERT INTO Plays(GID, PID) VALUES (1486, 383);
INSERT INTO Plays(GID, PID) VALUES (526, 145);
INSERT INTO Plays(GID, PID) VALUES (1473, 449);
INSERT INTO Plays(GID, PID) VALUES (170, 325);
INSERT INTO Plays(GID, PID) VALUES (925, 531);
INSERT INTO Plays(GID, PID) VALUES (1500, 526);
INSERT INTO Plays(GID, PID) VALUES (453, 165);
INSERT INTO Plays(GID, PID) VALUES (1341, 446);
INSERT INTO Plays(GID, PID) VALUES (1320, 156);
INSERT INTO Plays(GID, PID) VALUES (1310, 403);
INSERT INTO Plays(GID, PID) VALUES (1415, 406);
INSERT INTO Plays(GID, PID) VALUES (1122, 169);
INSERT INTO Plays(GID, PID) VALUES (1326, 86);
INSERT INTO Plays(GID, PID) VALUES (1397, 120);
INSERT INTO Plays(GID, PID) VALUES (1101, 530);
INSERT INTO Plays(GID, PID) VALUES (1007, 151);
INSERT INTO Plays(GID, PID) VALUES (580, 388);
INSERT INTO Plays(GID, PID) VALUES (660, 410);
INSERT INTO Plays(GID, PID) VALUES (1449, 178);
INSERT INTO Plays(GID, PID) VALUES (373, 246);
INSERT INTO Plays(GID, PID) VALUES (566, 301);
INSERT INTO Plays(GID, PID) VALUES (950, 128);
INSERT INTO Plays(GID, PID) VALUES (1285, 262);
INSERT INTO Plays(GID, PID) VALUES (846, 239);
INSERT INTO Plays(GID, PID) VALUES (1296, 384);
INSERT INTO Plays(GID, PID) VALUES (365, 147);
INSERT INTO Plays(GID, PID) VALUES (621, 430);
INSERT INTO Plays(GID, PID) VALUES (1215, 426);
INSERT INTO Plays(GID, PID) VALUES (1226, 529);
INSERT INTO Plays(GID, PID) VALUES (1426, 390);
INSERT INTO Plays(GID, PID) VALUES (1157, 242);
INSERT INTO Plays(GID, PID) VALUES (1267, 320);
INSERT INTO Plays(GID, PID) VALUES (1440, 468);
INSERT INTO Plays(GID, PID) VALUES (1385, 516);
INSERT INTO Plays(GID, PID) VALUES (495, 499);
INSERT INTO Plays(GID, PID) VALUES (584, 518);
INSERT INTO Plays(GID, PID) VALUES (1478, 272);
INSERT INTO Plays(GID, PID) VALUES (1045, 403);
INSERT INTO Plays(GID, PID) VALUES (1297, 453);
INSERT INTO Plays(GID, PID) VALUES (665, 486);
INSERT INTO Plays(GID, PID) VALUES (1406, 379);
INSERT INTO Plays(GID, PID) VALUES (505, 274);
INSERT INTO Plays(GID, PID) VALUES (1403, 113);
INSERT INTO Plays(GID, PID) VALUES (1498, 475);
INSERT INTO Plays(GID, PID) VALUES (796, 397);
INSERT INTO Plays(GID, PID) VALUES (1288, 512);
INSERT INTO Plays(GID, PID) VALUES (729, 507);
INSERT INTO Plays(GID, PID) VALUES (1177, 361);
INSERT INTO Plays(GID, PID) VALUES (884, 211);
INSERT INTO Plays(GID, PID) VALUES (1502, 369);
INSERT INTO Plays(GID, PID) VALUES (915, 366);
INSERT INTO Plays(GID, PID) VALUES (1262, 208);
INSERT INTO Plays(GID, PID) VALUES (1257, 314);
INSERT INTO Plays(GID, PID) VALUES (261, 235);
INSERT INTO Plays(GID, PID) VALUES (1494, 361);
INSERT INTO Plays(GID, PID) VALUES (1448, 258);
INSERT INTO Plays(GID, PID) VALUES (1043, 504);
INSERT INTO Plays(GID, PID) VALUES (1430, 108);
INSERT INTO Plays(GID, PID) VALUES (1350, 321);
INSERT INTO Plays(GID, PID) VALUES (1414, 514);
INSERT INTO Plays(GID, PID) VALUES (1331, 158);
INSERT INTO Plays(GID, PID) VALUES (1471, 427);
INSERT INTO Plays(GID, PID) VALUES (619, 410);
INSERT INTO Plays(GID, PID) VALUES (254, 346);
INSERT INTO Plays(GID, PID) VALUES (1394, 221);
INSERT INTO Plays(GID, PID) VALUES (842, 343);
INSERT INTO Plays(GID, PID) VALUES (1288, 408);
INSERT INTO Plays(GID, PID) VALUES (1303, 57);
INSERT INTO Plays(GID, PID) VALUES (1011, 475);
INSERT INTO Plays(GID, PID) VALUES (1496, 466);
INSERT INTO Plays(GID, PID) VALUES (1161, 334);
INSERT INTO Plays(GID, PID) VALUES (973, 372);
INSERT INTO Plays(GID, PID) VALUES (1362, 384);
INSERT INTO Plays(GID, PID) VALUES (942, 256);
INSERT INTO Plays(GID, PID) VALUES (834, 456);
INSERT INTO Plays(GID, PID) VALUES (852, 227);
INSERT INTO Plays(GID, PID) VALUES (660, 279);
INSERT INTO Plays(GID, PID) VALUES (1373, 335);
INSERT INTO Plays(GID, PID) VALUES (1334, 327);
INSERT INTO Plays(GID, PID) VALUES (1093, 504);
INSERT INTO Plays(GID, PID) VALUES (767, 436);
INSERT INTO Plays(GID, PID) VALUES (686, 499);
INSERT INTO Plays(GID, PID) VALUES (1390, 542);
INSERT INTO Plays(GID, PID) VALUES (1308, 532);
INSERT INTO Plays(GID, PID) VALUES (1254, 300);
INSERT INTO Plays(GID, PID) VALUES (1244, 469);
INSERT INTO Plays(GID, PID) VALUES (698, 293);
INSERT INTO Plays(GID, PID) VALUES (1336, 174);
INSERT INTO Plays(GID, PID) VALUES (858, 102);
INSERT INTO Plays(GID, PID) VALUES (1294, 231);
INSERT INTO Plays(GID, PID) VALUES (897, 432);
INSERT INTO Plays(GID, PID) VALUES (1425, 133);
INSERT INTO Plays(GID, PID) VALUES (999, 402);
INSERT INTO Plays(GID, PID) VALUES (1435, 464);
INSERT INTO Plays(GID, PID) VALUES (1157, 259);
INSERT INTO Plays(GID, PID) VALUES (1405, 360);
INSERT INTO Plays(GID, PID) VALUES (797, 501);
INSERT INTO Plays(GID, PID) VALUES (1382, 153);
INSERT INTO Plays(GID, PID) VALUES (293, 199);
INSERT INTO Plays(GID, PID) VALUES (997, 421);
INSERT INTO Plays(GID, PID) VALUES (885, 465);
INSERT INTO Plays(GID, PID) VALUES (229, 191);
INSERT INTO Plays(GID, PID) VALUES (715, 407);
INSERT INTO Plays(GID, PID) VALUES (1162, 490);
INSERT INTO Plays(GID, PID) VALUES (1499, 404);
INSERT INTO Plays(GID, PID) VALUES (647, 315);
INSERT INTO Plays(GID, PID) VALUES (947, 321);
INSERT INTO Plays(GID, PID) VALUES (1425, 156);
INSERT INTO Plays(GID, PID) VALUES (1356, 497);
INSERT INTO Plays(GID, PID) VALUES (382, 488);
INSERT INTO Plays(GID, PID) VALUES (746, 345);
INSERT INTO Plays(GID, PID) VALUES (761, 526);
INSERT INTO Plays(GID, PID) VALUES (191, 394);
INSERT INTO Plays(GID, PID) VALUES (1223, 172);
INSERT INTO Plays(GID, PID) VALUES (1259, 126);
INSERT INTO Plays(GID, PID) VALUES (1335, 172);
INSERT INTO Plays(GID, PID) VALUES (713, 117);
INSERT INTO Plays(GID, PID) VALUES (1173, 489);
INSERT INTO Plays(GID, PID) VALUES (1187, 365);
INSERT INTO Plays(GID, PID) VALUES (73, 246);
INSERT INTO Plays(GID, PID) VALUES (1107, 426);
INSERT INTO Plays(GID, PID) VALUES (1478, 235);
INSERT INTO Plays(GID, PID) VALUES (781, 526);
INSERT INTO Plays(GID, PID) VALUES (1325, 504);
INSERT INTO Plays(GID, PID) VALUES (1231, 156);
INSERT INTO Plays(GID, PID) VALUES (1049, 498);
INSERT INTO Plays(GID, PID) VALUES (1326, 520);
INSERT INTO Plays(GID, PID) VALUES (1001, 468);
INSERT INTO Plays(GID, PID) VALUES (1381, 484);
INSERT INTO Plays(GID, PID) VALUES (1384, 175);
INSERT INTO Plays(GID, PID) VALUES (680, 401);
INSERT INTO Plays(GID, PID) VALUES (1156, 433);
INSERT INTO Plays(GID, PID) VALUES (1003, 356);
INSERT INTO Plays(GID, PID) VALUES (1411, 242);
INSERT INTO Plays(GID, PID) VALUES (956, 140);
INSERT INTO Plays(GID, PID) VALUES (1243, 510);
INSERT INTO Plays(GID, PID) VALUES (395, 529);
INSERT INTO Plays(GID, PID) VALUES (1414, 437);
INSERT INTO Plays(GID, PID) VALUES (1073, 316);
INSERT INTO Plays(GID, PID) VALUES (976, 441);
INSERT INTO Plays(GID, PID) VALUES (1063, 229);
INSERT INTO Plays(GID, PID) VALUES (458, 518);
INSERT INTO Plays(GID, PID) VALUES (1213, 285);
INSERT INTO Plays(GID, PID) VALUES (392, 398);
INSERT INTO Plays(GID, PID) VALUES (1202, 381);
INSERT INTO Plays(GID, PID) VALUES (288, 520);
INSERT INTO Plays(GID, PID) VALUES (1114, 499);
INSERT INTO Plays(GID, PID) VALUES (784, 430);
INSERT INTO Plays(GID, PID) VALUES (1368, 542);
INSERT INTO Plays(GID, PID) VALUES (367, 211);
INSERT INTO Plays(GID, PID) VALUES (272, 261);
INSERT INTO Plays(GID, PID) VALUES (632, 468);
INSERT INTO Plays(GID, PID) VALUES (938, 173);
INSERT INTO Plays(GID, PID) VALUES (999, 133);
INSERT INTO Plays(GID, PID) VALUES (1276, 515);
INSERT INTO Plays(GID, PID) VALUES (410, 504);
INSERT INTO Plays(GID, PID) VALUES (1320, 254);
INSERT INTO Plays(GID, PID) VALUES (1057, 222);
INSERT INTO Plays(GID, PID) VALUES (1261, 352);
INSERT INTO Plays(GID, PID) VALUES (1437, 407);
INSERT INTO Plays(GID, PID) VALUES (1038, 318);
INSERT INTO Plays(GID, PID) VALUES (647, 530);
INSERT INTO Plays(GID, PID) VALUES (1143, 86);
INSERT INTO Plays(GID, PID) VALUES (202, 367);
INSERT INTO Plays(GID, PID) VALUES (1173, 345);
INSERT INTO Plays(GID, PID) VALUES (1198, 151);
INSERT INTO Plays(GID, PID) VALUES (1362, 435);
INSERT INTO Plays(GID, PID) VALUES (1296, 489);
INSERT INTO Plays(GID, PID) VALUES (1404, 248);
INSERT INTO Plays(GID, PID) VALUES (488, 232);
INSERT INTO Plays(GID, PID) VALUES (318, 417);
INSERT INTO Plays(GID, PID) VALUES (1352, 230);
INSERT INTO Plays(GID, PID) VALUES (886, 490);
INSERT INTO Plays(GID, PID) VALUES (728, 298);
INSERT INTO Plays(GID, PID) VALUES (1398, 121);
INSERT INTO Plays(GID, PID) VALUES (942, 208);
INSERT INTO Plays(GID, PID) VALUES (467, 317);
INSERT INTO Plays(GID, PID) VALUES (908, 413);
INSERT INTO Plays(GID, PID) VALUES (275, 446);
INSERT INTO Plays(GID, PID) VALUES (416, 336);
INSERT INTO Plays(GID, PID) VALUES (1021, 435);
INSERT INTO Plays(GID, PID) VALUES (799, 458);
INSERT INTO Plays(GID, PID) VALUES (1086, 287);
INSERT INTO Plays(GID, PID) VALUES (1051, 85);
INSERT INTO Plays(GID, PID) VALUES (686, 340);
INSERT INTO Plays(GID, PID) VALUES (1490, 419);
INSERT INTO Plays(GID, PID) VALUES (1323, 273);
INSERT INTO Plays(GID, PID) VALUES (390, 483);
INSERT INTO Plays(GID, PID) VALUES (453, 188);
INSERT INTO Plays(GID, PID) VALUES (621, 298);
INSERT INTO Plays(GID, PID) VALUES (1007, 531);
INSERT INTO Plays(GID, PID) VALUES (815, 407);
INSERT INTO Plays(GID, PID) VALUES (561, 401);
INSERT INTO Plays(GID, PID) VALUES (702, 441);
INSERT INTO Plays(GID, PID) VALUES (305, 225);
INSERT INTO Plays(GID, PID) VALUES (1357, 295);
INSERT INTO Plays(GID, PID) VALUES (111, 385);
INSERT INTO Plays(GID, PID) VALUES (1330, 168);
INSERT INTO Plays(GID, PID) VALUES (522, 394);
INSERT INTO Plays(GID, PID) VALUES (1442, 282);
INSERT INTO Plays(GID, PID) VALUES (1398, 311);
INSERT INTO Plays(GID, PID) VALUES (1147, 516);
INSERT INTO Plays(GID, PID) VALUES (1249, 434);
INSERT INTO Plays(GID, PID) VALUES (1309, 438);
INSERT INTO Plays(GID, PID) VALUES (1466, 480);
INSERT INTO Plays(GID, PID) VALUES (1289, 524);
INSERT INTO Plays(GID, PID) VALUES (1053, 343);
INSERT INTO Plays(GID, PID) VALUES (1461, 89);
INSERT INTO Plays(GID, PID) VALUES (1246, 431);
INSERT INTO Plays(GID, PID) VALUES (1347, 218);
INSERT INTO Plays(GID, PID) VALUES (1015, 463);
INSERT INTO Plays(GID, PID) VALUES (719, 426);
INSERT INTO Plays(GID, PID) VALUES (1269, 369);
INSERT INTO Plays(GID, PID) VALUES (1495, 56);
INSERT INTO Plays(GID, PID) VALUES (797, 496);
INSERT INTO Plays(GID, PID) VALUES (603, 517);
INSERT INTO Plays(GID, PID) VALUES (1351, 207);
INSERT INTO Plays(GID, PID) VALUES (1330, 468);
INSERT INTO Plays(GID, PID) VALUES (940, 382);
INSERT INTO Plays(GID, PID) VALUES (788, 399);
INSERT INTO Plays(GID, PID) VALUES (1028, 317);
INSERT INTO Plays(GID, PID) VALUES (1293, 49);
INSERT INTO Plays(GID, PID) VALUES (284, 532);
INSERT INTO Plays(GID, PID) VALUES (1152, 448);
INSERT INTO Plays(GID, PID) VALUES (1380, 462);
INSERT INTO Plays(GID, PID) VALUES (1007, 339);
INSERT INTO Plays(GID, PID) VALUES (96, 296);
INSERT INTO Plays(GID, PID) VALUES (1310, 447);
INSERT INTO Plays(GID, PID) VALUES (1248, 460);
INSERT INTO Plays(GID, PID) VALUES (1113, 469);
INSERT INTO Plays(GID, PID) VALUES (1215, 535);
INSERT INTO Plays(GID, PID) VALUES (508, 457);
INSERT INTO Plays(GID, PID) VALUES (1010, 368);
INSERT INTO Plays(GID, PID) VALUES (1469, 514);
INSERT INTO Plays(GID, PID) VALUES (993, 498);
INSERT INTO Plays(GID, PID) VALUES (640, 259);
INSERT INTO Plays(GID, PID) VALUES (731, 516);
INSERT INTO Plays(GID, PID) VALUES (1396, 521);
INSERT INTO Plays(GID, PID) VALUES (1166, 283);
INSERT INTO Plays(GID, PID) VALUES (1500, 363);
INSERT INTO Plays(GID, PID) VALUES (1375, 361);
INSERT INTO Plays(GID, PID) VALUES (1294, 361);
INSERT INTO Plays(GID, PID) VALUES (519, 498);
INSERT INTO Plays(GID, PID) VALUES (1121, 383);
INSERT INTO Plays(GID, PID) VALUES (742, 488);
INSERT INTO Plays(GID, PID) VALUES (1326, 174);
INSERT INTO Plays(GID, PID) VALUES (1356, 514);
INSERT INTO Plays(GID, PID) VALUES (895, 513);
INSERT INTO Plays(GID, PID) VALUES (1334, 278);
INSERT INTO Plays(GID, PID) VALUES (484, 301);
INSERT INTO Plays(GID, PID) VALUES (1100, 256);
INSERT INTO Plays(GID, PID) VALUES (531, 290);
INSERT INTO Plays(GID, PID) VALUES (680, 477);
INSERT INTO Plays(GID, PID) VALUES (311, 540);
INSERT INTO Plays(GID, PID) VALUES (990, 488);
INSERT INTO Plays(GID, PID) VALUES (749, 103);
INSERT INTO Plays(GID, PID) VALUES (1040, 281);
INSERT INTO Plays(GID, PID) VALUES (495, 540);
INSERT INTO Plays(GID, PID) VALUES (1048, 420);
INSERT INTO Plays(GID, PID) VALUES (957, 443);
INSERT INTO Plays(GID, PID) VALUES (1189, 231);
INSERT INTO Plays(GID, PID) VALUES (400, 414);
INSERT INTO Plays(GID, PID) VALUES (1381, 538);
INSERT INTO Plays(GID, PID) VALUES (803, 503);
INSERT INTO Plays(GID, PID) VALUES (423, 529);
INSERT INTO Plays(GID, PID) VALUES (722, 492);
INSERT INTO Plays(GID, PID) VALUES (1156, 245);
INSERT INTO Plays(GID, PID) VALUES (655, 358);
INSERT INTO Plays(GID, PID) VALUES (738, 432);
INSERT INTO Plays(GID, PID) VALUES (1231, 429);
INSERT INTO Plays(GID, PID) VALUES (1420, 380);
INSERT INTO Plays(GID, PID) VALUES (1038, 208);
INSERT INTO Plays(GID, PID) VALUES (1298, 543);
INSERT INTO Plays(GID, PID) VALUES (1226, 533);
INSERT INTO Plays(GID, PID) VALUES (1250, 210);
INSERT INTO Plays(GID, PID) VALUES (864, 357);
INSERT INTO Plays(GID, PID) VALUES (157, 305);
INSERT INTO Plays(GID, PID) VALUES (816, 344);
INSERT INTO Plays(GID, PID) VALUES (764, 502);
INSERT INTO Plays(GID, PID) VALUES (1345, 414);
INSERT INTO Plays(GID, PID) VALUES (950, 315);
INSERT INTO Plays(GID, PID) VALUES (1107, 93);
INSERT INTO Plays(GID, PID) VALUES (1025, 541);
INSERT INTO Plays(GID, PID) VALUES (1188, 465);
INSERT INTO Plays(GID, PID) VALUES (894, 456);
INSERT INTO Plays(GID, PID) VALUES (661, 294);
INSERT INTO Plays(GID, PID) VALUES (998, 268);
INSERT INTO Plays(GID, PID) VALUES (742, 445);
INSERT INTO Plays(GID, PID) VALUES (1195, 234);
INSERT INTO Plays(GID, PID) VALUES (869, 518);
INSERT INTO Plays(GID, PID) VALUES (875, 308);
INSERT INTO Plays(GID, PID) VALUES (1201, 443);
INSERT INTO Plays(GID, PID) VALUES (382, 321);
INSERT INTO Plays(GID, PID) VALUES (677, 525);
INSERT INTO Plays(GID, PID) VALUES (1075, 308);
INSERT INTO Plays(GID, PID) VALUES (1222, 19);
INSERT INTO Plays(GID, PID) VALUES (262, 518);
INSERT INTO Plays(GID, PID) VALUES (1427, 243);
INSERT INTO Plays(GID, PID) VALUES (1452, 382);
INSERT INTO Plays(GID, PID) VALUES (672, 393);
INSERT INTO Plays(GID, PID) VALUES (1359, 290);
INSERT INTO Plays(GID, PID) VALUES (1094, 341);
INSERT INTO Plays(GID, PID) VALUES (377, 275);
INSERT INTO Plays(GID, PID) VALUES (1000, 478);
INSERT INTO Plays(GID, PID) VALUES (1241, 453);
INSERT INTO Plays(GID, PID) VALUES (190, 479);
INSERT INTO Plays(GID, PID) VALUES (998, 73);
INSERT INTO Plays(GID, PID) VALUES (912, 439);
INSERT INTO Plays(GID, PID) VALUES (1151, 386);
INSERT INTO Plays(GID, PID) VALUES (1368, 410);
INSERT INTO Plays(GID, PID) VALUES (1137, 168);
INSERT INTO Plays(GID, PID) VALUES (115, 379);
INSERT INTO Plays(GID, PID) VALUES (1247, 422);
INSERT INTO Plays(GID, PID) VALUES (468, 517);
INSERT INTO Plays(GID, PID) VALUES (986, 428);
INSERT INTO Plays(GID, PID) VALUES (1431, 296);
INSERT INTO Plays(GID, PID) VALUES (1250, 269);
INSERT INTO Plays(GID, PID) VALUES (1066, 358);
INSERT INTO Plays(GID, PID) VALUES (683, 471);
INSERT INTO Plays(GID, PID) VALUES (1006, 528);
INSERT INTO Plays(GID, PID) VALUES (1276, 512);
INSERT INTO Plays(GID, PID) VALUES (1431, 370);
INSERT INTO Plays(GID, PID) VALUES (513, 217);
INSERT INTO Plays(GID, PID) VALUES (1226, 284);
INSERT INTO Plays(GID, PID) VALUES (1381, 455);
INSERT INTO Plays(GID, PID) VALUES (1344, 381);
INSERT INTO Plays(GID, PID) VALUES (1487, 350);
INSERT INTO Plays(GID, PID) VALUES (195, 487);
INSERT INTO Plays(GID, PID) VALUES (1267, 443);
INSERT INTO Plays(GID, PID) VALUES (801, 183);
INSERT INTO Plays(GID, PID) VALUES (964, 202);
INSERT INTO Plays(GID, PID) VALUES (932, 236);
INSERT INTO Plays(GID, PID) VALUES (1186, 172);
INSERT INTO Plays(GID, PID) VALUES (1390, 512);
INSERT INTO Plays(GID, PID) VALUES (1371, 495);
INSERT INTO Plays(GID, PID) VALUES (1271, 298);
INSERT INTO Plays(GID, PID) VALUES (1314, 403);
INSERT INTO Plays(GID, PID) VALUES (1267, 428);
INSERT INTO Plays(GID, PID) VALUES (1421, 510);
INSERT INTO Plays(GID, PID) VALUES (1147, 332);
INSERT INTO Plays(GID, PID) VALUES (1399, 466);
INSERT INTO Plays(GID, PID) VALUES (582, 334);
INSERT INTO Plays(GID, PID) VALUES (643, 498);
INSERT INTO Plays(GID, PID) VALUES (1070, 221);
INSERT INTO Plays(GID, PID) VALUES (796, 513);
INSERT INTO Plays(GID, PID) VALUES (263, 483);
INSERT INTO Plays(GID, PID) VALUES (1488, 452);
INSERT INTO Plays(GID, PID) VALUES (1339, 350);
INSERT INTO Plays(GID, PID) VALUES (826, 421);
INSERT INTO Plays(GID, PID) VALUES (984, 436);
INSERT INTO Plays(GID, PID) VALUES (1463, 197);
INSERT INTO Plays(GID, PID) VALUES (1242, 204);
INSERT INTO Plays(GID, PID) VALUES (1312, 457);
INSERT INTO Plays(GID, PID) VALUES (1154, 340);
INSERT INTO Plays(GID, PID) VALUES (1316, 439);
INSERT INTO Plays(GID, PID) VALUES (936, 224);
INSERT INTO Plays(GID, PID) VALUES (1114, 431);
INSERT INTO Plays(GID, PID) VALUES (1032, 398);
INSERT INTO Plays(GID, PID) VALUES (1262, 465);
INSERT INTO Plays(GID, PID) VALUES (1188, 537);
INSERT INTO Plays(GID, PID) VALUES (1317, 539);
INSERT INTO Plays(GID, PID) VALUES (1236, 439);
INSERT INTO Plays(GID, PID) VALUES (395, 469);
INSERT INTO Plays(GID, PID) VALUES (881, 371);
INSERT INTO Plays(GID, PID) VALUES (502, 331);
INSERT INTO Plays(GID, PID) VALUES (1066, 477);
INSERT INTO Plays(GID, PID) VALUES (1437, 129);
INSERT INTO Plays(GID, PID) VALUES (1316, 233);
INSERT INTO Plays(GID, PID) VALUES (1142, 446);
INSERT INTO Plays(GID, PID) VALUES (859, 323);
INSERT INTO Plays(GID, PID) VALUES (1088, 317);
INSERT INTO Plays(GID, PID) VALUES (1483, 459);
INSERT INTO Plays(GID, PID) VALUES (753, 145);
INSERT INTO Plays(GID, PID) VALUES (1348, 361);
INSERT INTO Plays(GID, PID) VALUES (973, 531);
INSERT INTO Plays(GID, PID) VALUES (1457, 355);
INSERT INTO Plays(GID, PID) VALUES (427, 233);
INSERT INTO Plays(GID, PID) VALUES (1449, 425);
INSERT INTO Plays(GID, PID) VALUES (423, 210);
INSERT INTO Plays(GID, PID) VALUES (1085, 282);
INSERT INTO Plays(GID, PID) VALUES (306, 237);
INSERT INTO Plays(GID, PID) VALUES (748, 81);
INSERT INTO Plays(GID, PID) VALUES (684, 531);
INSERT INTO Plays(GID, PID) VALUES (1192, 60);
INSERT INTO Plays(GID, PID) VALUES (910, 481);
INSERT INTO Plays(GID, PID) VALUES (531, 531);
INSERT INTO Plays(GID, PID) VALUES (1229, 512);
INSERT INTO Plays(GID, PID) VALUES (1475, 168);
INSERT INTO Plays(GID, PID) VALUES (1103, 521);
INSERT INTO Plays(GID, PID) VALUES (1405, 475);
INSERT INTO Plays(GID, PID) VALUES (656, 531);
INSERT INTO Plays(GID, PID) VALUES (561, 489);
INSERT INTO Plays(GID, PID) VALUES (978, 283);
INSERT INTO Plays(GID, PID) VALUES (975, 140);
INSERT INTO Plays(GID, PID) VALUES (874, 385);
INSERT INTO Plays(GID, PID) VALUES (1252, 527);
INSERT INTO Plays(GID, PID) VALUES (1476, 334);
INSERT INTO Plays(GID, PID) VALUES (868, 527);
INSERT INTO Plays(GID, PID) VALUES (1468, 224);
INSERT INTO Plays(GID, PID) VALUES (1469, 533);
INSERT INTO Plays(GID, PID) VALUES (1439, 306);
INSERT INTO Plays(GID, PID) VALUES (684, 151);
INSERT INTO Plays(GID, PID) VALUES (626, 414);
INSERT INTO Plays(GID, PID) VALUES (1064, 222);
INSERT INTO Plays(GID, PID) VALUES (1452, 458);
INSERT INTO Plays(GID, PID) VALUES (1228, 331);
INSERT INTO Plays(GID, PID) VALUES (641, 189);
INSERT INTO Plays(GID, PID) VALUES (942, 488);
INSERT INTO Plays(GID, PID) VALUES (1406, 422);
INSERT INTO Plays(GID, PID) VALUES (490, 490);
INSERT INTO Plays(GID, PID) VALUES (1306, 249);
INSERT INTO Plays(GID, PID) VALUES (1154, 486);
INSERT INTO Plays(GID, PID) VALUES (1293, 460);
INSERT INTO Plays(GID, PID) VALUES (1416, 522);
INSERT INTO Plays(GID, PID) VALUES (1413, 452);
INSERT INTO Plays(GID, PID) VALUES (141, 498);
INSERT INTO Plays(GID, PID) VALUES (1440, 485);
INSERT INTO Plays(GID, PID) VALUES (925, 252);
INSERT INTO Plays(GID, PID) VALUES (931, 162);
INSERT INTO Plays(GID, PID) VALUES (1346, 509);
INSERT INTO Plays(GID, PID) VALUES (752, 304);
INSERT INTO Plays(GID, PID) VALUES (993, 371);
INSERT INTO Plays(GID, PID) VALUES (786, 357);
INSERT INTO Plays(GID, PID) VALUES (288, 494);
INSERT INTO Plays(GID, PID) VALUES (1204, 207);
INSERT INTO Plays(GID, PID) VALUES (897, 205);
INSERT INTO Plays(GID, PID) VALUES (1460, 341);
INSERT INTO Plays(GID, PID) VALUES (498, 528);
INSERT INTO Plays(GID, PID) VALUES (1401, 448);
INSERT INTO Plays(GID, PID) VALUES (917, 542);
INSERT INTO Plays(GID, PID) VALUES (1374, 470);
INSERT INTO Plays(GID, PID) VALUES (1111, 335);
INSERT INTO Plays(GID, PID) VALUES (1161, 471);
INSERT INTO Plays(GID, PID) VALUES (1347, 538);
INSERT INTO Plays(GID, PID) VALUES (813, 435);
INSERT INTO Plays(GID, PID) VALUES (493, 124);
INSERT INTO Plays(GID, PID) VALUES (1047, 464);
INSERT INTO Plays(GID, PID) VALUES (1121, 335);
INSERT INTO Plays(GID, PID) VALUES (1091, 392);
INSERT INTO Plays(GID, PID) VALUES (1226, 240);
INSERT INTO Plays(GID, PID) VALUES (1155, 510);
INSERT INTO Plays(GID, PID) VALUES (1368, 423);
INSERT INTO Plays(GID, PID) VALUES (806, 454);
INSERT INTO Plays(GID, PID) VALUES (1254, 453);
INSERT INTO Plays(GID, PID) VALUES (1000, 441);
INSERT INTO Plays(GID, PID) VALUES (296, 395);
INSERT INTO Plays(GID, PID) VALUES (794, 540);
INSERT INTO Plays(GID, PID) VALUES (1436, 433);
INSERT INTO Plays(GID, PID) VALUES (1178, 187);
INSERT INTO Plays(GID, PID) VALUES (1311, 459);
INSERT INTO Plays(GID, PID) VALUES (1317, 517);
INSERT INTO Plays(GID, PID) VALUES (1197, 506);
INSERT INTO Plays(GID, PID) VALUES (747, 272);
INSERT INTO Plays(GID, PID) VALUES (1322, 236);
INSERT INTO Plays(GID, PID) VALUES (1218, 359);
INSERT INTO Plays(GID, PID) VALUES (310, 537);
INSERT INTO Plays(GID, PID) VALUES (1235, 377);
INSERT INTO Plays(GID, PID) VALUES (630, 312);
INSERT INTO Plays(GID, PID) VALUES (1495, 330);
INSERT INTO Plays(GID, PID) VALUES (1171, 88);
INSERT INTO Plays(GID, PID) VALUES (1223, 228);
INSERT INTO Plays(GID, PID) VALUES (816, 391);
INSERT INTO Plays(GID, PID) VALUES (722, 285);
INSERT INTO Plays(GID, PID) VALUES (638, 125);
INSERT INTO Plays(GID, PID) VALUES (1443, 543);
INSERT INTO Plays(GID, PID) VALUES (748, 490);
INSERT INTO Plays(GID, PID) VALUES (75, 222);
INSERT INTO Plays(GID, PID) VALUES (1458, 75);
INSERT INTO Plays(GID, PID) VALUES (1016, 338);
INSERT INTO Plays(GID, PID) VALUES (905, 419);
INSERT INTO Plays(GID, PID) VALUES (416, 384);
INSERT INTO Plays(GID, PID) VALUES (1369, 102);
INSERT INTO Plays(GID, PID) VALUES (956, 273);
INSERT INTO Plays(GID, PID) VALUES (1403, 491);
INSERT INTO Plays(GID, PID) VALUES (1381, 298);
INSERT INTO Plays(GID, PID) VALUES (1039, 375);
INSERT INTO Plays(GID, PID) VALUES (1499, 386);
INSERT INTO Plays(GID, PID) VALUES (1327, 477);
INSERT INTO Plays(GID, PID) VALUES (1367, 257);
INSERT INTO Plays(GID, PID) VALUES (706, 532);
INSERT INTO Plays(GID, PID) VALUES (1322, 469);
INSERT INTO Plays(GID, PID) VALUES (1437, 372);
INSERT INTO Plays(GID, PID) VALUES (1050, 478);
INSERT INTO Plays(GID, PID) VALUES (605, 502);
INSERT INTO Plays(GID, PID) VALUES (1000, 393);
INSERT INTO Plays(GID, PID) VALUES (1125, 393);
INSERT INTO Plays(GID, PID) VALUES (1325, 282);
INSERT INTO Plays(GID, PID) VALUES (438, 533);
INSERT INTO Plays(GID, PID) VALUES (773, 437);
INSERT INTO Plays(GID, PID) VALUES (523, 523);
INSERT INTO Plays(GID, PID) VALUES (987, 468);
INSERT INTO Plays(GID, PID) VALUES (1077, 183);
INSERT INTO Plays(GID, PID) VALUES (874, 248);
INSERT INTO Plays(GID, PID) VALUES (615, 316);
INSERT INTO Plays(GID, PID) VALUES (434, 406);
INSERT INTO Plays(GID, PID) VALUES (244, 527);
INSERT INTO Plays(GID, PID) VALUES (1270, 542);
INSERT INTO Plays(GID, PID) VALUES (1385, 389);
INSERT INTO Plays(GID, PID) VALUES (1017, 508);
INSERT INTO Plays(GID, PID) VALUES (949, 294);
INSERT INTO Plays(GID, PID) VALUES (1359, 515);
INSERT INTO Plays(GID, PID) VALUES (616, 532);
INSERT INTO Plays(GID, PID) VALUES (1444, 418);
INSERT INTO Plays(GID, PID) VALUES (733, 273);
INSERT INTO Plays(GID, PID) VALUES (638, 234);
INSERT INTO Plays(GID, PID) VALUES (1448, 325);
INSERT INTO Plays(GID, PID) VALUES (1034, 425);
INSERT INTO Plays(GID, PID) VALUES (1362, 360);
INSERT INTO Plays(GID, PID) VALUES (1326, 489);
INSERT INTO Plays(GID, PID) VALUES (913, 540);
INSERT INTO Plays(GID, PID) VALUES (1448, 504);
INSERT INTO Plays(GID, PID) VALUES (1392, 341);
INSERT INTO Plays(GID, PID) VALUES (1434, 434);
INSERT INTO Plays(GID, PID) VALUES (1078, 456);
INSERT INTO Plays(GID, PID) VALUES (1502, 328);
INSERT INTO Plays(GID, PID) VALUES (773, 519);
INSERT INTO Plays(GID, PID) VALUES (1403, 490);
INSERT INTO Plays(GID, PID) VALUES (957, 357);
INSERT INTO Plays(GID, PID) VALUES (1245, 483);
INSERT INTO Plays(GID, PID) VALUES (1486, 435);
INSERT INTO Plays(GID, PID) VALUES (29, 506);
INSERT INTO Plays(GID, PID) VALUES (1038, 516);
INSERT INTO Plays(GID, PID) VALUES (879, 374);
INSERT INTO Plays(GID, PID) VALUES (800, 295);
INSERT INTO Plays(GID, PID) VALUES (800, 187);
INSERT INTO Plays(GID, PID) VALUES (1489, 439);
INSERT INTO Plays(GID, PID) VALUES (324, 248);
INSERT INTO Plays(GID, PID) VALUES (1385, 497);
INSERT INTO Plays(GID, PID) VALUES (1104, 531);
INSERT INTO Plays(GID, PID) VALUES (852, 327);
INSERT INTO Plays(GID, PID) VALUES (787, 397);
INSERT INTO Plays(GID, PID) VALUES (887, 416);
INSERT INTO Plays(GID, PID) VALUES (199, 206);
INSERT INTO Plays(GID, PID) VALUES (1454, 471);
INSERT INTO Plays(GID, PID) VALUES (944, 455);
INSERT INTO Plays(GID, PID) VALUES (1134, 519);
INSERT INTO Plays(GID, PID) VALUES (1356, 341);
INSERT INTO Plays(GID, PID) VALUES (1401, 114);
INSERT INTO Plays(GID, PID) VALUES (877, 213);
INSERT INTO Plays(GID, PID) VALUES (786, 211);
INSERT INTO Plays(GID, PID) VALUES (1348, 429);
INSERT INTO Plays(GID, PID) VALUES (1372, 273);
INSERT INTO Plays(GID, PID) VALUES (447, 501);
INSERT INTO Plays(GID, PID) VALUES (1349, 448);
INSERT INTO Plays(GID, PID) VALUES (305, 430);
INSERT INTO Plays(GID, PID) VALUES (604, 192);
INSERT INTO Plays(GID, PID) VALUES (1268, 305);
INSERT INTO Plays(GID, PID) VALUES (1019, 388);
INSERT INTO Plays(GID, PID) VALUES (769, 464);
INSERT INTO Plays(GID, PID) VALUES (987, 340);
INSERT INTO Plays(GID, PID) VALUES (828, 440);
INSERT INTO Plays(GID, PID) VALUES (337, 543);
INSERT INTO Plays(GID, PID) VALUES (309, 184);
INSERT INTO Plays(GID, PID) VALUES (781, 521);
INSERT INTO Plays(GID, PID) VALUES (393, 336);
INSERT INTO Plays(GID, PID) VALUES (111, 400);
INSERT INTO Plays(GID, PID) VALUES (1342, 507);
INSERT INTO Plays(GID, PID) VALUES (1276, 497);
INSERT INTO Plays(GID, PID) VALUES (1082, 511);
INSERT INTO Plays(GID, PID) VALUES (1075, 393);
INSERT INTO Plays(GID, PID) VALUES (1212, 406);
INSERT INTO Plays(GID, PID) VALUES (1406, 446);
INSERT INTO Plays(GID, PID) VALUES (640, 326);
INSERT INTO Plays(GID, PID) VALUES (444, 313);
INSERT INTO Plays(GID, PID) VALUES (1281, 361);
INSERT INTO Plays(GID, PID) VALUES (471, 391);
INSERT INTO Plays(GID, PID) VALUES (1081, 90);
INSERT INTO Plays(GID, PID) VALUES (569, 209);
INSERT INTO Plays(GID, PID) VALUES (387, 406);
INSERT INTO Plays(GID, PID) VALUES (1459, 349);
INSERT INTO Plays(GID, PID) VALUES (1471, 199);
INSERT INTO Plays(GID, PID) VALUES (111, 529);
INSERT INTO Plays(GID, PID) VALUES (1332, 471);
INSERT INTO Plays(GID, PID) VALUES (1199, 463);
INSERT INTO Plays(GID, PID) VALUES (751, 298);
INSERT INTO Plays(GID, PID) VALUES (1395, 207);
INSERT INTO Plays(GID, PID) VALUES (1361, 515);
INSERT INTO Plays(GID, PID) VALUES (764, 465);
INSERT INTO Plays(GID, PID) VALUES (381, 543);
INSERT INTO Plays(GID, PID) VALUES (1000, 319);
INSERT INTO Plays(GID, PID) VALUES (1398, 483);
INSERT INTO Plays(GID, PID) VALUES (1359, 399);
INSERT INTO Plays(GID, PID) VALUES (1249, 335);
INSERT INTO Plays(GID, PID) VALUES (1457, 532);
INSERT INTO Plays(GID, PID) VALUES (917, 472);
INSERT INTO Plays(GID, PID) VALUES (1419, 509);
INSERT INTO Plays(GID, PID) VALUES (1367, 311);
INSERT INTO Plays(GID, PID) VALUES (423, 514);
INSERT INTO Plays(GID, PID) VALUES (1185, 424);
INSERT INTO Plays(GID, PID) VALUES (1435, 459);
INSERT INTO Plays(GID, PID) VALUES (1396, 507);
INSERT INTO Plays(GID, PID) VALUES (1319, 477);
INSERT INTO Plays(GID, PID) VALUES (1065, 448);
INSERT INTO Plays(GID, PID) VALUES (1239, 88);
INSERT INTO Plays(GID, PID) VALUES (917, 409);
INSERT INTO Plays(GID, PID) VALUES (895, 188);
INSERT INTO Plays(GID, PID) VALUES (1223, 263);
INSERT INTO Plays(GID, PID) VALUES (1179, 224);
INSERT INTO Plays(GID, PID) VALUES (541, 321);
INSERT INTO Plays(GID, PID) VALUES (488, 404);
INSERT INTO Plays(GID, PID) VALUES (988, 385);
INSERT INTO Plays(GID, PID) VALUES (1370, 542);
INSERT INTO Plays(GID, PID) VALUES (1420, 275);
INSERT INTO Plays(GID, PID) VALUES (1399, 518);
INSERT INTO Plays(GID, PID) VALUES (1187, 389);
INSERT INTO Plays(GID, PID) VALUES (929, 478);
INSERT INTO Plays(GID, PID) VALUES (1110, 378);
INSERT INTO Plays(GID, PID) VALUES (606, 210);
INSERT INTO Plays(GID, PID) VALUES (630, 115);
INSERT INTO Plays(GID, PID) VALUES (1475, 402);
INSERT INTO Plays(GID, PID) VALUES (1331, 534);
INSERT INTO Plays(GID, PID) VALUES (554, 429);
INSERT INTO Plays(GID, PID) VALUES (1484, 342);
INSERT INTO Plays(GID, PID) VALUES (1465, 280);
INSERT INTO Plays(GID, PID) VALUES (1317, 152);
INSERT INTO Plays(GID, PID) VALUES (409, 335);
INSERT INTO Plays(GID, PID) VALUES (1200, 419);
INSERT INTO Plays(GID, PID) VALUES (1068, 534);
INSERT INTO Plays(GID, PID) VALUES (1038, 385);
INSERT INTO Plays(GID, PID) VALUES (791, 193);
INSERT INTO Plays(GID, PID) VALUES (1175, 503);
INSERT INTO Plays(GID, PID) VALUES (123, 492);
INSERT INTO Plays(GID, PID) VALUES (1400, 478);
INSERT INTO Plays(GID, PID) VALUES (1178, 232);
INSERT INTO Plays(GID, PID) VALUES (1285, 375);
INSERT INTO Plays(GID, PID) VALUES (1000, 412);
INSERT INTO Plays(GID, PID) VALUES (667, 389);
INSERT INTO Plays(GID, PID) VALUES (1434, 413);
INSERT INTO Plays(GID, PID) VALUES (1381, 224);
INSERT INTO Plays(GID, PID) VALUES (749, 503);
INSERT INTO Plays(GID, PID) VALUES (732, 424);
INSERT INTO Plays(GID, PID) VALUES (682, 308);
INSERT INTO Plays(GID, PID) VALUES (805, 508);
INSERT INTO Plays(GID, PID) VALUES (920, 458);
INSERT INTO Plays(GID, PID) VALUES (1376, 475);
INSERT INTO Plays(GID, PID) VALUES (1184, 438);
INSERT INTO Plays(GID, PID) VALUES (1032, 363);
INSERT INTO Plays(GID, PID) VALUES (704, 430);
INSERT INTO Plays(GID, PID) VALUES (1353, 315);
INSERT INTO Plays(GID, PID) VALUES (1357, 496);
INSERT INTO Plays(GID, PID) VALUES (959, 399);
INSERT INTO Plays(GID, PID) VALUES (340, 274);
INSERT INTO Plays(GID, PID) VALUES (1373, 422);
INSERT INTO Plays(GID, PID) VALUES (1323, 532);
INSERT INTO Plays(GID, PID) VALUES (1360, 447);
INSERT INTO Plays(GID, PID) VALUES (804, 78);
INSERT INTO Plays(GID, PID) VALUES (881, 125);
INSERT INTO Plays(GID, PID) VALUES (1448, 381);
INSERT INTO Plays(GID, PID) VALUES (673, 431);
INSERT INTO Plays(GID, PID) VALUES (942, 298);
INSERT INTO Plays(GID, PID) VALUES (1467, 104);
INSERT INTO Plays(GID, PID) VALUES (1046, 59);
INSERT INTO Plays(GID, PID) VALUES (1202, 353);
INSERT INTO Plays(GID, PID) VALUES (1310, 456);
INSERT INTO Plays(GID, PID) VALUES (1100, 364);
INSERT INTO Plays(GID, PID) VALUES (1494, 411);
INSERT INTO Plays(GID, PID) VALUES (1368, 527);
INSERT INTO Plays(GID, PID) VALUES (1110, 105);
INSERT INTO Plays(GID, PID) VALUES (1503, 442);
INSERT INTO Plays(GID, PID) VALUES (872, 306);
INSERT INTO Plays(GID, PID) VALUES (875, 490);
INSERT INTO Plays(GID, PID) VALUES (1401, 429);
INSERT INTO Plays(GID, PID) VALUES (505, 448);
INSERT INTO Plays(GID, PID) VALUES (838, 484);
INSERT INTO Plays(GID, PID) VALUES (463, 304);
INSERT INTO Plays(GID, PID) VALUES (890, 455);
INSERT INTO Plays(GID, PID) VALUES (1272, 116);
INSERT INTO Plays(GID, PID) VALUES (1029, 496);
INSERT INTO Plays(GID, PID) VALUES (1102, 323);
INSERT INTO Plays(GID, PID) VALUES (1346, 258);
INSERT INTO Plays(GID, PID) VALUES (1344, 145);
INSERT INTO Plays(GID, PID) VALUES (167, 482);
INSERT INTO Plays(GID, PID) VALUES (1367, 430);
INSERT INTO Plays(GID, PID) VALUES (805, 405);
INSERT INTO Plays(GID, PID) VALUES (1406, 493);
INSERT INTO Plays(GID, PID) VALUES (1201, 429);
INSERT INTO Plays(GID, PID) VALUES (744, 250);
INSERT INTO Plays(GID, PID) VALUES (1421, 386);
INSERT INTO Plays(GID, PID) VALUES (822, 325);
INSERT INTO Plays(GID, PID) VALUES (1232, 245);
INSERT INTO Plays(GID, PID) VALUES (1432, 341);
INSERT INTO Plays(GID, PID) VALUES (997, 79);
INSERT INTO Plays(GID, PID) VALUES (1391, 428);
INSERT INTO Plays(GID, PID) VALUES (1484, 518);
INSERT INTO Plays(GID, PID) VALUES (551, 340);
INSERT INTO Plays(GID, PID) VALUES (1024, 478);
INSERT INTO Plays(GID, PID) VALUES (1128, 525);
INSERT INTO Plays(GID, PID) VALUES (1124, 375);
INSERT INTO Plays(GID, PID) VALUES (269, 338);
INSERT INTO Plays(GID, PID) VALUES (690, 500);
INSERT INTO Plays(GID, PID) VALUES (1029, 517);
INSERT INTO Plays(GID, PID) VALUES (515, 500);
INSERT INTO Plays(GID, PID) VALUES (892, 459);
INSERT INTO Plays(GID, PID) VALUES (398, 54);
INSERT INTO Plays(GID, PID) VALUES (694, 438);
INSERT INTO Plays(GID, PID) VALUES (316, 468);
INSERT INTO Plays(GID, PID) VALUES (1314, 187);
INSERT INTO Plays(GID, PID) VALUES (1293, 378);
INSERT INTO Plays(GID, PID) VALUES (941, 427);
INSERT INTO Plays(GID, PID) VALUES (146, 459);
INSERT INTO Plays(GID, PID) VALUES (1050, 394);
INSERT INTO Plays(GID, PID) VALUES (1018, 373);
INSERT INTO Plays(GID, PID) VALUES (1465, 120);
INSERT INTO Plays(GID, PID) VALUES (994, 70);
INSERT INTO Plays(GID, PID) VALUES (1396, 538);
INSERT INTO Plays(GID, PID) VALUES (1416, 437);
INSERT INTO Plays(GID, PID) VALUES (1057, 312);
INSERT INTO Plays(GID, PID) VALUES (308, 29);
INSERT INTO Plays(GID, PID) VALUES (170, 500);
INSERT INTO Plays(GID, PID) VALUES (1060, 182);
INSERT INTO Plays(GID, PID) VALUES (1390, 258);
INSERT INTO Plays(GID, PID) VALUES (883, 399);
INSERT INTO Plays(GID, PID) VALUES (234, 426);
INSERT INTO Plays(GID, PID) VALUES (727, 157);
INSERT INTO Plays(GID, PID) VALUES (1342, 350);
INSERT INTO Plays(GID, PID) VALUES (1459, 268);
INSERT INTO Plays(GID, PID) VALUES (1272, 289);
INSERT INTO Plays(GID, PID) VALUES (867, 343);
INSERT INTO Plays(GID, PID) VALUES (970, 443);
INSERT INTO Plays(GID, PID) VALUES (1207, 476);
INSERT INTO Plays(GID, PID) VALUES (970, 286);
INSERT INTO Plays(GID, PID) VALUES (1172, 395);
INSERT INTO Plays(GID, PID) VALUES (1097, 518);
INSERT INTO Plays(GID, PID) VALUES (1308, 438);
INSERT INTO Plays(GID, PID) VALUES (1312, 401);
INSERT INTO Plays(GID, PID) VALUES (1321, 273);
INSERT INTO Plays(GID, PID) VALUES (1340, 426);
INSERT INTO Plays(GID, PID) VALUES (721, 184);
INSERT INTO Plays(GID, PID) VALUES (671, 491);
INSERT INTO Plays(GID, PID) VALUES (726, 370);
INSERT INTO Plays(GID, PID) VALUES (1264, 542);
INSERT INTO Plays(GID, PID) VALUES (794, 226);
INSERT INTO Plays(GID, PID) VALUES (1139, 353);
INSERT INTO Plays(GID, PID) VALUES (438, 425);
INSERT INTO Plays(GID, PID) VALUES (926, 540);
INSERT INTO Plays(GID, PID) VALUES (776, 464);
INSERT INTO Plays(GID, PID) VALUES (763, 485);
INSERT INTO Plays(GID, PID) VALUES (1263, 508);
INSERT INTO Plays(GID, PID) VALUES (870, 369);
INSERT INTO Plays(GID, PID) VALUES (1270, 289);
INSERT INTO Plays(GID, PID) VALUES (1425, 176);
INSERT INTO Plays(GID, PID) VALUES (706, 386);
INSERT INTO Plays(GID, PID) VALUES (855, 193);
INSERT INTO Plays(GID, PID) VALUES (1155, 352);
INSERT INTO Plays(GID, PID) VALUES (969, 405);
INSERT INTO Plays(GID, PID) VALUES (1285, 295);
INSERT INTO Plays(GID, PID) VALUES (1274, 452);
INSERT INTO Plays(GID, PID) VALUES (829, 299);
INSERT INTO Plays(GID, PID) VALUES (812, 487);
INSERT INTO Plays(GID, PID) VALUES (1096, 449);
INSERT INTO Plays(GID, PID) VALUES (1040, 406);
INSERT INTO Plays(GID, PID) VALUES (988, 482);
INSERT INTO Plays(GID, PID) VALUES (1144, 232);
INSERT INTO Plays(GID, PID) VALUES (1207, 531);
INSERT INTO Plays(GID, PID) VALUES (731, 519);
INSERT INTO Plays(GID, PID) VALUES (199, 324);
INSERT INTO Plays(GID, PID) VALUES (1397, 198);
INSERT INTO Plays(GID, PID) VALUES (767, 265);
INSERT INTO Plays(GID, PID) VALUES (1220, 234);
INSERT INTO Plays(GID, PID) VALUES (1295, 501);
INSERT INTO Plays(GID, PID) VALUES (575, 146);
INSERT INTO Plays(GID, PID) VALUES (1316, 373);
INSERT INTO Plays(GID, PID) VALUES (1323, 505);
INSERT INTO Plays(GID, PID) VALUES (1228, 143);
INSERT INTO Plays(GID, PID) VALUES (1305, 138);
INSERT INTO Plays(GID, PID) VALUES (1188, 241);
INSERT INTO Plays(GID, PID) VALUES (1493, 260);
INSERT INTO Plays(GID, PID) VALUES (967, 126);
INSERT INTO Plays(GID, PID) VALUES (133, 408);
INSERT INTO Plays(GID, PID) VALUES (1037, 129);
INSERT INTO Plays(GID, PID) VALUES (967, 268);
INSERT INTO Plays(GID, PID) VALUES (924, 381);
INSERT INTO Plays(GID, PID) VALUES (1286, 285);
INSERT INTO Plays(GID, PID) VALUES (1021, 434);
INSERT INTO Plays(GID, PID) VALUES (1051, 338);
INSERT INTO Plays(GID, PID) VALUES (1021, 244);
INSERT INTO Plays(GID, PID) VALUES (1234, 433);
INSERT INTO Plays(GID, PID) VALUES (1061, 258);
INSERT INTO Plays(GID, PID) VALUES (817, 363);
INSERT INTO Plays(GID, PID) VALUES (1076, 220);
INSERT INTO Plays(GID, PID) VALUES (903, 118);
INSERT INTO Plays(GID, PID) VALUES (792, 199);
INSERT INTO Plays(GID, PID) VALUES (655, 319);
INSERT INTO Plays(GID, PID) VALUES (1433, 451);
INSERT INTO Plays(GID, PID) VALUES (1300, 241);
INSERT INTO Plays(GID, PID) VALUES (1000, 336);
INSERT INTO Plays(GID, PID) VALUES (1407, 217);
INSERT INTO Plays(GID, PID) VALUES (992, 492);
INSERT INTO Plays(GID, PID) VALUES (1017, 423);
INSERT INTO Plays(GID, PID) VALUES (1500, 514);
INSERT INTO Plays(GID, PID) VALUES (471, 528);
INSERT INTO Plays(GID, PID) VALUES (1146, 366);
INSERT INTO Plays(GID, PID) VALUES (1240, 477);
INSERT INTO Plays(GID, PID) VALUES (703, 151);
INSERT INTO Plays(GID, PID) VALUES (739, 537);
INSERT INTO Plays(GID, PID) VALUES (223, 464);
INSERT INTO Plays(GID, PID) VALUES (1400, 421);
INSERT INTO Plays(GID, PID) VALUES (1464, 297);
INSERT INTO Plays(GID, PID) VALUES (1497, 127);
INSERT INTO Plays(GID, PID) VALUES (755, 502);
INSERT INTO Plays(GID, PID) VALUES (731, 466);
INSERT INTO Plays(GID, PID) VALUES (1424, 453);
INSERT INTO Plays(GID, PID) VALUES (1078, 181);
INSERT INTO Plays(GID, PID) VALUES (1273, 312);
INSERT INTO Plays(GID, PID) VALUES (716, 536);
INSERT INTO Plays(GID, PID) VALUES (1440, 458);
INSERT INTO Plays(GID, PID) VALUES (609, 310);
INSERT INTO Plays(GID, PID) VALUES (467, 383);
INSERT INTO Plays(GID, PID) VALUES (1140, 499);
INSERT INTO Plays(GID, PID) VALUES (1361, 305);
INSERT INTO Plays(GID, PID) VALUES (320, 491);
INSERT INTO Plays(GID, PID) VALUES (971, 498);
INSERT INTO Plays(GID, PID) VALUES (563, 519);
INSERT INTO Plays(GID, PID) VALUES (1478, 327);
INSERT INTO Plays(GID, PID) VALUES (700, 195);
INSERT INTO Plays(GID, PID) VALUES (1400, 253);
INSERT INTO Plays(GID, PID) VALUES (1437, 366);
INSERT INTO Plays(GID, PID) VALUES (1130, 474);
INSERT INTO Plays(GID, PID) VALUES (455, 354);
INSERT INTO Plays(GID, PID) VALUES (947, 288);
INSERT INTO Plays(GID, PID) VALUES (1497, 306);
INSERT INTO Plays(GID, PID) VALUES (1207, 304);
INSERT INTO Plays(GID, PID) VALUES (1353, 213);
INSERT INTO Plays(GID, PID) VALUES (1503, 467);
INSERT INTO Plays(GID, PID) VALUES (352, 336);
INSERT INTO Plays(GID, PID) VALUES (670, 491);
INSERT INTO Plays(GID, PID) VALUES (1220, 172);
INSERT INTO Plays(GID, PID) VALUES (157, 426);
INSERT INTO Plays(GID, PID) VALUES (1488, 485);
INSERT INTO Plays(GID, PID) VALUES (1448, 537);
INSERT INTO Plays(GID, PID) VALUES (663, 240);
INSERT INTO Plays(GID, PID) VALUES (1211, 484);
INSERT INTO Plays(GID, PID) VALUES (1119, 177);
INSERT INTO Plays(GID, PID) VALUES (1097, 250);
INSERT INTO Plays(GID, PID) VALUES (1056, 436);
INSERT INTO Plays(GID, PID) VALUES (1477, 523);
INSERT INTO Plays(GID, PID) VALUES (737, 378);
INSERT INTO Plays(GID, PID) VALUES (1201, 423);
INSERT INTO Plays(GID, PID) VALUES (886, 121);
INSERT INTO Plays(GID, PID) VALUES (989, 433);
INSERT INTO Plays(GID, PID) VALUES (1011, 344);
INSERT INTO Plays(GID, PID) VALUES (1066, 432);
INSERT INTO Plays(GID, PID) VALUES (747, 179);
INSERT INTO Plays(GID, PID) VALUES (1433, 389);
INSERT INTO Plays(GID, PID) VALUES (1052, 257);
INSERT INTO Plays(GID, PID) VALUES (974, 496);
INSERT INTO Plays(GID, PID) VALUES (1190, 449);
INSERT INTO Plays(GID, PID) VALUES (1337, 141);
INSERT INTO Plays(GID, PID) VALUES (795, 230);
INSERT INTO Plays(GID, PID) VALUES (1366, 308);
INSERT INTO Plays(GID, PID) VALUES (751, 477);
INSERT INTO Plays(GID, PID) VALUES (760, 482);
INSERT INTO Plays(GID, PID) VALUES (944, 380);
INSERT INTO Plays(GID, PID) VALUES (1105, 513);
INSERT INTO Plays(GID, PID) VALUES (1093, 468);
INSERT INTO Plays(GID, PID) VALUES (567, 536);
INSERT INTO Plays(GID, PID) VALUES (449, 436);
INSERT INTO Plays(GID, PID) VALUES (595, 501);
INSERT INTO Plays(GID, PID) VALUES (409, 542);
INSERT INTO Plays(GID, PID) VALUES (1370, 437);
INSERT INTO Plays(GID, PID) VALUES (864, 382);
INSERT INTO Plays(GID, PID) VALUES (1127, 367);
INSERT INTO Plays(GID, PID) VALUES (1198, 188);
INSERT INTO Plays(GID, PID) VALUES (999, 498);
INSERT INTO Plays(GID, PID) VALUES (1177, 368);
INSERT INTO Plays(GID, PID) VALUES (745, 451);
INSERT INTO Plays(GID, PID) VALUES (638, 506);
INSERT INTO Plays(GID, PID) VALUES (1312, 434);
INSERT INTO Plays(GID, PID) VALUES (926, 461);
INSERT INTO Plays(GID, PID) VALUES (1250, 291);
INSERT INTO Plays(GID, PID) VALUES (778, 392);
INSERT INTO Plays(GID, PID) VALUES (611, 294);
INSERT INTO Plays(GID, PID) VALUES (569, 324);
INSERT INTO Plays(GID, PID) VALUES (893, 308);
INSERT INTO Plays(GID, PID) VALUES (1480, 253);
INSERT INTO Plays(GID, PID) VALUES (1268, 231);
INSERT INTO Plays(GID, PID) VALUES (1200, 296);
INSERT INTO Plays(GID, PID) VALUES (972, 283);
INSERT INTO Plays(GID, PID) VALUES (503, 283);
INSERT INTO Plays(GID, PID) VALUES (1284, 503);
INSERT INTO Plays(GID, PID) VALUES (1114, 463);
INSERT INTO Plays(GID, PID) VALUES (1158, 536);
INSERT INTO Plays(GID, PID) VALUES (1178, 464);
INSERT INTO Plays(GID, PID) VALUES (1006, 322);
INSERT INTO Plays(GID, PID) VALUES (1203, 541);
INSERT INTO Plays(GID, PID) VALUES (1078, 202);
INSERT INTO Plays(GID, PID) VALUES (989, 518);
INSERT INTO Plays(GID, PID) VALUES (772, 448);
INSERT INTO Plays(GID, PID) VALUES (29, 412);
INSERT INTO Plays(GID, PID) VALUES (1339, 426);
INSERT INTO Plays(GID, PID) VALUES (1343, 535);
INSERT INTO Plays(GID, PID) VALUES (775, 385);
INSERT INTO Plays(GID, PID) VALUES (1324, 358);
INSERT INTO Plays(GID, PID) VALUES (1263, 449);
INSERT INTO Plays(GID, PID) VALUES (1107, 512);
INSERT INTO Plays(GID, PID) VALUES (1176, 358);
INSERT INTO Plays(GID, PID) VALUES (960, 162);
INSERT INTO Plays(GID, PID) VALUES (1361, 245);
INSERT INTO Plays(GID, PID) VALUES (1122, 77);
INSERT INTO Plays(GID, PID) VALUES (168, 280);
INSERT INTO Plays(GID, PID) VALUES (957, 240);
INSERT INTO Plays(GID, PID) VALUES (483, 394);
INSERT INTO Plays(GID, PID) VALUES (680, 497);
INSERT INTO Plays(GID, PID) VALUES (966, 329);
INSERT INTO Plays(GID, PID) VALUES (1491, 246);
INSERT INTO Plays(GID, PID) VALUES (626, 246);
INSERT INTO Plays(GID, PID) VALUES (1265, 480);
INSERT INTO Plays(GID, PID) VALUES (696, 360);
INSERT INTO Plays(GID, PID) VALUES (524, 377);
INSERT INTO Plays(GID, PID) VALUES (913, 521);
INSERT INTO Plays(GID, PID) VALUES (893, 442);
INSERT INTO Plays(GID, PID) VALUES (1305, 538);
INSERT INTO Plays(GID, PID) VALUES (644, 474);
INSERT INTO Plays(GID, PID) VALUES (1329, 411);
INSERT INTO Plays(GID, PID) VALUES (1376, 467);
INSERT INTO Plays(GID, PID) VALUES (1455, 484);
INSERT INTO Plays(GID, PID) VALUES (850, 267);
INSERT INTO Plays(GID, PID) VALUES (419, 107);
INSERT INTO Plays(GID, PID) VALUES (958, 393);
INSERT INTO Plays(GID, PID) VALUES (1284, 380);
INSERT INTO Plays(GID, PID) VALUES (1254, 338);
INSERT INTO Plays(GID, PID) VALUES (617, 516);
INSERT INTO Plays(GID, PID) VALUES (877, 344);
INSERT INTO Plays(GID, PID) VALUES (1414, 336);
INSERT INTO Plays(GID, PID) VALUES (825, 369);
INSERT INTO Plays(GID, PID) VALUES (531, 273);
INSERT INTO Plays(GID, PID) VALUES (725, 439);
INSERT INTO Plays(GID, PID) VALUES (1007, 350);
INSERT INTO Plays(GID, PID) VALUES (593, 239);
INSERT INTO Plays(GID, PID) VALUES (1495, 290);
INSERT INTO Plays(GID, PID) VALUES (1091, 164);
INSERT INTO Plays(GID, PID) VALUES (542, 301);
INSERT INTO Plays(GID, PID) VALUES (1371, 422);
INSERT INTO Plays(GID, PID) VALUES (460, 398);
INSERT INTO Plays(GID, PID) VALUES (1446, 406);
INSERT INTO Plays(GID, PID) VALUES (1020, 482);
INSERT INTO Plays(GID, PID) VALUES (655, 164);
INSERT INTO Plays(GID, PID) VALUES (1036, 486);
INSERT INTO Plays(GID, PID) VALUES (770, 147);
INSERT INTO Plays(GID, PID) VALUES (859, 478);
INSERT INTO Plays(GID, PID) VALUES (985, 338);
INSERT INTO Plays(GID, PID) VALUES (773, 406);
INSERT INTO Plays(GID, PID) VALUES (1485, 499);
INSERT INTO Plays(GID, PID) VALUES (287, 459);
INSERT INTO Plays(GID, PID) VALUES (1503, 195);
INSERT INTO Plays(GID, PID) VALUES (706, 84);
INSERT INTO Plays(GID, PID) VALUES (865, 393);
INSERT INTO Plays(GID, PID) VALUES (537, 321);
INSERT INTO Plays(GID, PID) VALUES (1416, 217);
INSERT INTO Plays(GID, PID) VALUES (1276, 255);
INSERT INTO Plays(GID, PID) VALUES (143, 489);
INSERT INTO Plays(GID, PID) VALUES (1428, 229);
INSERT INTO Plays(GID, PID) VALUES (1489, 242);
INSERT INTO Plays(GID, PID) VALUES (786, 333);
INSERT INTO Plays(GID, PID) VALUES (582, 267);
INSERT INTO Plays(GID, PID) VALUES (1192, 421);
INSERT INTO Plays(GID, PID) VALUES (597, 413);
INSERT INTO Plays(GID, PID) VALUES (976, 513);
INSERT INTO Plays(GID, PID) VALUES (1170, 197);
INSERT INTO Plays(GID, PID) VALUES (768, 367);
INSERT INTO Plays(GID, PID) VALUES (1044, 422);
INSERT INTO Plays(GID, PID) VALUES (533, 377);
INSERT INTO Plays(GID, PID) VALUES (1372, 490);
INSERT INTO Plays(GID, PID) VALUES (1484, 273);
INSERT INTO Plays(GID, PID) VALUES (1036, 460);
INSERT INTO Plays(GID, PID) VALUES (1091, 452);
INSERT INTO Plays(GID, PID) VALUES (1403, 378);
INSERT INTO Plays(GID, PID) VALUES (1243, 355);
INSERT INTO Plays(GID, PID) VALUES (451, 531);
INSERT INTO Plays(GID, PID) VALUES (1120, 530);
INSERT INTO Plays(GID, PID) VALUES (1096, 460);
INSERT INTO Plays(GID, PID) VALUES (1175, 458);
INSERT INTO Plays(GID, PID) VALUES (1381, 530);
INSERT INTO Plays(GID, PID) VALUES (962, 252);
INSERT INTO Plays(GID, PID) VALUES (1360, 175);
INSERT INTO Plays(GID, PID) VALUES (1151, 513);
INSERT INTO Plays(GID, PID) VALUES (1260, 528);
INSERT INTO Plays(GID, PID) VALUES (665, 351);
INSERT INTO Plays(GID, PID) VALUES (551, 446);
INSERT INTO Plays(GID, PID) VALUES (909, 445);
INSERT INTO Plays(GID, PID) VALUES (587, 442);
INSERT INTO Plays(GID, PID) VALUES (446, 263);
INSERT INTO Plays(GID, PID) VALUES (437, 496);
INSERT INTO Plays(GID, PID) VALUES (1337, 513);
INSERT INTO Plays(GID, PID) VALUES (1381, 227);
INSERT INTO Plays(GID, PID) VALUES (1421, 318);
INSERT INTO Plays(GID, PID) VALUES (353, 332);
INSERT INTO Plays(GID, PID) VALUES (857, 385);
INSERT INTO Plays(GID, PID) VALUES (1273, 515);
INSERT INTO Plays(GID, PID) VALUES (73, 465);
INSERT INTO Plays(GID, PID) VALUES (1188, 397);
INSERT INTO Plays(GID, PID) VALUES (1037, 417);
INSERT INTO Plays(GID, PID) VALUES (109, 310);
INSERT INTO Plays(GID, PID) VALUES (25, 445);
INSERT INTO Plays(GID, PID) VALUES (877, 203);
INSERT INTO Plays(GID, PID) VALUES (1346, 329);
INSERT INTO Plays(GID, PID) VALUES (1167, 381);
INSERT INTO Plays(GID, PID) VALUES (860, 512);
INSERT INTO Plays(GID, PID) VALUES (1327, 450);
INSERT INTO Plays(GID, PID) VALUES (1395, 185);
INSERT INTO Plays(GID, PID) VALUES (1020, 428);
INSERT INTO Plays(GID, PID) VALUES (1500, 471);
INSERT INTO Plays(GID, PID) VALUES (757, 390);
INSERT INTO Plays(GID, PID) VALUES (967, 307);
INSERT INTO Plays(GID, PID) VALUES (345, 535);
INSERT INTO Plays(GID, PID) VALUES (1067, 350);
INSERT INTO Plays(GID, PID) VALUES (88, 447);
INSERT INTO Plays(GID, PID) VALUES (76, 538);
INSERT INTO Plays(GID, PID) VALUES (1213, 50);
INSERT INTO Plays(GID, PID) VALUES (579, 29);
INSERT INTO Plays(GID, PID) VALUES (913, 541);
INSERT INTO Plays(GID, PID) VALUES (1045, 529);
INSERT INTO Plays(GID, PID) VALUES (1376, 535);
INSERT INTO Plays(GID, PID) VALUES (1218, 489);
INSERT INTO Plays(GID, PID) VALUES (1447, 426);
INSERT INTO Plays(GID, PID) VALUES (730, 390);
INSERT INTO Plays(GID, PID) VALUES (778, 337);
INSERT INTO Plays(GID, PID) VALUES (1427, 260);
INSERT INTO Plays(GID, PID) VALUES (1114, 392);
INSERT INTO Plays(GID, PID) VALUES (1054, 304);
INSERT INTO Plays(GID, PID) VALUES (1284, 421);
INSERT INTO Plays(GID, PID) VALUES (793, 542);
INSERT INTO Plays(GID, PID) VALUES (1485, 465);
INSERT INTO Plays(GID, PID) VALUES (1294, 288);
INSERT INTO Plays(GID, PID) VALUES (801, 429);
INSERT INTO Plays(GID, PID) VALUES (1179, 512);
INSERT INTO Plays(GID, PID) VALUES (1376, 439);
INSERT INTO Plays(GID, PID) VALUES (1187, 168);
INSERT INTO Plays(GID, PID) VALUES (1432, 446);
INSERT INTO Plays(GID, PID) VALUES (807, 286);
INSERT INTO Plays(GID, PID) VALUES (1340, 495);
INSERT INTO Plays(GID, PID) VALUES (698, 393);
INSERT INTO Plays(GID, PID) VALUES (1306, 133);
INSERT INTO Plays(GID, PID) VALUES (1147, 184);
INSERT INTO Plays(GID, PID) VALUES (984, 298);
INSERT INTO Plays(GID, PID) VALUES (1430, 146);
INSERT INTO Plays(GID, PID) VALUES (390, 214);
INSERT INTO Plays(GID, PID) VALUES (1417, 231);
INSERT INTO Plays(GID, PID) VALUES (1023, 110);
INSERT INTO Plays(GID, PID) VALUES (1227, 430);
INSERT INTO Plays(GID, PID) VALUES (1080, 469);
INSERT INTO Plays(GID, PID) VALUES (949, 287);
INSERT INTO Plays(GID, PID) VALUES (921, 322);
INSERT INTO Plays(GID, PID) VALUES (240, 77);
INSERT INTO Plays(GID, PID) VALUES (821, 288);
INSERT INTO Plays(GID, PID) VALUES (501, 304);
INSERT INTO Plays(GID, PID) VALUES (1376, 164);
INSERT INTO Plays(GID, PID) VALUES (587, 310);
INSERT INTO Plays(GID, PID) VALUES (1000, 417);
INSERT INTO Plays(GID, PID) VALUES (1421, 465);
INSERT INTO Plays(GID, PID) VALUES (1351, 507);
INSERT INTO Plays(GID, PID) VALUES (241, 485);
INSERT INTO Plays(GID, PID) VALUES (1487, 508);
INSERT INTO Plays(GID, PID) VALUES (1439, 519);
INSERT INTO Plays(GID, PID) VALUES (1106, 360);
INSERT INTO Plays(GID, PID) VALUES (648, 413);
INSERT INTO Plays(GID, PID) VALUES (1393, 128);
INSERT INTO Plays(GID, PID) VALUES (962, 415);
INSERT INTO Plays(GID, PID) VALUES (1169, 262);
INSERT INTO Plays(GID, PID) VALUES (1077, 358);
INSERT INTO Plays(GID, PID) VALUES (1301, 516);
INSERT INTO Plays(GID, PID) VALUES (1500, 429);
INSERT INTO Plays(GID, PID) VALUES (1467, 415);
INSERT INTO Plays(GID, PID) VALUES (629, 207);
INSERT INTO Plays(GID, PID) VALUES (1411, 340);
INSERT INTO Plays(GID, PID) VALUES (771, 141);
INSERT INTO Plays(GID, PID) VALUES (1125, 292);
INSERT INTO Plays(GID, PID) VALUES (675, 498);
INSERT INTO Plays(GID, PID) VALUES (796, 374);
INSERT INTO Plays(GID, PID) VALUES (345, 468);
INSERT INTO Plays(GID, PID) VALUES (1344, 371);
INSERT INTO Plays(GID, PID) VALUES (334, 519);
INSERT INTO Plays(GID, PID) VALUES (568, 247);
INSERT INTO Plays(GID, PID) VALUES (1204, 439);
INSERT INTO Plays(GID, PID) VALUES (1122, 440);
INSERT INTO Plays(GID, PID) VALUES (795, 339);
INSERT INTO Plays(GID, PID) VALUES (1484, 403);
INSERT INTO Plays(GID, PID) VALUES (1255, 261);
INSERT INTO Plays(GID, PID) VALUES (1187, 209);
INSERT INTO Plays(GID, PID) VALUES (698, 412);
INSERT INTO Plays(GID, PID) VALUES (769, 511);
INSERT INTO Plays(GID, PID) VALUES (626, 152);
INSERT INTO Plays(GID, PID) VALUES (1442, 492);
INSERT INTO Plays(GID, PID) VALUES (816, 333);
INSERT INTO Plays(GID, PID) VALUES (513, 242);
INSERT INTO Plays(GID, PID) VALUES (1226, 320);
INSERT INTO Plays(GID, PID) VALUES (762, 520);
INSERT INTO Plays(GID, PID) VALUES (523, 459);
INSERT INTO Plays(GID, PID) VALUES (912, 343);
INSERT INTO Plays(GID, PID) VALUES (354, 474);
INSERT INTO Plays(GID, PID) VALUES (584, 522);
INSERT INTO Plays(GID, PID) VALUES (1035, 314);
INSERT INTO Plays(GID, PID) VALUES (1131, 191);
INSERT INTO Plays(GID, PID) VALUES (785, 223);
INSERT INTO Plays(GID, PID) VALUES (1298, 236);
INSERT INTO Plays(GID, PID) VALUES (408, 379);
INSERT INTO Plays(GID, PID) VALUES (1132, 40);
INSERT INTO Plays(GID, PID) VALUES (1367, 270);
INSERT INTO Plays(GID, PID) VALUES (1187, 378);
INSERT INTO Plays(GID, PID) VALUES (1244, 188);
INSERT INTO Plays(GID, PID) VALUES (1028, 467);
INSERT INTO Plays(GID, PID) VALUES (1216, 321);
INSERT INTO Plays(GID, PID) VALUES (377, 462);
INSERT INTO Plays(GID, PID) VALUES (529, 478);
INSERT INTO Plays(GID, PID) VALUES (1102, 356);
INSERT INTO Plays(GID, PID) VALUES (895, 230);
INSERT INTO Plays(GID, PID) VALUES (1079, 450);
INSERT INTO Plays(GID, PID) VALUES (1355, 494);
INSERT INTO Plays(GID, PID) VALUES (1501, 154);
INSERT INTO Plays(GID, PID) VALUES (779, 157);
INSERT INTO Plays(GID, PID) VALUES (1137, 468);
INSERT INTO Plays(GID, PID) VALUES (1299, 318);
INSERT INTO Plays(GID, PID) VALUES (1155, 201);
INSERT INTO Plays(GID, PID) VALUES (1187, 411);
INSERT INTO Plays(GID, PID) VALUES (1252, 250);
INSERT INTO Plays(GID, PID) VALUES (1467, 301);
INSERT INTO Plays(GID, PID) VALUES (1218, 217);
INSERT INTO Plays(GID, PID) VALUES (1414, 422);
INSERT INTO Plays(GID, PID) VALUES (925, 461);
INSERT INTO Plays(GID, PID) VALUES (580, 45);
INSERT INTO Plays(GID, PID) VALUES (649, 520);
INSERT INTO Plays(GID, PID) VALUES (1168, 385);
INSERT INTO Plays(GID, PID) VALUES (863, 455);
INSERT INTO Plays(GID, PID) VALUES (1330, 349);
INSERT INTO Plays(GID, PID) VALUES (1061, 310);
INSERT INTO Plays(GID, PID) VALUES (384, 121);
INSERT INTO Plays(GID, PID) VALUES (942, 142);
INSERT INTO Plays(GID, PID) VALUES (682, 489);
INSERT INTO Plays(GID, PID) VALUES (931, 538);
INSERT INTO Plays(GID, PID) VALUES (661, 495);
INSERT INTO Plays(GID, PID) VALUES (553, 148);
INSERT INTO Plays(GID, PID) VALUES (728, 206);
INSERT INTO Plays(GID, PID) VALUES (1301, 483);
INSERT INTO Plays(GID, PID) VALUES (1073, 186);
INSERT INTO Plays(GID, PID) VALUES (530, 193);
INSERT INTO Plays(GID, PID) VALUES (306, 441);
INSERT INTO Plays(GID, PID) VALUES (602, 303);
INSERT INTO Plays(GID, PID) VALUES (159, 436);
INSERT INTO Plays(GID, PID) VALUES (360, 380);
INSERT INTO Plays(GID, PID) VALUES (1358, 484);
INSERT INTO Plays(GID, PID) VALUES (1380, 405);
INSERT INTO Plays(GID, PID) VALUES (1187, 510);
INSERT INTO Plays(GID, PID) VALUES (1250, 263);
INSERT INTO Plays(GID, PID) VALUES (698, 495);
INSERT INTO Plays(GID, PID) VALUES (1219, 147);
INSERT INTO Plays(GID, PID) VALUES (579, 347);
INSERT INTO Plays(GID, PID) VALUES (1118, 484);
INSERT INTO Plays(GID, PID) VALUES (1149, 336);
INSERT INTO Plays(GID, PID) VALUES (1063, 298);
INSERT INTO Plays(GID, PID) VALUES (983, 164);
INSERT INTO Plays(GID, PID) VALUES (1302, 429);
INSERT INTO Plays(GID, PID) VALUES (1454, 372);
INSERT INTO Plays(GID, PID) VALUES (503, 518);
INSERT INTO Plays(GID, PID) VALUES (950, 528);
INSERT INTO Plays(GID, PID) VALUES (1292, 223);
INSERT INTO Plays(GID, PID) VALUES (1280, 251);
INSERT INTO Plays(GID, PID) VALUES (459, 413);
INSERT INTO Plays(GID, PID) VALUES (1356, 320);
INSERT INTO Plays(GID, PID) VALUES (630, 481);
INSERT INTO Plays(GID, PID) VALUES (1393, 91);
INSERT INTO Plays(GID, PID) VALUES (994, 496);
INSERT INTO Plays(GID, PID) VALUES (1189, 39);
INSERT INTO Plays(GID, PID) VALUES (936, 541);
INSERT INTO Plays(GID, PID) VALUES (810, 247);
INSERT INTO Plays(GID, PID) VALUES (823, 512);
INSERT INTO Plays(GID, PID) VALUES (1075, 460);
INSERT INTO Plays(GID, PID) VALUES (647, 120);
INSERT INTO Plays(GID, PID) VALUES (1473, 362);
INSERT INTO Plays(GID, PID) VALUES (939, 296);
INSERT INTO Plays(GID, PID) VALUES (1027, 325);
INSERT INTO Plays(GID, PID) VALUES (1137, 193);
INSERT INTO Plays(GID, PID) VALUES (1264, 237);
INSERT INTO Plays(GID, PID) VALUES (1103, 443);
INSERT INTO Plays(GID, PID) VALUES (1007, 391);
INSERT INTO Plays(GID, PID) VALUES (1112, 459);
INSERT INTO Plays(GID, PID) VALUES (1111, 300);
INSERT INTO Plays(GID, PID) VALUES (837, 539);
INSERT INTO Plays(GID, PID) VALUES (1484, 224);
INSERT INTO Plays(GID, PID) VALUES (925, 454);
INSERT INTO Plays(GID, PID) VALUES (1150, 279);
INSERT INTO Plays(GID, PID) VALUES (1489, 447);
INSERT INTO Plays(GID, PID) VALUES (1283, 167);
INSERT INTO Plays(GID, PID) VALUES (1105, 220);
INSERT INTO Plays(GID, PID) VALUES (1022, 450);
INSERT INTO Plays(GID, PID) VALUES (314, 524);
INSERT INTO Plays(GID, PID) VALUES (356, 524);
INSERT INTO Plays(GID, PID) VALUES (518, 426);
INSERT INTO Plays(GID, PID) VALUES (797, 440);
INSERT INTO Plays(GID, PID) VALUES (914, 463);
INSERT INTO Plays(GID, PID) VALUES (268, 494);
INSERT INTO Plays(GID, PID) VALUES (1355, 520);
INSERT INTO Plays(GID, PID) VALUES (439, 318);
INSERT INTO Plays(GID, PID) VALUES (298, 481);
INSERT INTO Plays(GID, PID) VALUES (328, 370);
INSERT INTO Plays(GID, PID) VALUES (566, 429);
INSERT INTO Plays(GID, PID) VALUES (1276, 90);
INSERT INTO Plays(GID, PID) VALUES (659, 506);
INSERT INTO Plays(GID, PID) VALUES (1120, 276);
INSERT INTO Plays(GID, PID) VALUES (653, 439);
INSERT INTO Plays(GID, PID) VALUES (1147, 420);
INSERT INTO Plays(GID, PID) VALUES (694, 269);
INSERT INTO Plays(GID, PID) VALUES (122, 455);
INSERT INTO Plays(GID, PID) VALUES (898, 381);
INSERT INTO Plays(GID, PID) VALUES (704, 291);
INSERT INTO Plays(GID, PID) VALUES (510, 463);
INSERT INTO Plays(GID, PID) VALUES (1204, 272);
INSERT INTO Plays(GID, PID) VALUES (1159, 523);
INSERT INTO Plays(GID, PID) VALUES (1268, 463);
INSERT INTO Plays(GID, PID) VALUES (654, 432);
INSERT INTO Plays(GID, PID) VALUES (762, 473);
INSERT INTO Plays(GID, PID) VALUES (1334, 312);
INSERT INTO Plays(GID, PID) VALUES (671, 537);
INSERT INTO Plays(GID, PID) VALUES (729, 538);
INSERT INTO Plays(GID, PID) VALUES (1196, 472);
INSERT INTO Plays(GID, PID) VALUES (892, 353);
INSERT INTO Plays(GID, PID) VALUES (1229, 251);
INSERT INTO Plays(GID, PID) VALUES (1439, 408);
INSERT INTO Plays(GID, PID) VALUES (359, 446);
INSERT INTO Plays(GID, PID) VALUES (1475, 283);
INSERT INTO Plays(GID, PID) VALUES (1502, 286);
INSERT INTO Plays(GID, PID) VALUES (1093, 150);
INSERT INTO Plays(GID, PID) VALUES (78, 433);
INSERT INTO Plays(GID, PID) VALUES (905, 189);
INSERT INTO Plays(GID, PID) VALUES (1306, 459);
INSERT INTO Plays(GID, PID) VALUES (1034, 403);
INSERT INTO Plays(GID, PID) VALUES (1413, 54);
INSERT INTO Plays(GID, PID) VALUES (1494, 276);
INSERT INTO Plays(GID, PID) VALUES (732, 154);
INSERT INTO Plays(GID, PID) VALUES (1374, 255);
INSERT INTO Plays(GID, PID) VALUES (1207, 507);
INSERT INTO Plays(GID, PID) VALUES (434, 234);
INSERT INTO Plays(GID, PID) VALUES (1303, 303);
INSERT INTO Plays(GID, PID) VALUES (1494, 543);
INSERT INTO Plays(GID, PID) VALUES (779, 488);
INSERT INTO Plays(GID, PID) VALUES (436, 529);
INSERT INTO Plays(GID, PID) VALUES (231, 279);
INSERT INTO Plays(GID, PID) VALUES (1428, 425);
INSERT INTO Plays(GID, PID) VALUES (1288, 88);
INSERT INTO Plays(GID, PID) VALUES (1294, 278);
INSERT INTO Plays(GID, PID) VALUES (1357, 379);
INSERT INTO Plays(GID, PID) VALUES (1060, 250);
INSERT INTO Plays(GID, PID) VALUES (1032, 453);
INSERT INTO Plays(GID, PID) VALUES (1325, 377);
INSERT INTO Plays(GID, PID) VALUES (1261, 457);
INSERT INTO Plays(GID, PID) VALUES (1143, 424);
INSERT INTO Plays(GID, PID) VALUES (1342, 320);
INSERT INTO Plays(GID, PID) VALUES (1220, 442);
INSERT INTO Plays(GID, PID) VALUES (1221, 402);
INSERT INTO Plays(GID, PID) VALUES (895, 436);
INSERT INTO Plays(GID, PID) VALUES (1156, 523);
INSERT INTO Plays(GID, PID) VALUES (659, 360);
INSERT INTO Plays(GID, PID) VALUES (337, 426);
INSERT INTO Plays(GID, PID) VALUES (1204, 165);
INSERT INTO Plays(GID, PID) VALUES (897, 481);
INSERT INTO Plays(GID, PID) VALUES (782, 335);
INSERT INTO Plays(GID, PID) VALUES (1158, 223);
INSERT INTO Plays(GID, PID) VALUES (1399, 476);
INSERT INTO Plays(GID, PID) VALUES (750, 136);
INSERT INTO Plays(GID, PID) VALUES (1321, 435);
INSERT INTO Plays(GID, PID) VALUES (752, 530);
INSERT INTO Plays(GID, PID) VALUES (822, 321);
INSERT INTO Plays(GID, PID) VALUES (144, 116);
INSERT INTO Plays(GID, PID) VALUES (1157, 531);
INSERT INTO Plays(GID, PID) VALUES (1165, 444);
INSERT INTO Plays(GID, PID) VALUES (1161, 529);
INSERT INTO Plays(GID, PID) VALUES (933, 237);
INSERT INTO Plays(GID, PID) VALUES (1349, 482);
INSERT INTO Plays(GID, PID) VALUES (1411, 358);
INSERT INTO Plays(GID, PID) VALUES (702, 362);
INSERT INTO Plays(GID, PID) VALUES (1367, 264);
INSERT INTO Plays(GID, PID) VALUES (957, 380);
INSERT INTO Plays(GID, PID) VALUES (759, 351);
INSERT INTO Plays(GID, PID) VALUES (1043, 282);
INSERT INTO Plays(GID, PID) VALUES (1434, 386);
INSERT INTO Plays(GID, PID) VALUES (1015, 273);
INSERT INTO Plays(GID, PID) VALUES (1166, 216);
INSERT INTO Plays(GID, PID) VALUES (679, 472);
INSERT INTO Plays(GID, PID) VALUES (1268, 424);
INSERT INTO Plays(GID, PID) VALUES (793, 485);
INSERT INTO Plays(GID, PID) VALUES (1296, 302);
INSERT INTO Plays(GID, PID) VALUES (1064, 508);
INSERT INTO Plays(GID, PID) VALUES (1223, 193);
INSERT INTO Plays(GID, PID) VALUES (1127, 300);
INSERT INTO Plays(GID, PID) VALUES (1302, 400);
INSERT INTO Plays(GID, PID) VALUES (1326, 480);
INSERT INTO Plays(GID, PID) VALUES (778, 412);
INSERT INTO Plays(GID, PID) VALUES (1499, 231);
INSERT INTO Plays(GID, PID) VALUES (1010, 393);
INSERT INTO Plays(GID, PID) VALUES (242, 374);
INSERT INTO Plays(GID, PID) VALUES (1282, 326);
INSERT INTO Plays(GID, PID) VALUES (1082, 377);
INSERT INTO Plays(GID, PID) VALUES (730, 310);
INSERT INTO Plays(GID, PID) VALUES (1456, 462);
INSERT INTO Plays(GID, PID) VALUES (1082, 529);
INSERT INTO Plays(GID, PID) VALUES (761, 252);
INSERT INTO Plays(GID, PID) VALUES (447, 277);
INSERT INTO Plays(GID, PID) VALUES (934, 473);
INSERT INTO Plays(GID, PID) VALUES (371, 470);
INSERT INTO Plays(GID, PID) VALUES (810, 529);
INSERT INTO Plays(GID, PID) VALUES (1282, 489);
INSERT INTO Plays(GID, PID) VALUES (933, 140);
INSERT INTO Plays(GID, PID) VALUES (749, 542);
INSERT INTO Plays(GID, PID) VALUES (1080, 334);
INSERT INTO Plays(GID, PID) VALUES (1388, 454);
INSERT INTO Plays(GID, PID) VALUES (361, 400);
INSERT INTO Plays(GID, PID) VALUES (226, 413);
INSERT INTO Plays(GID, PID) VALUES (1430, 412);
INSERT INTO Plays(GID, PID) VALUES (820, 276);
INSERT INTO Plays(GID, PID) VALUES (680, 498);
INSERT INTO Plays(GID, PID) VALUES (352, 490);
INSERT INTO Plays(GID, PID) VALUES (408, 369);
INSERT INTO Plays(GID, PID) VALUES (701, 205);
INSERT INTO Plays(GID, PID) VALUES (1421, 368);
INSERT INTO Plays(GID, PID) VALUES (959, 286);
INSERT INTO Plays(GID, PID) VALUES (447, 232);
INSERT INTO Plays(GID, PID) VALUES (751, 197);
INSERT INTO Plays(GID, PID) VALUES (532, 374);
INSERT INTO Plays(GID, PID) VALUES (1388, 383);
INSERT INTO Plays(GID, PID) VALUES (665, 435);
INSERT INTO Plays(GID, PID) VALUES (640, 455);
INSERT INTO Plays(GID, PID) VALUES (793, 273);
INSERT INTO Plays(GID, PID) VALUES (1369, 245);
INSERT INTO Plays(GID, PID) VALUES (1023, 231);
INSERT INTO Plays(GID, PID) VALUES (219, 192);
INSERT INTO Plays(GID, PID) VALUES (1458, 444);
INSERT INTO Plays(GID, PID) VALUES (536, 150);
INSERT INTO Plays(GID, PID) VALUES (705, 63);
INSERT INTO Plays(GID, PID) VALUES (1035, 319);
INSERT INTO Plays(GID, PID) VALUES (1186, 182);
INSERT INTO Plays(GID, PID) VALUES (816, 510);
INSERT INTO Plays(GID, PID) VALUES (158, 458);
INSERT INTO Plays(GID, PID) VALUES (645, 401);
INSERT INTO Plays(GID, PID) VALUES (303, 200);
INSERT INTO Plays(GID, PID) VALUES (1325, 101);
INSERT INTO Plays(GID, PID) VALUES (1291, 264);
INSERT INTO Plays(GID, PID) VALUES (1053, 532);
INSERT INTO Plays(GID, PID) VALUES (604, 64);
INSERT INTO Plays(GID, PID) VALUES (664, 306);
INSERT INTO Plays(GID, PID) VALUES (1002, 429);
INSERT INTO Plays(GID, PID) VALUES (810, 253);
INSERT INTO Plays(GID, PID) VALUES (813, 336);
INSERT INTO Plays(GID, PID) VALUES (947, 351);
INSERT INTO Plays(GID, PID) VALUES (1312, 389);
INSERT INTO Plays(GID, PID) VALUES (1188, 507);
INSERT INTO Plays(GID, PID) VALUES (1302, 336);
INSERT INTO Plays(GID, PID) VALUES (459, 521);
INSERT INTO Plays(GID, PID) VALUES (1023, 474);
INSERT INTO Plays(GID, PID) VALUES (1424, 286);
INSERT INTO Plays(GID, PID) VALUES (840, 385);
INSERT INTO Plays(GID, PID) VALUES (1294, 445);
INSERT INTO Plays(GID, PID) VALUES (1194, 119);
INSERT INTO Plays(GID, PID) VALUES (374, 260);
INSERT INTO Plays(GID, PID) VALUES (1113, 483);
INSERT INTO Plays(GID, PID) VALUES (968, 275);
INSERT INTO Plays(GID, PID) VALUES (1035, 541);
INSERT INTO Plays(GID, PID) VALUES (919, 456);
INSERT INTO Plays(GID, PID) VALUES (523, 476);
INSERT INTO Plays(GID, PID) VALUES (793, 477);
INSERT INTO Plays(GID, PID) VALUES (1203, 510);
INSERT INTO Plays(GID, PID) VALUES (774, 516);
INSERT INTO Plays(GID, PID) VALUES (1363, 339);
INSERT INTO Plays(GID, PID) VALUES (580, 325);
INSERT INTO Plays(GID, PID) VALUES (1199, 289);
INSERT INTO Plays(GID, PID) VALUES (1333, 114);
INSERT INTO Plays(GID, PID) VALUES (1273, 529);
INSERT INTO Plays(GID, PID) VALUES (1501, 394);
INSERT INTO Plays(GID, PID) VALUES (1306, 319);
INSERT INTO Plays(GID, PID) VALUES (556, 130);
INSERT INTO Plays(GID, PID) VALUES (843, 298);
INSERT INTO Plays(GID, PID) VALUES (812, 403);
INSERT INTO Plays(GID, PID) VALUES (1119, 443);
INSERT INTO Plays(GID, PID) VALUES (992, 333);
INSERT INTO Plays(GID, PID) VALUES (763, 496);
INSERT INTO Plays(GID, PID) VALUES (1288, 149);
INSERT INTO Plays(GID, PID) VALUES (1024, 393);
INSERT INTO Plays(GID, PID) VALUES (1412, 404);
INSERT INTO Plays(GID, PID) VALUES (1376, 425);
INSERT INTO Plays(GID, PID) VALUES (1219, 390);
INSERT INTO Plays(GID, PID) VALUES (1023, 429);
INSERT INTO Plays(GID, PID) VALUES (577, 332);
INSERT INTO Plays(GID, PID) VALUES (1276, 368);
INSERT INTO Plays(GID, PID) VALUES (1080, 516);
INSERT INTO Plays(GID, PID) VALUES (676, 503);
INSERT INTO Plays(GID, PID) VALUES (960, 495);
INSERT INTO Plays(GID, PID) VALUES (1182, 382);
INSERT INTO Plays(GID, PID) VALUES (599, 442);
INSERT INTO Plays(GID, PID) VALUES (292, 224);
INSERT INTO Plays(GID, PID) VALUES (70, 419);
INSERT INTO Plays(GID, PID) VALUES (1230, 295);
INSERT INTO Plays(GID, PID) VALUES (1361, 466);
INSERT INTO Plays(GID, PID) VALUES (809, 198);
INSERT INTO Plays(GID, PID) VALUES (1299, 454);
INSERT INTO Plays(GID, PID) VALUES (695, 193);
INSERT INTO Plays(GID, PID) VALUES (1301, 344);
INSERT INTO Plays(GID, PID) VALUES (1324, 447);
INSERT INTO Plays(GID, PID) VALUES (552, 514);
INSERT INTO Plays(GID, PID) VALUES (1343, 382);
INSERT INTO Plays(GID, PID) VALUES (890, 438);
INSERT INTO Plays(GID, PID) VALUES (1042, 543);
INSERT INTO Plays(GID, PID) VALUES (1055, 473);
INSERT INTO Plays(GID, PID) VALUES (974, 169);
INSERT INTO Plays(GID, PID) VALUES (779, 438);
INSERT INTO Plays(GID, PID) VALUES (743, 367);
INSERT INTO Plays(GID, PID) VALUES (1305, 282);
INSERT INTO Plays(GID, PID) VALUES (113, 519);
INSERT INTO Plays(GID, PID) VALUES (322, 410);
INSERT INTO Plays(GID, PID) VALUES (779, 295);
INSERT INTO Plays(GID, PID) VALUES (976, 483);
INSERT INTO Plays(GID, PID) VALUES (660, 377);
INSERT INTO Plays(GID, PID) VALUES (599, 224);
INSERT INTO Plays(GID, PID) VALUES (383, 535);
INSERT INTO Plays(GID, PID) VALUES (1022, 294);
INSERT INTO Plays(GID, PID) VALUES (1462, 504);
INSERT INTO Plays(GID, PID) VALUES (1395, 490);
INSERT INTO Plays(GID, PID) VALUES (1135, 354);
INSERT INTO Plays(GID, PID) VALUES (1086, 322);
INSERT INTO Plays(GID, PID) VALUES (81, 540);
INSERT INTO Plays(GID, PID) VALUES (1003, 483);
INSERT INTO Plays(GID, PID) VALUES (365, 270);
INSERT INTO Plays(GID, PID) VALUES (602, 241);
INSERT INTO Plays(GID, PID) VALUES (1318, 138);
INSERT INTO Plays(GID, PID) VALUES (903, 247);
INSERT INTO Plays(GID, PID) VALUES (1502, 103);
INSERT INTO Plays(GID, PID) VALUES (1083, 480);
INSERT INTO Plays(GID, PID) VALUES (1467, 236);
INSERT INTO Plays(GID, PID) VALUES (597, 447);
INSERT INTO Plays(GID, PID) VALUES (1482, 69);
INSERT INTO Plays(GID, PID) VALUES (1410, 428);
INSERT INTO Plays(GID, PID) VALUES (987, 520);
INSERT INTO Plays(GID, PID) VALUES (875, 467);
INSERT INTO Plays(GID, PID) VALUES (452, 543);
INSERT INTO Plays(GID, PID) VALUES (1495, 504);
INSERT INTO Plays(GID, PID) VALUES (1212, 166);
INSERT INTO Plays(GID, PID) VALUES (878, 357);
INSERT INTO Plays(GID, PID) VALUES (1194, 457);
INSERT INTO Plays(GID, PID) VALUES (1323, 384);
INSERT INTO Plays(GID, PID) VALUES (1265, 342);
INSERT INTO Plays(GID, PID) VALUES (990, 198);
INSERT INTO Plays(GID, PID) VALUES (1439, 456);
INSERT INTO Plays(GID, PID) VALUES (1423, 530);
INSERT INTO Plays(GID, PID) VALUES (1192, 506);
INSERT INTO Plays(GID, PID) VALUES (1413, 123);
INSERT INTO Plays(GID, PID) VALUES (1232, 420);
INSERT INTO Plays(GID, PID) VALUES (1078, 474);
INSERT INTO Plays(GID, PID) VALUES (1061, 173);
INSERT INTO Plays(GID, PID) VALUES (478, 502);
INSERT INTO Plays(GID, PID) VALUES (1270, 417);
INSERT INTO Plays(GID, PID) VALUES (1241, 162);
INSERT INTO Plays(GID, PID) VALUES (1086, 326);
INSERT INTO Plays(GID, PID) VALUES (395, 79);
INSERT INTO Plays(GID, PID) VALUES (1087, 211);
INSERT INTO Plays(GID, PID) VALUES (1113, 499);
INSERT INTO Plays(GID, PID) VALUES (1485, 260);
INSERT INTO Plays(GID, PID) VALUES (1454, 538);
INSERT INTO Plays(GID, PID) VALUES (1452, 512);
INSERT INTO Plays(GID, PID) VALUES (1307, 494);
INSERT INTO Plays(GID, PID) VALUES (598, 433);
INSERT INTO Plays(GID, PID) VALUES (946, 403);
INSERT INTO Plays(GID, PID) VALUES (1214, 445);
INSERT INTO Plays(GID, PID) VALUES (1089, 514);
INSERT INTO Plays(GID, PID) VALUES (1043, 471);
INSERT INTO Plays(GID, PID) VALUES (1380, 264);
INSERT INTO Plays(GID, PID) VALUES (1163, 218);
INSERT INTO Plays(GID, PID) VALUES (643, 327);
INSERT INTO Plays(GID, PID) VALUES (1077, 444);
INSERT INTO Plays(GID, PID) VALUES (1073, 456);
INSERT INTO Plays(GID, PID) VALUES (1454, 133);
INSERT INTO Plays(GID, PID) VALUES (302, 378);
INSERT INTO Plays(GID, PID) VALUES (919, 506);
INSERT INTO Plays(GID, PID) VALUES (1254, 536);
INSERT INTO Plays(GID, PID) VALUES (1096, 194);
INSERT INTO Plays(GID, PID) VALUES (1315, 412);
INSERT INTO Plays(GID, PID) VALUES (527, 451);
INSERT INTO Plays(GID, PID) VALUES (904, 217);
INSERT INTO Plays(GID, PID) VALUES (344, 478);
INSERT INTO Plays(GID, PID) VALUES (1091, 512);
INSERT INTO Plays(GID, PID) VALUES (527, 397);
INSERT INTO Plays(GID, PID) VALUES (1254, 329);
INSERT INTO Plays(GID, PID) VALUES (1284, 461);
INSERT INTO Plays(GID, PID) VALUES (937, 509);
INSERT INTO Plays(GID, PID) VALUES (1147, 267);
INSERT INTO Plays(GID, PID) VALUES (826, 515);
INSERT INTO Plays(GID, PID) VALUES (928, 390);
INSERT INTO Plays(GID, PID) VALUES (931, 318);
INSERT INTO Plays(GID, PID) VALUES (842, 472);
INSERT INTO Plays(GID, PID) VALUES (1413, 151);
INSERT INTO Plays(GID, PID) VALUES (1099, 437);
INSERT INTO Plays(GID, PID) VALUES (1351, 478);
INSERT INTO Plays(GID, PID) VALUES (1114, 514);
INSERT INTO Plays(GID, PID) VALUES (1330, 504);
INSERT INTO Plays(GID, PID) VALUES (941, 147);
INSERT INTO Plays(GID, PID) VALUES (999, 517);
INSERT INTO Plays(GID, PID) VALUES (1189, 159);
INSERT INTO Plays(GID, PID) VALUES (1476, 224);
INSERT INTO Plays(GID, PID) VALUES (965, 62);
INSERT INTO Plays(GID, PID) VALUES (1435, 401);
INSERT INTO Plays(GID, PID) VALUES (367, 459);
INSERT INTO Plays(GID, PID) VALUES (352, 293);
INSERT INTO Plays(GID, PID) VALUES (320, 361);
INSERT INTO Plays(GID, PID) VALUES (1085, 330);
INSERT INTO Plays(GID, PID) VALUES (694, 523);
INSERT INTO Plays(GID, PID) VALUES (1139, 225);
INSERT INTO Plays(GID, PID) VALUES (1463, 470);
INSERT INTO Plays(GID, PID) VALUES (1206, 335);
INSERT INTO Plays(GID, PID) VALUES (734, 382);
INSERT INTO Plays(GID, PID) VALUES (1133, 354);
INSERT INTO Plays(GID, PID) VALUES (862, 431);
INSERT INTO Plays(GID, PID) VALUES (1272, 49);
INSERT INTO Plays(GID, PID) VALUES (634, 531);
INSERT INTO Plays(GID, PID) VALUES (1479, 447);
INSERT INTO Plays(GID, PID) VALUES (709, 417);
INSERT INTO Plays(GID, PID) VALUES (826, 509);
INSERT INTO Plays(GID, PID) VALUES (616, 288);
INSERT INTO Plays(GID, PID) VALUES (1280, 324);
INSERT INTO Plays(GID, PID) VALUES (1281, 251);
INSERT INTO Plays(GID, PID) VALUES (564, 268);
INSERT INTO Plays(GID, PID) VALUES (970, 526);
INSERT INTO Plays(GID, PID) VALUES (1246, 459);
INSERT INTO Plays(GID, PID) VALUES (460, 327);
INSERT INTO Plays(GID, PID) VALUES (1391, 311);
INSERT INTO Plays(GID, PID) VALUES (1305, 313);
INSERT INTO Plays(GID, PID) VALUES (1475, 353);
INSERT INTO Plays(GID, PID) VALUES (988, 155);
INSERT INTO Plays(GID, PID) VALUES (282, 447);
INSERT INTO Plays(GID, PID) VALUES (895, 424);
INSERT INTO Plays(GID, PID) VALUES (669, 23);
INSERT INTO Plays(GID, PID) VALUES (1410, 412);
INSERT INTO Plays(GID, PID) VALUES (1393, 384);
INSERT INTO Plays(GID, PID) VALUES (1392, 117);
INSERT INTO Plays(GID, PID) VALUES (766, 414);
INSERT INTO Plays(GID, PID) VALUES (1368, 414);
INSERT INTO Plays(GID, PID) VALUES (1084, 344);
INSERT INTO Plays(GID, PID) VALUES (508, 267);
INSERT INTO Plays(GID, PID) VALUES (1169, 246);
INSERT INTO Plays(GID, PID) VALUES (1099, 248);
INSERT INTO Plays(GID, PID) VALUES (1105, 368);
INSERT INTO Plays(GID, PID) VALUES (1413, 290);
INSERT INTO Plays(GID, PID) VALUES (912, 384);
INSERT INTO Plays(GID, PID) VALUES (633, 304);
INSERT INTO Plays(GID, PID) VALUES (1444, 345);
INSERT INTO Plays(GID, PID) VALUES (957, 396);
INSERT INTO Plays(GID, PID) VALUES (491, 188);
INSERT INTO Plays(GID, PID) VALUES (1184, 289);
INSERT INTO Plays(GID, PID) VALUES (864, 534);
INSERT INTO Plays(GID, PID) VALUES (1112, 375);
INSERT INTO Plays(GID, PID) VALUES (359, 417);
INSERT INTO Plays(GID, PID) VALUES (1497, 331);
INSERT INTO Plays(GID, PID) VALUES (1179, 413);
INSERT INTO Plays(GID, PID) VALUES (1330, 175);
INSERT INTO Plays(GID, PID) VALUES (840, 254);
INSERT INTO Plays(GID, PID) VALUES (1238, 305);
INSERT INTO Plays(GID, PID) VALUES (1166, 501);
INSERT INTO Plays(GID, PID) VALUES (893, 406);
INSERT INTO Plays(GID, PID) VALUES (1405, 535);
INSERT INTO Plays(GID, PID) VALUES (916, 395);
INSERT INTO Plays(GID, PID) VALUES (369, 484);
INSERT INTO Plays(GID, PID) VALUES (1438, 479);
INSERT INTO Plays(GID, PID) VALUES (366, 222);
INSERT INTO Plays(GID, PID) VALUES (545, 397);
INSERT INTO Plays(GID, PID) VALUES (139, 339);
INSERT INTO Plays(GID, PID) VALUES (1488, 447);
INSERT INTO Plays(GID, PID) VALUES (335, 139);
INSERT INTO Plays(GID, PID) VALUES (1205, 535);
INSERT INTO Plays(GID, PID) VALUES (403, 443);
INSERT INTO Plays(GID, PID) VALUES (1413, 354);
INSERT INTO Plays(GID, PID) VALUES (1293, 336);
INSERT INTO Plays(GID, PID) VALUES (729, 407);
INSERT INTO Plays(GID, PID) VALUES (519, 316);
INSERT INTO Plays(GID, PID) VALUES (834, 416);
INSERT INTO Plays(GID, PID) VALUES (514, 541);
INSERT INTO Plays(GID, PID) VALUES (1333, 448);
INSERT INTO Plays(GID, PID) VALUES (1014, 228);
INSERT INTO Plays(GID, PID) VALUES (882, 454);
INSERT INTO Plays(GID, PID) VALUES (723, 389);
INSERT INTO Plays(GID, PID) VALUES (1430, 374);
INSERT INTO Plays(GID, PID) VALUES (586, 266);
INSERT INTO Plays(GID, PID) VALUES (831, 510);
INSERT INTO Plays(GID, PID) VALUES (1387, 244);
INSERT INTO Plays(GID, PID) VALUES (1400, 529);
INSERT INTO Plays(GID, PID) VALUES (916, 522);
INSERT INTO Plays(GID, PID) VALUES (831, 470);
INSERT INTO Plays(GID, PID) VALUES (835, 179);
INSERT INTO Plays(GID, PID) VALUES (1007, 399);
INSERT INTO Plays(GID, PID) VALUES (538, 355);
INSERT INTO Plays(GID, PID) VALUES (973, 472);
INSERT INTO Plays(GID, PID) VALUES (991, 269);
INSERT INTO Plays(GID, PID) VALUES (977, 245);
INSERT INTO Plays(GID, PID) VALUES (1428, 512);
INSERT INTO Plays(GID, PID) VALUES (954, 475);
INSERT INTO Plays(GID, PID) VALUES (737, 197);
INSERT INTO Plays(GID, PID) VALUES (918, 300);
INSERT INTO Plays(GID, PID) VALUES (650, 340);
INSERT INTO Plays(GID, PID) VALUES (1159, 447);
INSERT INTO Plays(GID, PID) VALUES (1189, 104);
INSERT INTO Plays(GID, PID) VALUES (1473, 368);
INSERT INTO Plays(GID, PID) VALUES (685, 542);
INSERT INTO Plays(GID, PID) VALUES (487, 279);
INSERT INTO Plays(GID, PID) VALUES (1349, 390);
INSERT INTO Plays(GID, PID) VALUES (1461, 404);
INSERT INTO Plays(GID, PID) VALUES (836, 525);
INSERT INTO Plays(GID, PID) VALUES (633, 326);
INSERT INTO Plays(GID, PID) VALUES (1129, 468);
INSERT INTO Plays(GID, PID) VALUES (1196, 420);
INSERT INTO Plays(GID, PID) VALUES (907, 370);
INSERT INTO Plays(GID, PID) VALUES (1163, 101);
INSERT INTO Plays(GID, PID) VALUES (1501, 535);
INSERT INTO Plays(GID, PID) VALUES (1210, 394);
INSERT INTO Plays(GID, PID) VALUES (1129, 417);
INSERT INTO Plays(GID, PID) VALUES (328, 283);
INSERT INTO Plays(GID, PID) VALUES (778, 393);
INSERT INTO Plays(GID, PID) VALUES (1334, 274);
INSERT INTO Plays(GID, PID) VALUES (1320, 332);
INSERT INTO Plays(GID, PID) VALUES (1448, 418);
INSERT INTO Plays(GID, PID) VALUES (1088, 459);
INSERT INTO Plays(GID, PID) VALUES (407, 263);
INSERT INTO Plays(GID, PID) VALUES (1488, 455);
INSERT INTO Plays(GID, PID) VALUES (822, 434);
INSERT INTO Plays(GID, PID) VALUES (480, 424);
INSERT INTO Plays(GID, PID) VALUES (1208, 442);
INSERT INTO Plays(GID, PID) VALUES (776, 454);
INSERT INTO Plays(GID, PID) VALUES (1230, 539);
INSERT INTO Plays(GID, PID) VALUES (1076, 278);
INSERT INTO Plays(GID, PID) VALUES (1387, 305);
INSERT INTO Plays(GID, PID) VALUES (1153, 148);
INSERT INTO Plays(GID, PID) VALUES (1163, 515);
INSERT INTO Plays(GID, PID) VALUES (589, 503);
INSERT INTO Plays(GID, PID) VALUES (718, 336);
INSERT INTO Plays(GID, PID) VALUES (1485, 522);
INSERT INTO Plays(GID, PID) VALUES (1200, 213);
INSERT INTO Plays(GID, PID) VALUES (938, 383);
INSERT INTO Plays(GID, PID) VALUES (668, 458);
INSERT INTO Plays(GID, PID) VALUES (885, 329);
INSERT INTO Plays(GID, PID) VALUES (1487, 383);
INSERT INTO Plays(GID, PID) VALUES (600, 364);
INSERT INTO Plays(GID, PID) VALUES (578, 428);
INSERT INTO Plays(GID, PID) VALUES (1171, 354);
INSERT INTO Plays(GID, PID) VALUES (1247, 491);
INSERT INTO Plays(GID, PID) VALUES (547, 185);
INSERT INTO Plays(GID, PID) VALUES (659, 398);
INSERT INTO Plays(GID, PID) VALUES (993, 461);
INSERT INTO Plays(GID, PID) VALUES (1141, 483);
INSERT INTO Plays(GID, PID) VALUES (624, 417);
INSERT INTO Plays(GID, PID) VALUES (1077, 487);
INSERT INTO Plays(GID, PID) VALUES (1473, 208);
INSERT INTO Plays(GID, PID) VALUES (1207, 209);
INSERT INTO Plays(GID, PID) VALUES (1393, 320);
INSERT INTO Plays(GID, PID) VALUES (1271, 498);
INSERT INTO Plays(GID, PID) VALUES (873, 245);
INSERT INTO Plays(GID, PID) VALUES (1215, 452);
INSERT INTO Plays(GID, PID) VALUES (840, 383);
INSERT INTO Plays(GID, PID) VALUES (1444, 486);
INSERT INTO Plays(GID, PID) VALUES (1181, 521);
INSERT INTO Plays(GID, PID) VALUES (278, 424);
INSERT INTO Plays(GID, PID) VALUES (575, 470);
INSERT INTO Plays(GID, PID) VALUES (1030, 258);
INSERT INTO Plays(GID, PID) VALUES (183, 414);
INSERT INTO Plays(GID, PID) VALUES (621, 115);
INSERT INTO Plays(GID, PID) VALUES (1386, 235);
INSERT INTO Plays(GID, PID) VALUES (869, 449);
INSERT INTO Plays(GID, PID) VALUES (1371, 488);
INSERT INTO Plays(GID, PID) VALUES (589, 537);
INSERT INTO Plays(GID, PID) VALUES (1360, 451);
INSERT INTO Plays(GID, PID) VALUES (1421, 506);
INSERT INTO Plays(GID, PID) VALUES (1124, 213);
INSERT INTO Plays(GID, PID) VALUES (1214, 401);
INSERT INTO Plays(GID, PID) VALUES (883, 507);
INSERT INTO Plays(GID, PID) VALUES (1335, 411);
INSERT INTO Plays(GID, PID) VALUES (640, 533);
INSERT INTO Plays(GID, PID) VALUES (1268, 493);
INSERT INTO Plays(GID, PID) VALUES (330, 311);
INSERT INTO Plays(GID, PID) VALUES (1434, 230);
INSERT INTO Plays(GID, PID) VALUES (712, 136);
INSERT INTO Plays(GID, PID) VALUES (753, 153);
INSERT INTO Plays(GID, PID) VALUES (1313, 146);
INSERT INTO Plays(GID, PID) VALUES (1410, 415);
INSERT INTO Plays(GID, PID) VALUES (1126, 418);
INSERT INTO Plays(GID, PID) VALUES (797, 98);
INSERT INTO Plays(GID, PID) VALUES (1427, 334);
INSERT INTO Plays(GID, PID) VALUES (1098, 226);
INSERT INTO Plays(GID, PID) VALUES (1274, 368);
INSERT INTO Plays(GID, PID) VALUES (863, 233);
INSERT INTO Plays(GID, PID) VALUES (1308, 134);
INSERT INTO Plays(GID, PID) VALUES (226, 185);
INSERT INTO Plays(GID, PID) VALUES (1458, 526);
INSERT INTO Plays(GID, PID) VALUES (773, 465);
INSERT INTO Plays(GID, PID) VALUES (1437, 540);
INSERT INTO Plays(GID, PID) VALUES (338, 226);
INSERT INTO Plays(GID, PID) VALUES (756, 200);
INSERT INTO Plays(GID, PID) VALUES (686, 298);
INSERT INTO Plays(GID, PID) VALUES (1415, 64);
INSERT INTO Plays(GID, PID) VALUES (1172, 160);
INSERT INTO Plays(GID, PID) VALUES (520, 362);
INSERT INTO Plays(GID, PID) VALUES (1365, 512);
INSERT INTO Plays(GID, PID) VALUES (368, 75);
INSERT INTO Plays(GID, PID) VALUES (1040, 324);
INSERT INTO Plays(GID, PID) VALUES (1105, 479);
INSERT INTO Plays(GID, PID) VALUES (1378, 488);
INSERT INTO Plays(GID, PID) VALUES (1446, 295);
INSERT INTO Plays(GID, PID) VALUES (726, 504);
INSERT INTO Plays(GID, PID) VALUES (1159, 505);
INSERT INTO Plays(GID, PID) VALUES (1387, 383);
INSERT INTO Plays(GID, PID) VALUES (1232, 386);
INSERT INTO Plays(GID, PID) VALUES (1205, 516);
INSERT INTO Plays(GID, PID) VALUES (675, 522);
INSERT INTO Plays(GID, PID) VALUES (1456, 501);
INSERT INTO Plays(GID, PID) VALUES (1456, 159);
INSERT INTO Plays(GID, PID) VALUES (1096, 400);
INSERT INTO Plays(GID, PID) VALUES (987, 128);
INSERT INTO Plays(GID, PID) VALUES (412, 323);
INSERT INTO Plays(GID, PID) VALUES (1268, 381);
INSERT INTO Plays(GID, PID) VALUES (778, 404);
INSERT INTO Plays(GID, PID) VALUES (902, 271);
INSERT INTO Plays(GID, PID) VALUES (1111, 177);
INSERT INTO Plays(GID, PID) VALUES (1480, 289);
INSERT INTO Plays(GID, PID) VALUES (575, 479);
INSERT INTO Plays(GID, PID) VALUES (789, 407);
INSERT INTO Plays(GID, PID) VALUES (391, 543);
INSERT INTO Plays(GID, PID) VALUES (1425, 528);
INSERT INTO Plays(GID, PID) VALUES (1402, 458);
INSERT INTO Plays(GID, PID) VALUES (1124, 170);
INSERT INTO Plays(GID, PID) VALUES (646, 488);
INSERT INTO Plays(GID, PID) VALUES (888, 382);
INSERT INTO Plays(GID, PID) VALUES (1116, 460);
INSERT INTO Plays(GID, PID) VALUES (397, 480);
INSERT INTO Plays(GID, PID) VALUES (781, 430);
INSERT INTO Plays(GID, PID) VALUES (636, 480);
INSERT INTO Plays(GID, PID) VALUES (256, 398);
INSERT INTO Plays(GID, PID) VALUES (1207, 399);
INSERT INTO Plays(GID, PID) VALUES (1364, 412);
INSERT INTO Plays(GID, PID) VALUES (892, 425);
INSERT INTO Plays(GID, PID) VALUES (627, 535);
INSERT INTO Plays(GID, PID) VALUES (1478, 430);
INSERT INTO Plays(GID, PID) VALUES (1138, 267);
INSERT INTO Plays(GID, PID) VALUES (1466, 505);
INSERT INTO Plays(GID, PID) VALUES (1474, 361);
INSERT INTO Plays(GID, PID) VALUES (745, 387);
INSERT INTO Plays(GID, PID) VALUES (81, 206);
INSERT INTO Plays(GID, PID) VALUES (1395, 419);
INSERT INTO Plays(GID, PID) VALUES (919, 404);
INSERT INTO Plays(GID, PID) VALUES (636, 524);
INSERT INTO Plays(GID, PID) VALUES (1267, 436);
INSERT INTO Plays(GID, PID) VALUES (638, 325);
INSERT INTO Plays(GID, PID) VALUES (1424, 467);
INSERT INTO Plays(GID, PID) VALUES (841, 493);
INSERT INTO Plays(GID, PID) VALUES (1247, 443);
INSERT INTO Plays(GID, PID) VALUES (812, 424);
INSERT INTO Plays(GID, PID) VALUES (1387, 439);
INSERT INTO Plays(GID, PID) VALUES (1079, 505);
INSERT INTO Plays(GID, PID) VALUES (830, 486);
INSERT INTO Plays(GID, PID) VALUES (835, 374);
INSERT INTO Plays(GID, PID) VALUES (1184, 403);
INSERT INTO Plays(GID, PID) VALUES (571, 303);
INSERT INTO Plays(GID, PID) VALUES (1399, 376);
INSERT INTO Plays(GID, PID) VALUES (963, 391);
INSERT INTO Plays(GID, PID) VALUES (600, 113);
INSERT INTO Plays(GID, PID) VALUES (953, 187);
INSERT INTO Plays(GID, PID) VALUES (1393, 316);
INSERT INTO Plays(GID, PID) VALUES (607, 297);
INSERT INTO Plays(GID, PID) VALUES (195, 224);
INSERT INTO Plays(GID, PID) VALUES (1374, 420);
INSERT INTO Plays(GID, PID) VALUES (685, 456);
INSERT INTO Plays(GID, PID) VALUES (898, 192);
INSERT INTO Plays(GID, PID) VALUES (1496, 130);
INSERT INTO Plays(GID, PID) VALUES (1393, 507);
INSERT INTO Plays(GID, PID) VALUES (885, 294);
INSERT INTO Plays(GID, PID) VALUES (1381, 221);
INSERT INTO Plays(GID, PID) VALUES (1040, 534);
INSERT INTO Plays(GID, PID) VALUES (1004, 540);
INSERT INTO Plays(GID, PID) VALUES (1068, 318);
INSERT INTO Plays(GID, PID) VALUES (935, 503);
INSERT INTO Plays(GID, PID) VALUES (1485, 443);
INSERT INTO Plays(GID, PID) VALUES (80, 482);
INSERT INTO Plays(GID, PID) VALUES (441, 495);
INSERT INTO Plays(GID, PID) VALUES (37, 221);
INSERT INTO Plays(GID, PID) VALUES (1315, 174);
INSERT INTO Plays(GID, PID) VALUES (1352, 496);
INSERT INTO Plays(GID, PID) VALUES (1474, 536);
INSERT INTO Plays(GID, PID) VALUES (255, 220);
INSERT INTO Plays(GID, PID) VALUES (281, 529);
INSERT INTO Plays(GID, PID) VALUES (740, 512);
INSERT INTO Plays(GID, PID) VALUES (345, 335);
INSERT INTO Plays(GID, PID) VALUES (886, 158);
INSERT INTO Plays(GID, PID) VALUES (405, 396);
INSERT INTO Plays(GID, PID) VALUES (1406, 484);
INSERT INTO Plays(GID, PID) VALUES (1211, 413);
INSERT INTO Plays(GID, PID) VALUES (738, 276);
INSERT INTO Plays(GID, PID) VALUES (326, 428);
INSERT INTO Plays(GID, PID) VALUES (1012, 268);
INSERT INTO Plays(GID, PID) VALUES (962, 198);
INSERT INTO Plays(GID, PID) VALUES (730, 366);
INSERT INTO Plays(GID, PID) VALUES (807, 226);
INSERT INTO Plays(GID, PID) VALUES (572, 112);
INSERT INTO Plays(GID, PID) VALUES (684, 270);
INSERT INTO Plays(GID, PID) VALUES (667, 226);
INSERT INTO Plays(GID, PID) VALUES (368, 267);
INSERT INTO Plays(GID, PID) VALUES (1187, 360);
INSERT INTO Plays(GID, PID) VALUES (1089, 182);
INSERT INTO Plays(GID, PID) VALUES (1207, 535);
INSERT INTO Plays(GID, PID) VALUES (1314, 420);
INSERT INTO Plays(GID, PID) VALUES (627, 390);
INSERT INTO Plays(GID, PID) VALUES (1325, 348);
INSERT INTO Plays(GID, PID) VALUES (272, 350);
INSERT INTO Plays(GID, PID) VALUES (1220, 493);
INSERT INTO Plays(GID, PID) VALUES (1470, 379);
INSERT INTO Plays(GID, PID) VALUES (1458, 140);
INSERT INTO Plays(GID, PID) VALUES (737, 237);
INSERT INTO Plays(GID, PID) VALUES (727, 258);
INSERT INTO Plays(GID, PID) VALUES (1036, 337);
INSERT INTO Plays(GID, PID) VALUES (1124, 360);
INSERT INTO Plays(GID, PID) VALUES (1242, 445);
INSERT INTO Plays(GID, PID) VALUES (499, 427);
INSERT INTO Plays(GID, PID) VALUES (1286, 300);
INSERT INTO Plays(GID, PID) VALUES (789, 433);
INSERT INTO Plays(GID, PID) VALUES (724, 332);
INSERT INTO Plays(GID, PID) VALUES (1420, 106);
INSERT INTO Plays(GID, PID) VALUES (1008, 346);
INSERT INTO Plays(GID, PID) VALUES (1362, 443);
INSERT INTO Plays(GID, PID) VALUES (1051, 377);
INSERT INTO Plays(GID, PID) VALUES (1480, 375);
INSERT INTO Plays(GID, PID) VALUES (1110, 362);
INSERT INTO Plays(GID, PID) VALUES (1198, 517);
INSERT INTO Plays(GID, PID) VALUES (548, 481);
INSERT INTO Plays(GID, PID) VALUES (618, 506);
INSERT INTO Plays(GID, PID) VALUES (835, 423);
INSERT INTO Plays(GID, PID) VALUES (794, 463);
INSERT INTO Plays(GID, PID) VALUES (884, 541);
INSERT INTO Plays(GID, PID) VALUES (817, 339);
INSERT INTO Plays(GID, PID) VALUES (231, 150);
INSERT INTO Plays(GID, PID) VALUES (1009, 410);
INSERT INTO Plays(GID, PID) VALUES (1174, 274);
INSERT INTO Plays(GID, PID) VALUES (1223, 317);
INSERT INTO Plays(GID, PID) VALUES (119, 131);
INSERT INTO Plays(GID, PID) VALUES (1106, 377);
INSERT INTO Plays(GID, PID) VALUES (1473, 382);
INSERT INTO Plays(GID, PID) VALUES (1457, 387);
INSERT INTO Plays(GID, PID) VALUES (968, 385);
INSERT INTO Plays(GID, PID) VALUES (807, 411);
INSERT INTO Plays(GID, PID) VALUES (997, 402);
INSERT INTO Plays(GID, PID) VALUES (590, 367);
INSERT INTO Plays(GID, PID) VALUES (644, 470);
INSERT INTO Plays(GID, PID) VALUES (1292, 357);
INSERT INTO Plays(GID, PID) VALUES (1364, 395);
INSERT INTO Plays(GID, PID) VALUES (1170, 97);
INSERT INTO Plays(GID, PID) VALUES (1168, 500);
INSERT INTO Plays(GID, PID) VALUES (478, 127);
INSERT INTO Plays(GID, PID) VALUES (947, 250);
INSERT INTO Plays(GID, PID) VALUES (781, 474);
INSERT INTO Plays(GID, PID) VALUES (742, 345);
INSERT INTO Plays(GID, PID) VALUES (1425, 489);
INSERT INTO Plays(GID, PID) VALUES (848, 244);
INSERT INTO Plays(GID, PID) VALUES (1263, 496);
INSERT INTO Plays(GID, PID) VALUES (957, 465);
INSERT INTO Plays(GID, PID) VALUES (1008, 499);
INSERT INTO Plays(GID, PID) VALUES (1156, 357);
INSERT INTO Plays(GID, PID) VALUES (1399, 432);
INSERT INTO Plays(GID, PID) VALUES (604, 311);
INSERT INTO Plays(GID, PID) VALUES (903, 450);
INSERT INTO Plays(GID, PID) VALUES (1097, 476);
INSERT INTO Plays(GID, PID) VALUES (1364, 533);
INSERT INTO Plays(GID, PID) VALUES (629, 432);
INSERT INTO Plays(GID, PID) VALUES (946, 253);
INSERT INTO Plays(GID, PID) VALUES (1185, 362);
INSERT INTO Plays(GID, PID) VALUES (760, 434);
INSERT INTO Plays(GID, PID) VALUES (1379, 391);
INSERT INTO Plays(GID, PID) VALUES (891, 411);
INSERT INTO Plays(GID, PID) VALUES (830, 401);
INSERT INTO Plays(GID, PID) VALUES (1103, 472);
INSERT INTO Plays(GID, PID) VALUES (1165, 415);
INSERT INTO Plays(GID, PID) VALUES (184, 540);
INSERT INTO Plays(GID, PID) VALUES (1184, 237);
INSERT INTO Plays(GID, PID) VALUES (1084, 510);
INSERT INTO Plays(GID, PID) VALUES (1133, 480);
INSERT INTO Plays(GID, PID) VALUES (1113, 510);
INSERT INTO Plays(GID, PID) VALUES (1381, 171);
INSERT INTO Plays(GID, PID) VALUES (1287, 330);
INSERT INTO Plays(GID, PID) VALUES (1153, 73);
INSERT INTO Plays(GID, PID) VALUES (1024, 194);
INSERT INTO Plays(GID, PID) VALUES (1317, 247);
INSERT INTO Plays(GID, PID) VALUES (1281, 461);
INSERT INTO Plays(GID, PID) VALUES (812, 423);
INSERT INTO Plays(GID, PID) VALUES (586, 149);
INSERT INTO Plays(GID, PID) VALUES (1372, 419);
INSERT INTO Plays(GID, PID) VALUES (636, 451);
INSERT INTO Plays(GID, PID) VALUES (1238, 357);
INSERT INTO Plays(GID, PID) VALUES (1187, 239);
INSERT INTO Plays(GID, PID) VALUES (408, 296);
INSERT INTO Plays(GID, PID) VALUES (419, 204);
INSERT INTO Plays(GID, PID) VALUES (217, 435);
INSERT INTO Plays(GID, PID) VALUES (1294, 430);
INSERT INTO Plays(GID, PID) VALUES (1501, 505);
INSERT INTO Plays(GID, PID) VALUES (1413, 373);
INSERT INTO Plays(GID, PID) VALUES (1337, 319);
INSERT INTO Plays(GID, PID) VALUES (378, 329);
INSERT INTO Plays(GID, PID) VALUES (1484, 390);
INSERT INTO Plays(GID, PID) VALUES (1156, 323);
INSERT INTO Plays(GID, PID) VALUES (1467, 192);
INSERT INTO Plays(GID, PID) VALUES (1358, 353);
INSERT INTO Plays(GID, PID) VALUES (1390, 195);
INSERT INTO Plays(GID, PID) VALUES (855, 381);
INSERT INTO Plays(GID, PID) VALUES (1336, 375);
INSERT INTO Plays(GID, PID) VALUES (1182, 342);
INSERT INTO Plays(GID, PID) VALUES (290, 506);
INSERT INTO Plays(GID, PID) VALUES (1054, 434);
INSERT INTO Plays(GID, PID) VALUES (1066, 479);
INSERT INTO Plays(GID, PID) VALUES (750, 379);
INSERT INTO Plays(GID, PID) VALUES (1284, 501);
INSERT INTO Plays(GID, PID) VALUES (696, 504);
INSERT INTO Plays(GID, PID) VALUES (919, 484);
INSERT INTO Plays(GID, PID) VALUES (575, 235);
INSERT INTO Plays(GID, PID) VALUES (839, 534);
INSERT INTO Plays(GID, PID) VALUES (935, 168);
INSERT INTO Plays(GID, PID) VALUES (714, 193);
INSERT INTO Plays(GID, PID) VALUES (1182, 266);
INSERT INTO Plays(GID, PID) VALUES (1272, 402);
INSERT INTO Plays(GID, PID) VALUES (1462, 346);
INSERT INTO Plays(GID, PID) VALUES (784, 313);
INSERT INTO Plays(GID, PID) VALUES (1482, 539);
INSERT INTO Plays(GID, PID) VALUES (1311, 475);
INSERT INTO Plays(GID, PID) VALUES (750, 373);
INSERT INTO Plays(GID, PID) VALUES (1392, 47);
INSERT INTO Plays(GID, PID) VALUES (1392, 306);
INSERT INTO Plays(GID, PID) VALUES (631, 415);
INSERT INTO Plays(GID, PID) VALUES (922, 143);
INSERT INTO Plays(GID, PID) VALUES (762, 403);
INSERT INTO Plays(GID, PID) VALUES (1078, 393);
INSERT INTO Plays(GID, PID) VALUES (1253, 516);
INSERT INTO Plays(GID, PID) VALUES (562, 499);
INSERT INTO Plays(GID, PID) VALUES (942, 303);
INSERT INTO Plays(GID, PID) VALUES (1274, 503);
INSERT INTO Plays(GID, PID) VALUES (651, 315);
INSERT INTO Plays(GID, PID) VALUES (850, 541);
INSERT INTO Plays(GID, PID) VALUES (1305, 215);
INSERT INTO Plays(GID, PID) VALUES (1194, 152);
INSERT INTO Plays(GID, PID) VALUES (440, 17);
INSERT INTO Plays(GID, PID) VALUES (849, 378);
INSERT INTO Plays(GID, PID) VALUES (396, 527);
INSERT INTO Plays(GID, PID) VALUES (161, 382);
INSERT INTO Plays(GID, PID) VALUES (316, 362);
INSERT INTO Plays(GID, PID) VALUES (1480, 281);
INSERT INTO Plays(GID, PID) VALUES (1376, 406);
INSERT INTO Plays(GID, PID) VALUES (1018, 416);
INSERT INTO Plays(GID, PID) VALUES (987, 396);
INSERT INTO Plays(GID, PID) VALUES (1380, 420);
INSERT INTO Plays(GID, PID) VALUES (1012, 493);
INSERT INTO Plays(GID, PID) VALUES (601, 406);
INSERT INTO Plays(GID, PID) VALUES (1114, 435);
INSERT INTO Plays(GID, PID) VALUES (1344, 376);
INSERT INTO Plays(GID, PID) VALUES (1123, 298);
INSERT INTO Plays(GID, PID) VALUES (826, 355);
INSERT INTO Plays(GID, PID) VALUES (1437, 436);
INSERT INTO Plays(GID, PID) VALUES (1150, 428);
INSERT INTO Plays(GID, PID) VALUES (510, 539);
INSERT INTO Plays(GID, PID) VALUES (983, 419);
INSERT INTO Plays(GID, PID) VALUES (1398, 217);
INSERT INTO Plays(GID, PID) VALUES (1274, 341);
INSERT INTO Plays(GID, PID) VALUES (1490, 455);
INSERT INTO Plays(GID, PID) VALUES (721, 228);
INSERT INTO Plays(GID, PID) VALUES (1323, 348);
INSERT INTO Plays(GID, PID) VALUES (726, 146);
INSERT INTO Plays(GID, PID) VALUES (1196, 259);
INSERT INTO Plays(GID, PID) VALUES (1401, 340);
INSERT INTO Plays(GID, PID) VALUES (1405, 231);
INSERT INTO Plays(GID, PID) VALUES (1044, 443);
INSERT INTO Plays(GID, PID) VALUES (457, 356);
INSERT INTO Plays(GID, PID) VALUES (402, 481);
INSERT INTO Plays(GID, PID) VALUES (955, 37);
INSERT INTO Plays(GID, PID) VALUES (1494, 440);
INSERT INTO Plays(GID, PID) VALUES (754, 391);
INSERT INTO Plays(GID, PID) VALUES (1239, 349);
INSERT INTO Plays(GID, PID) VALUES (1352, 184);
INSERT INTO Plays(GID, PID) VALUES (1358, 342);
INSERT INTO Plays(GID, PID) VALUES (1137, 483);
INSERT INTO Plays(GID, PID) VALUES (671, 115);
INSERT INTO Plays(GID, PID) VALUES (515, 319);
INSERT INTO Plays(GID, PID) VALUES (1138, 357);
INSERT INTO Plays(GID, PID) VALUES (1367, 470);
INSERT INTO Plays(GID, PID) VALUES (1450, 360);
INSERT INTO Plays(GID, PID) VALUES (485, 454);
INSERT INTO Plays(GID, PID) VALUES (532, 348);
INSERT INTO Plays(GID, PID) VALUES (662, 241);
INSERT INTO Plays(GID, PID) VALUES (675, 241);
INSERT INTO Plays(GID, PID) VALUES (1389, 420);
INSERT INTO Plays(GID, PID) VALUES (511, 235);
INSERT INTO Plays(GID, PID) VALUES (1167, 175);
INSERT INTO Plays(GID, PID) VALUES (703, 484);
INSERT INTO Plays(GID, PID) VALUES (653, 348);
INSERT INTO Plays(GID, PID) VALUES (669, 99);
INSERT INTO Plays(GID, PID) VALUES (422, 474);
INSERT INTO Plays(GID, PID) VALUES (487, 342);
INSERT INTO Plays(GID, PID) VALUES (1370, 240);
INSERT INTO Plays(GID, PID) VALUES (1462, 447);
INSERT INTO Plays(GID, PID) VALUES (513, 440);
INSERT INTO Plays(GID, PID) VALUES (892, 508);
INSERT INTO Plays(GID, PID) VALUES (802, 255);
INSERT INTO Plays(GID, PID) VALUES (971, 375);
INSERT INTO Plays(GID, PID) VALUES (1235, 376);
INSERT INTO Plays(GID, PID) VALUES (412, 427);
INSERT INTO Plays(GID, PID) VALUES (1350, 394);
INSERT INTO Plays(GID, PID) VALUES (1194, 237);
INSERT INTO Plays(GID, PID) VALUES (1492, 347);
INSERT INTO Plays(GID, PID) VALUES (1360, 501);
INSERT INTO Plays(GID, PID) VALUES (1413, 226);
INSERT INTO Plays(GID, PID) VALUES (1453, 66);
INSERT INTO Plays(GID, PID) VALUES (966, 533);
INSERT INTO Plays(GID, PID) VALUES (596, 105);
INSERT INTO Plays(GID, PID) VALUES (1272, 267);
INSERT INTO Plays(GID, PID) VALUES (1425, 173);
INSERT INTO Plays(GID, PID) VALUES (1486, 495);
INSERT INTO Plays(GID, PID) VALUES (341, 270);
INSERT INTO Plays(GID, PID) VALUES (1281, 277);
INSERT INTO Plays(GID, PID) VALUES (1293, 372);
INSERT INTO Plays(GID, PID) VALUES (442, 343);
INSERT INTO Plays(GID, PID) VALUES (1446, 490);
INSERT INTO Plays(GID, PID) VALUES (105, 513);
INSERT INTO Plays(GID, PID) VALUES (954, 540);
INSERT INTO Plays(GID, PID) VALUES (605, 185);
INSERT INTO Plays(GID, PID) VALUES (545, 290);
INSERT INTO Plays(GID, PID) VALUES (746, 167);
INSERT INTO Plays(GID, PID) VALUES (546, 401);
INSERT INTO Plays(GID, PID) VALUES (1333, 345);
INSERT INTO Plays(GID, PID) VALUES (1069, 500);
INSERT INTO Plays(GID, PID) VALUES (1239, 449);
INSERT INTO Plays(GID, PID) VALUES (1451, 377);
INSERT INTO Plays(GID, PID) VALUES (1296, 464);
INSERT INTO Plays(GID, PID) VALUES (669, 440);
INSERT INTO Plays(GID, PID) VALUES (347, 377);
INSERT INTO Plays(GID, PID) VALUES (816, 290);
INSERT INTO Plays(GID, PID) VALUES (632, 537);
INSERT INTO Plays(GID, PID) VALUES (1097, 297);
INSERT INTO Plays(GID, PID) VALUES (808, 375);
INSERT INTO Plays(GID, PID) VALUES (1158, 525);
INSERT INTO Plays(GID, PID) VALUES (703, 364);
INSERT INTO Plays(GID, PID) VALUES (1110, 462);
INSERT INTO Plays(GID, PID) VALUES (778, 370);
INSERT INTO Plays(GID, PID) VALUES (1401, 447);
INSERT INTO Plays(GID, PID) VALUES (1088, 125);
INSERT INTO Plays(GID, PID) VALUES (1290, 331);
INSERT INTO Plays(GID, PID) VALUES (1389, 243);
INSERT INTO Plays(GID, PID) VALUES (1451, 443);
INSERT INTO Plays(GID, PID) VALUES (851, 419);
INSERT INTO Plays(GID, PID) VALUES (412, 194);
INSERT INTO Plays(GID, PID) VALUES (966, 332);
INSERT INTO Plays(GID, PID) VALUES (891, 330);
INSERT INTO Plays(GID, PID) VALUES (1231, 417);
INSERT INTO Plays(GID, PID) VALUES (385, 510);
INSERT INTO Plays(GID, PID) VALUES (1359, 532);
INSERT INTO Plays(GID, PID) VALUES (961, 441);
INSERT INTO Plays(GID, PID) VALUES (930, 101);
INSERT INTO Plays(GID, PID) VALUES (1063, 530);
INSERT INTO Plays(GID, PID) VALUES (1193, 438);
INSERT INTO Plays(GID, PID) VALUES (1261, 329);
INSERT INTO Plays(GID, PID) VALUES (1293, 211);
INSERT INTO Plays(GID, PID) VALUES (893, 359);
INSERT INTO Plays(GID, PID) VALUES (483, 418);
INSERT INTO Plays(GID, PID) VALUES (648, 289);
INSERT INTO Plays(GID, PID) VALUES (965, 353);
INSERT INTO Plays(GID, PID) VALUES (1343, 277);
INSERT INTO Plays(GID, PID) VALUES (1194, 493);
INSERT INTO Plays(GID, PID) VALUES (967, 208);
INSERT INTO Plays(GID, PID) VALUES (259, 297);
INSERT INTO Plays(GID, PID) VALUES (763, 376);
INSERT INTO Plays(GID, PID) VALUES (558, 500);
INSERT INTO Plays(GID, PID) VALUES (1412, 443);
INSERT INTO Plays(GID, PID) VALUES (1182, 392);
INSERT INTO Plays(GID, PID) VALUES (619, 335);
INSERT INTO Plays(GID, PID) VALUES (1299, 269);
INSERT INTO Plays(GID, PID) VALUES (948, 508);
INSERT INTO Plays(GID, PID) VALUES (838, 378);
INSERT INTO Plays(GID, PID) VALUES (411, 471);
INSERT INTO Plays(GID, PID) VALUES (273, 349);
INSERT INTO Plays(GID, PID) VALUES (1376, 277);
INSERT INTO Plays(GID, PID) VALUES (1086, 362);
INSERT INTO Plays(GID, PID) VALUES (779, 432);
INSERT INTO Plays(GID, PID) VALUES (1329, 211);
INSERT INTO Plays(GID, PID) VALUES (1010, 449);
INSERT INTO Plays(GID, PID) VALUES (604, 489);
INSERT INTO Plays(GID, PID) VALUES (1219, 457);
INSERT INTO Plays(GID, PID) VALUES (918, 297);
INSERT INTO Plays(GID, PID) VALUES (1361, 398);
INSERT INTO Plays(GID, PID) VALUES (1440, 541);
INSERT INTO Plays(GID, PID) VALUES (730, 540);
INSERT INTO Plays(GID, PID) VALUES (1396, 442);
INSERT INTO Plays(GID, PID) VALUES (573, 432);
INSERT INTO Plays(GID, PID) VALUES (931, 224);
INSERT INTO Plays(GID, PID) VALUES (1149, 255);
INSERT INTO Plays(GID, PID) VALUES (1043, 351);
INSERT INTO Plays(GID, PID) VALUES (1396, 352);
INSERT INTO Plays(GID, PID) VALUES (346, 21);
INSERT INTO Plays(GID, PID) VALUES (588, 195);
INSERT INTO Plays(GID, PID) VALUES (1355, 496);
INSERT INTO Plays(GID, PID) VALUES (1207, 422);
INSERT INTO Plays(GID, PID) VALUES (839, 536);
INSERT INTO Plays(GID, PID) VALUES (784, 297);
INSERT INTO Plays(GID, PID) VALUES (1376, 449);
INSERT INTO Plays(GID, PID) VALUES (1235, 163);
INSERT INTO Plays(GID, PID) VALUES (421, 472);
INSERT INTO Plays(GID, PID) VALUES (969, 518);
INSERT INTO Plays(GID, PID) VALUES (1108, 527);
INSERT INTO Plays(GID, PID) VALUES (498, 407);
INSERT INTO Plays(GID, PID) VALUES (1329, 523);
INSERT INTO Plays(GID, PID) VALUES (879, 453);
INSERT INTO Plays(GID, PID) VALUES (507, 277);
INSERT INTO Plays(GID, PID) VALUES (770, 244);
INSERT INTO Plays(GID, PID) VALUES (867, 222);
INSERT INTO Plays(GID, PID) VALUES (34, 350);
INSERT INTO Plays(GID, PID) VALUES (204, 205);
INSERT INTO Plays(GID, PID) VALUES (512, 436);
INSERT INTO Plays(GID, PID) VALUES (1462, 312);
INSERT INTO Plays(GID, PID) VALUES (172, 338);
INSERT INTO Plays(GID, PID) VALUES (1039, 480);
INSERT INTO Plays(GID, PID) VALUES (1099, 450);
INSERT INTO Plays(GID, PID) VALUES (1161, 405);
INSERT INTO Plays(GID, PID) VALUES (1058, 529);
INSERT INTO Plays(GID, PID) VALUES (1073, 201);
INSERT INTO Plays(GID, PID) VALUES (378, 423);
INSERT INTO Plays(GID, PID) VALUES (822, 292);
INSERT INTO Plays(GID, PID) VALUES (1116, 346);
INSERT INTO Plays(GID, PID) VALUES (1173, 349);
INSERT INTO Plays(GID, PID) VALUES (1145, 490);
INSERT INTO Plays(GID, PID) VALUES (718, 527);
INSERT INTO Plays(GID, PID) VALUES (433, 414);
INSERT INTO Plays(GID, PID) VALUES (712, 269);
INSERT INTO Plays(GID, PID) VALUES (1142, 242);
INSERT INTO Plays(GID, PID) VALUES (1151, 223);
INSERT INTO Plays(GID, PID) VALUES (1466, 417);
INSERT INTO Plays(GID, PID) VALUES (790, 136);
INSERT INTO Plays(GID, PID) VALUES (1184, 378);
INSERT INTO Plays(GID, PID) VALUES (990, 507);
INSERT INTO Plays(GID, PID) VALUES (143, 183);
INSERT INTO Plays(GID, PID) VALUES (1276, 527);
INSERT INTO Plays(GID, PID) VALUES (723, 146);
INSERT INTO Plays(GID, PID) VALUES (1039, 71);
INSERT INTO Plays(GID, PID) VALUES (986, 480);
INSERT INTO Plays(GID, PID) VALUES (1160, 158);
INSERT INTO Plays(GID, PID) VALUES (237, 52);
INSERT INTO Plays(GID, PID) VALUES (1155, 493);
INSERT INTO Plays(GID, PID) VALUES (393, 178);
INSERT INTO Plays(GID, PID) VALUES (833, 490);
INSERT INTO Plays(GID, PID) VALUES (1491, 436);
INSERT INTO Plays(GID, PID) VALUES (726, 513);
INSERT INTO Plays(GID, PID) VALUES (1471, 525);
INSERT INTO Plays(GID, PID) VALUES (971, 387);
INSERT INTO Plays(GID, PID) VALUES (927, 412);
INSERT INTO Plays(GID, PID) VALUES (1248, 501);
INSERT INTO Plays(GID, PID) VALUES (1338, 339);
INSERT INTO Plays(GID, PID) VALUES (1022, 347);
INSERT INTO Plays(GID, PID) VALUES (980, 81);
INSERT INTO Plays(GID, PID) VALUES (1349, 527);
INSERT INTO Plays(GID, PID) VALUES (232, 502);
INSERT INTO Plays(GID, PID) VALUES (1399, 343);
INSERT INTO Plays(GID, PID) VALUES (706, 120);
INSERT INTO Plays(GID, PID) VALUES (595, 366);
INSERT INTO Plays(GID, PID) VALUES (778, 292);
INSERT INTO Plays(GID, PID) VALUES (1453, 370);
INSERT INTO Plays(GID, PID) VALUES (897, 272);
INSERT INTO Plays(GID, PID) VALUES (642, 221);
INSERT INTO Plays(GID, PID) VALUES (1235, 303);
INSERT INTO Plays(GID, PID) VALUES (1416, 420);
INSERT INTO Plays(GID, PID) VALUES (1007, 126);
INSERT INTO Plays(GID, PID) VALUES (1001, 412);
INSERT INTO Plays(GID, PID) VALUES (1490, 266);
INSERT INTO Plays(GID, PID) VALUES (1382, 346);
INSERT INTO Plays(GID, PID) VALUES (768, 139);
INSERT INTO Plays(GID, PID) VALUES (1025, 506);
INSERT INTO Plays(GID, PID) VALUES (1440, 192);
INSERT INTO Plays(GID, PID) VALUES (1144, 449);
INSERT INTO Plays(GID, PID) VALUES (1484, 146);
INSERT INTO Plays(GID, PID) VALUES (1101, 500);
INSERT INTO Plays(GID, PID) VALUES (466, 517);
INSERT INTO Plays(GID, PID) VALUES (400, 513);
INSERT INTO Plays(GID, PID) VALUES (675, 287);
INSERT INTO Plays(GID, PID) VALUES (1409, 469);
INSERT INTO Plays(GID, PID) VALUES (1223, 310);
INSERT INTO Plays(GID, PID) VALUES (1130, 267);
INSERT INTO Plays(GID, PID) VALUES (576, 435);
INSERT INTO Plays(GID, PID) VALUES (326, 494);
INSERT INTO Plays(GID, PID) VALUES (1421, 541);
INSERT INTO Plays(GID, PID) VALUES (1393, 301);
INSERT INTO Plays(GID, PID) VALUES (989, 324);
INSERT INTO Plays(GID, PID) VALUES (301, 478);
INSERT INTO Plays(GID, PID) VALUES (1384, 56);
INSERT INTO Plays(GID, PID) VALUES (1392, 61);
INSERT INTO Plays(GID, PID) VALUES (1441, 335);
INSERT INTO Plays(GID, PID) VALUES (784, 530);
INSERT INTO Plays(GID, PID) VALUES (723, 540);
INSERT INTO Plays(GID, PID) VALUES (1289, 374);
INSERT INTO Plays(GID, PID) VALUES (1126, 179);
INSERT INTO Plays(GID, PID) VALUES (991, 397);
INSERT INTO Plays(GID, PID) VALUES (1325, 255);
INSERT INTO Plays(GID, PID) VALUES (1397, 543);
INSERT INTO Plays(GID, PID) VALUES (1367, 522);
INSERT INTO Plays(GID, PID) VALUES (1437, 518);
INSERT INTO Plays(GID, PID) VALUES (701, 460);
INSERT INTO Plays(GID, PID) VALUES (407, 477);
INSERT INTO Plays(GID, PID) VALUES (1109, 438);
INSERT INTO Plays(GID, PID) VALUES (1222, 183);
INSERT INTO Plays(GID, PID) VALUES (534, 339);
INSERT INTO Plays(GID, PID) VALUES (1320, 391);
INSERT INTO Plays(GID, PID) VALUES (1031, 113);
INSERT INTO Plays(GID, PID) VALUES (271, 111);
INSERT INTO Plays(GID, PID) VALUES (1080, 455);
INSERT INTO Plays(GID, PID) VALUES (1353, 476);
INSERT INTO Plays(GID, PID) VALUES (823, 149);
INSERT INTO Plays(GID, PID) VALUES (819, 268);
INSERT INTO Plays(GID, PID) VALUES (739, 148);
INSERT INTO Plays(GID, PID) VALUES (1502, 217);
INSERT INTO Plays(GID, PID) VALUES (394, 140);
INSERT INTO Plays(GID, PID) VALUES (1332, 518);
INSERT INTO Plays(GID, PID) VALUES (1240, 290);
INSERT INTO Plays(GID, PID) VALUES (1455, 503);
INSERT INTO Plays(GID, PID) VALUES (1482, 256);
INSERT INTO Plays(GID, PID) VALUES (1176, 419);
INSERT INTO Plays(GID, PID) VALUES (505, 168);
INSERT INTO Plays(GID, PID) VALUES (563, 335);
INSERT INTO Plays(GID, PID) VALUES (978, 415);
INSERT INTO Plays(GID, PID) VALUES (800, 226);
INSERT INTO Plays(GID, PID) VALUES (1458, 527);
INSERT INTO Plays(GID, PID) VALUES (179, 164);
INSERT INTO Plays(GID, PID) VALUES (870, 265);
INSERT INTO Plays(GID, PID) VALUES (841, 303);
INSERT INTO Plays(GID, PID) VALUES (1032, 412);
INSERT INTO Plays(GID, PID) VALUES (1206, 302);
INSERT INTO Plays(GID, PID) VALUES (705, 399);
INSERT INTO Plays(GID, PID) VALUES (1367, 355);
INSERT INTO Plays(GID, PID) VALUES (801, 515);
INSERT INTO Plays(GID, PID) VALUES (524, 474);
INSERT INTO Plays(GID, PID) VALUES (898, 274);
INSERT INTO Plays(GID, PID) VALUES (890, 465);
INSERT INTO Plays(GID, PID) VALUES (508, 372);
INSERT INTO Plays(GID, PID) VALUES (341, 380);
INSERT INTO Plays(GID, PID) VALUES (1225, 398);
INSERT INTO Plays(GID, PID) VALUES (1038, 314);
INSERT INTO Plays(GID, PID) VALUES (1379, 380);
INSERT INTO Plays(GID, PID) VALUES (1347, 474);
INSERT INTO Plays(GID, PID) VALUES (873, 212);
INSERT INTO Plays(GID, PID) VALUES (1023, 283);
INSERT INTO Plays(GID, PID) VALUES (1355, 538);
INSERT INTO Plays(GID, PID) VALUES (959, 449);
INSERT INTO Plays(GID, PID) VALUES (1147, 433);
INSERT INTO Plays(GID, PID) VALUES (947, 451);
INSERT INTO Plays(GID, PID) VALUES (1461, 456);
INSERT INTO Plays(GID, PID) VALUES (993, 472);
INSERT INTO Plays(GID, PID) VALUES (709, 294);
INSERT INTO Plays(GID, PID) VALUES (1332, 403);
INSERT INTO Plays(GID, PID) VALUES (444, 284);
INSERT INTO Plays(GID, PID) VALUES (1173, 363);
INSERT INTO Plays(GID, PID) VALUES (333, 408);
INSERT INTO Plays(GID, PID) VALUES (347, 100);
INSERT INTO Plays(GID, PID) VALUES (1341, 513);
INSERT INTO Plays(GID, PID) VALUES (309, 502);
INSERT INTO Plays(GID, PID) VALUES (533, 197);
INSERT INTO Plays(GID, PID) VALUES (503, 386);
INSERT INTO Plays(GID, PID) VALUES (651, 526);
INSERT INTO Plays(GID, PID) VALUES (1138, 391);
INSERT INTO Plays(GID, PID) VALUES (686, 476);
INSERT INTO Plays(GID, PID) VALUES (1033, 535);
INSERT INTO Plays(GID, PID) VALUES (1278, 211);
INSERT INTO Plays(GID, PID) VALUES (1003, 518);
INSERT INTO Plays(GID, PID) VALUES (1017, 528);
INSERT INTO Plays(GID, PID) VALUES (702, 260);
INSERT INTO Plays(GID, PID) VALUES (1237, 401);
INSERT INTO Plays(GID, PID) VALUES (493, 494);
INSERT INTO Plays(GID, PID) VALUES (1395, 463);
INSERT INTO Plays(GID, PID) VALUES (1179, 218);
INSERT INTO Plays(GID, PID) VALUES (185, 440);
INSERT INTO Plays(GID, PID) VALUES (1335, 440);
INSERT INTO Plays(GID, PID) VALUES (605, 204);
INSERT INTO Plays(GID, PID) VALUES (418, 515);
INSERT INTO Plays(GID, PID) VALUES (972, 321);
INSERT INTO Plays(GID, PID) VALUES (517, 438);
INSERT INTO Plays(GID, PID) VALUES (1183, 430);
INSERT INTO Plays(GID, PID) VALUES (1326, 417);
INSERT INTO Plays(GID, PID) VALUES (1060, 317);
INSERT INTO Plays(GID, PID) VALUES (803, 256);
INSERT INTO Plays(GID, PID) VALUES (1010, 531);
INSERT INTO Plays(GID, PID) VALUES (1062, 385);
INSERT INTO Plays(GID, PID) VALUES (862, 193);
INSERT INTO Plays(GID, PID) VALUES (1389, 423);
INSERT INTO Plays(GID, PID) VALUES (1317, 236);
INSERT INTO Plays(GID, PID) VALUES (1382, 371);
INSERT INTO Plays(GID, PID) VALUES (529, 480);
INSERT INTO Plays(GID, PID) VALUES (1445, 432);
INSERT INTO Plays(GID, PID) VALUES (1095, 290);
INSERT INTO Plays(GID, PID) VALUES (1199, 2);
INSERT INTO Plays(GID, PID) VALUES (1213, 529);
INSERT INTO Plays(GID, PID) VALUES (1138, 472);
INSERT INTO Plays(GID, PID) VALUES (881, 281);
INSERT INTO Plays(GID, PID) VALUES (1174, 321);
INSERT INTO Plays(GID, PID) VALUES (1137, 498);
INSERT INTO Plays(GID, PID) VALUES (1340, 514);
INSERT INTO Plays(GID, PID) VALUES (947, 80);
INSERT INTO Plays(GID, PID) VALUES (580, 293);
INSERT INTO Plays(GID, PID) VALUES (1425, 463);
INSERT INTO Plays(GID, PID) VALUES (1438, 14);
INSERT INTO Plays(GID, PID) VALUES (1029, 443);
INSERT INTO Plays(GID, PID) VALUES (1004, 473);
INSERT INTO Plays(GID, PID) VALUES (937, 418);
INSERT INTO Plays(GID, PID) VALUES (1409, 330);
INSERT INTO Plays(GID, PID) VALUES (1399, 389);
INSERT INTO Plays(GID, PID) VALUES (775, 72);
INSERT INTO Plays(GID, PID) VALUES (804, 359);
INSERT INTO Plays(GID, PID) VALUES (1335, 424);
INSERT INTO Plays(GID, PID) VALUES (1007, 514);
INSERT INTO Plays(GID, PID) VALUES (1336, 325);
INSERT INTO Plays(GID, PID) VALUES (927, 267);
INSERT INTO Plays(GID, PID) VALUES (1098, 233);
INSERT INTO Plays(GID, PID) VALUES (1435, 395);
INSERT INTO Plays(GID, PID) VALUES (1094, 356);
INSERT INTO Plays(GID, PID) VALUES (459, 493);
INSERT INTO Plays(GID, PID) VALUES (1146, 543);
INSERT INTO Plays(GID, PID) VALUES (1154, 399);
INSERT INTO Plays(GID, PID) VALUES (1433, 535);
INSERT INTO Plays(GID, PID) VALUES (1416, 370);
INSERT INTO Plays(GID, PID) VALUES (1487, 285);
INSERT INTO Plays(GID, PID) VALUES (813, 471);
INSERT INTO Plays(GID, PID) VALUES (653, 268);
INSERT INTO Plays(GID, PID) VALUES (1388, 413);
INSERT INTO Plays(GID, PID) VALUES (1034, 537);
INSERT INTO Plays(GID, PID) VALUES (868, 297);
INSERT INTO Plays(GID, PID) VALUES (1105, 277);
INSERT INTO Plays(GID, PID) VALUES (1004, 459);
INSERT INTO Plays(GID, PID) VALUES (739, 146);
INSERT INTO Plays(GID, PID) VALUES (1066, 324);
INSERT INTO Plays(GID, PID) VALUES (635, 477);
INSERT INTO Plays(GID, PID) VALUES (1318, 419);
INSERT INTO Plays(GID, PID) VALUES (551, 473);
INSERT INTO Plays(GID, PID) VALUES (1283, 324);
INSERT INTO Plays(GID, PID) VALUES (1363, 110);
INSERT INTO Plays(GID, PID) VALUES (845, 425);
INSERT INTO Plays(GID, PID) VALUES (908, 485);
INSERT INTO Plays(GID, PID) VALUES (302, 424);
INSERT INTO Plays(GID, PID) VALUES (649, 404);
INSERT INTO Plays(GID, PID) VALUES (1093, 513);
INSERT INTO Plays(GID, PID) VALUES (656, 441);
INSERT INTO Plays(GID, PID) VALUES (1443, 504);
INSERT INTO Plays(GID, PID) VALUES (1140, 464);
INSERT INTO Plays(GID, PID) VALUES (1348, 328);
INSERT INTO Plays(GID, PID) VALUES (1277, 491);
INSERT INTO Plays(GID, PID) VALUES (1152, 300);
INSERT INTO Plays(GID, PID) VALUES (1219, 323);
INSERT INTO Plays(GID, PID) VALUES (1267, 101);
INSERT INTO Plays(GID, PID) VALUES (413, 337);
INSERT INTO Plays(GID, PID) VALUES (1502, 396);
INSERT INTO Plays(GID, PID) VALUES (861, 340);
INSERT INTO Plays(GID, PID) VALUES (1504, 326);
INSERT INTO Plays(GID, PID) VALUES (1438, 330);
INSERT INTO Plays(GID, PID) VALUES (767, 234);
INSERT INTO Plays(GID, PID) VALUES (828, 365);
INSERT INTO Plays(GID, PID) VALUES (639, 475);
INSERT INTO Plays(GID, PID) VALUES (543, 509);
INSERT INTO Plays(GID, PID) VALUES (1253, 539);
INSERT INTO Plays(GID, PID) VALUES (808, 501);
INSERT INTO Plays(GID, PID) VALUES (1302, 288);
INSERT INTO Plays(GID, PID) VALUES (1198, 236);
INSERT INTO Plays(GID, PID) VALUES (712, 346);
INSERT INTO Plays(GID, PID) VALUES (1407, 297);
INSERT INTO Plays(GID, PID) VALUES (1251, 482);
INSERT INTO Plays(GID, PID) VALUES (1136, 452);
INSERT INTO Plays(GID, PID) VALUES (1408, 135);
INSERT INTO Plays(GID, PID) VALUES (1068, 495);
INSERT INTO Plays(GID, PID) VALUES (797, 461);
INSERT INTO Plays(GID, PID) VALUES (1049, 488);
INSERT INTO Plays(GID, PID) VALUES (1245, 369);
INSERT INTO Plays(GID, PID) VALUES (1004, 427);
INSERT INTO Plays(GID, PID) VALUES (1028, 334);
INSERT INTO Plays(GID, PID) VALUES (1221, 466);
INSERT INTO Plays(GID, PID) VALUES (1446, 252);
INSERT INTO Plays(GID, PID) VALUES (1186, 294);
INSERT INTO Plays(GID, PID) VALUES (1201, 208);
INSERT INTO Plays(GID, PID) VALUES (1006, 348);
INSERT INTO Plays(GID, PID) VALUES (670, 389);
INSERT INTO Plays(GID, PID) VALUES (1271, 202);
INSERT INTO Plays(GID, PID) VALUES (1369, 320);
INSERT INTO Plays(GID, PID) VALUES (961, 290);
INSERT INTO Plays(GID, PID) VALUES (511, 456);
INSERT INTO Plays(GID, PID) VALUES (982, 519);
INSERT INTO Plays(GID, PID) VALUES (1276, 342);
INSERT INTO Plays(GID, PID) VALUES (1394, 519);
INSERT INTO Plays(GID, PID) VALUES (1094, 345);
INSERT INTO Plays(GID, PID) VALUES (1331, 299);
INSERT INTO Plays(GID, PID) VALUES (292, 542);
INSERT INTO Plays(GID, PID) VALUES (692, 361);
INSERT INTO Plays(GID, PID) VALUES (1289, 533);
INSERT INTO Plays(GID, PID) VALUES (495, 496);
INSERT INTO Plays(GID, PID) VALUES (744, 331);
INSERT INTO Plays(GID, PID) VALUES (1414, 405);
INSERT INTO Plays(GID, PID) VALUES (1253, 362);
INSERT INTO Plays(GID, PID) VALUES (1337, 420);
INSERT INTO Plays(GID, PID) VALUES (1413, 393);
INSERT INTO Plays(GID, PID) VALUES (716, 242);
INSERT INTO Plays(GID, PID) VALUES (500, 543);
INSERT INTO Plays(GID, PID) VALUES (944, 439);
INSERT INTO Plays(GID, PID) VALUES (1130, 495);
INSERT INTO Plays(GID, PID) VALUES (729, 273);
INSERT INTO Plays(GID, PID) VALUES (1121, 166);
INSERT INTO Plays(GID, PID) VALUES (448, 71);
INSERT INTO Plays(GID, PID) VALUES (1018, 419);
INSERT INTO Plays(GID, PID) VALUES (1120, 298);
INSERT INTO Plays(GID, PID) VALUES (551, 238);
INSERT INTO Plays(GID, PID) VALUES (1130, 442);
INSERT INTO Plays(GID, PID) VALUES (703, 334);
INSERT INTO Plays(GID, PID) VALUES (1364, 363);
INSERT INTO Plays(GID, PID) VALUES (317, 519);
INSERT INTO Plays(GID, PID) VALUES (992, 425);
INSERT INTO Plays(GID, PID) VALUES (1354, 523);
INSERT INTO Plays(GID, PID) VALUES (1446, 442);
INSERT INTO Plays(GID, PID) VALUES (843, 522);
INSERT INTO Plays(GID, PID) VALUES (1304, 306);
INSERT INTO Plays(GID, PID) VALUES (1136, 510);
INSERT INTO Plays(GID, PID) VALUES (1484, 540);
INSERT INTO Plays(GID, PID) VALUES (83, 193);
INSERT INTO Plays(GID, PID) VALUES (1276, 134);
INSERT INTO Plays(GID, PID) VALUES (905, 369);
INSERT INTO Plays(GID, PID) VALUES (1216, 284);
INSERT INTO Plays(GID, PID) VALUES (1457, 383);
INSERT INTO Plays(GID, PID) VALUES (1408, 253);
INSERT INTO Plays(GID, PID) VALUES (1226, 215);
INSERT INTO Plays(GID, PID) VALUES (394, 454);
INSERT INTO Plays(GID, PID) VALUES (837, 458);
INSERT INTO Plays(GID, PID) VALUES (1199, 386);
INSERT INTO Plays(GID, PID) VALUES (611, 188);
INSERT INTO Plays(GID, PID) VALUES (304, 407);
INSERT INTO Plays(GID, PID) VALUES (1410, 376);
INSERT INTO Plays(GID, PID) VALUES (901, 484);
INSERT INTO Plays(GID, PID) VALUES (1327, 364);
INSERT INTO Plays(GID, PID) VALUES (1141, 313);
INSERT INTO Plays(GID, PID) VALUES (942, 480);
INSERT INTO Plays(GID, PID) VALUES (740, 295);
INSERT INTO Plays(GID, PID) VALUES (1135, 472);
INSERT INTO Plays(GID, PID) VALUES (753, 514);
INSERT INTO Plays(GID, PID) VALUES (507, 387);
INSERT INTO Plays(GID, PID) VALUES (1225, 193);
INSERT INTO Plays(GID, PID) VALUES (1365, 479);
INSERT INTO Plays(GID, PID) VALUES (1050, 465);
INSERT INTO Plays(GID, PID) VALUES (729, 198);
INSERT INTO Plays(GID, PID) VALUES (757, 190);
INSERT INTO Plays(GID, PID) VALUES (1243, 344);
INSERT INTO Plays(GID, PID) VALUES (1411, 295);
INSERT INTO Plays(GID, PID) VALUES (442, 407);
INSERT INTO Plays(GID, PID) VALUES (147, 265);
INSERT INTO Plays(GID, PID) VALUES (1136, 505);
INSERT INTO Plays(GID, PID) VALUES (1208, 415);
INSERT INTO Plays(GID, PID) VALUES (1411, 533);
INSERT INTO Plays(GID, PID) VALUES (1274, 512);
INSERT INTO Plays(GID, PID) VALUES (1332, 364);
INSERT INTO Plays(GID, PID) VALUES (1470, 535);
INSERT INTO Plays(GID, PID) VALUES (460, 515);
INSERT INTO Plays(GID, PID) VALUES (1236, 427);
INSERT INTO Plays(GID, PID) VALUES (889, 521);
INSERT INTO Plays(GID, PID) VALUES (339, 219);
INSERT INTO Plays(GID, PID) VALUES (803, 415);
INSERT INTO Plays(GID, PID) VALUES (1493, 300);
INSERT INTO Plays(GID, PID) VALUES (1164, 535);
INSERT INTO Plays(GID, PID) VALUES (1094, 505);
INSERT INTO Plays(GID, PID) VALUES (483, 450);
INSERT INTO Plays(GID, PID) VALUES (1115, 399);
INSERT INTO Plays(GID, PID) VALUES (528, 446);
INSERT INTO Plays(GID, PID) VALUES (1199, 239);
INSERT INTO Plays(GID, PID) VALUES (429, 28);
INSERT INTO Plays(GID, PID) VALUES (1010, 322);
INSERT INTO Plays(GID, PID) VALUES (851, 505);
INSERT INTO Plays(GID, PID) VALUES (1313, 346);
INSERT INTO Plays(GID, PID) VALUES (234, 349);
INSERT INTO Plays(GID, PID) VALUES (865, 359);
INSERT INTO Plays(GID, PID) VALUES (1165, 332);
INSERT INTO Plays(GID, PID) VALUES (1473, 335);
INSERT INTO Plays(GID, PID) VALUES (1246, 511);
INSERT INTO Plays(GID, PID) VALUES (1390, 528);
INSERT INTO Plays(GID, PID) VALUES (1352, 289);
INSERT INTO Plays(GID, PID) VALUES (1481, 336);
INSERT INTO Plays(GID, PID) VALUES (1444, 519);
INSERT INTO Plays(GID, PID) VALUES (1150, 391);
INSERT INTO Plays(GID, PID) VALUES (1269, 114);
INSERT INTO Plays(GID, PID) VALUES (326, 255);
INSERT INTO Plays(GID, PID) VALUES (1138, 484);
INSERT INTO Plays(GID, PID) VALUES (1221, 383);
INSERT INTO Plays(GID, PID) VALUES (1431, 513);
INSERT INTO Plays(GID, PID) VALUES (831, 352);
INSERT INTO Plays(GID, PID) VALUES (1393, 524);
INSERT INTO Plays(GID, PID) VALUES (827, 433);
INSERT INTO Plays(GID, PID) VALUES (197, 367);
INSERT INTO Plays(GID, PID) VALUES (880, 277);
INSERT INTO Plays(GID, PID) VALUES (679, 456);
INSERT INTO Plays(GID, PID) VALUES (1495, 240);
INSERT INTO Plays(GID, PID) VALUES (1143, 57);
INSERT INTO Plays(GID, PID) VALUES (1445, 531);
INSERT INTO Plays(GID, PID) VALUES (1035, 384);
INSERT INTO Plays(GID, PID) VALUES (1108, 387);
INSERT INTO Plays(GID, PID) VALUES (1282, 234);
INSERT INTO Plays(GID, PID) VALUES (1488, 417);
INSERT INTO Plays(GID, PID) VALUES (446, 297);
INSERT INTO Plays(GID, PID) VALUES (656, 434);
INSERT INTO Plays(GID, PID) VALUES (359, 541);
INSERT INTO Plays(GID, PID) VALUES (1444, 382);
INSERT INTO Plays(GID, PID) VALUES (545, 520);
INSERT INTO Plays(GID, PID) VALUES (917, 257);
INSERT INTO Plays(GID, PID) VALUES (1047, 209);
INSERT INTO Plays(GID, PID) VALUES (1388, 459);
INSERT INTO Plays(GID, PID) VALUES (1434, 451);
INSERT INTO Plays(GID, PID) VALUES (1258, 498);
INSERT INTO Plays(GID, PID) VALUES (1341, 379);
INSERT INTO Plays(GID, PID) VALUES (1493, 428);
INSERT INTO Plays(GID, PID) VALUES (539, 281);
INSERT INTO Plays(GID, PID) VALUES (1012, 395);
INSERT INTO Plays(GID, PID) VALUES (515, 502);
INSERT INTO Plays(GID, PID) VALUES (589, 357);
INSERT INTO Plays(GID, PID) VALUES (394, 246);
INSERT INTO Plays(GID, PID) VALUES (669, 318);
INSERT INTO Plays(GID, PID) VALUES (1378, 192);
INSERT INTO Plays(GID, PID) VALUES (302, 187);
INSERT INTO Plays(GID, PID) VALUES (880, 535);
INSERT INTO Plays(GID, PID) VALUES (519, 349);
INSERT INTO Plays(GID, PID) VALUES (533, 494);
INSERT INTO Plays(GID, PID) VALUES (1079, 535);
INSERT INTO Plays(GID, PID) VALUES (1353, 101);
INSERT INTO Plays(GID, PID) VALUES (1086, 251);
INSERT INTO Plays(GID, PID) VALUES (1375, 422);
INSERT INTO Plays(GID, PID) VALUES (1403, 387);
INSERT INTO Plays(GID, PID) VALUES (277, 534);
INSERT INTO Plays(GID, PID) VALUES (1361, 309);
INSERT INTO Plays(GID, PID) VALUES (1307, 211);
INSERT INTO Plays(GID, PID) VALUES (898, 536);
INSERT INTO Plays(GID, PID) VALUES (845, 493);
INSERT INTO Plays(GID, PID) VALUES (1466, 404);
INSERT INTO Plays(GID, PID) VALUES (1234, 214);
INSERT INTO Plays(GID, PID) VALUES (532, 541);
INSERT INTO Plays(GID, PID) VALUES (953, 67);
INSERT INTO Plays(GID, PID) VALUES (1381, 268);
INSERT INTO Plays(GID, PID) VALUES (697, 394);
INSERT INTO Plays(GID, PID) VALUES (1127, 324);
INSERT INTO Plays(GID, PID) VALUES (1136, 83);
INSERT INTO Plays(GID, PID) VALUES (1190, 156);
INSERT INTO Plays(GID, PID) VALUES (915, 383);
INSERT INTO Plays(GID, PID) VALUES (1362, 429);
INSERT INTO Plays(GID, PID) VALUES (1324, 236);
INSERT INTO Plays(GID, PID) VALUES (602, 412);
INSERT INTO Plays(GID, PID) VALUES (948, 196);
INSERT INTO Plays(GID, PID) VALUES (1245, 375);
INSERT INTO Plays(GID, PID) VALUES (1195, 320);
INSERT INTO Plays(GID, PID) VALUES (872, 325);
INSERT INTO Plays(GID, PID) VALUES (919, 473);
INSERT INTO Plays(GID, PID) VALUES (35, 467);
INSERT INTO Plays(GID, PID) VALUES (773, 252);
INSERT INTO Plays(GID, PID) VALUES (1138, 252);
INSERT INTO Plays(GID, PID) VALUES (735, 494);
INSERT INTO Plays(GID, PID) VALUES (1434, 205);
INSERT INTO Plays(GID, PID) VALUES (1114, 505);
INSERT INTO Plays(GID, PID) VALUES (904, 383);
INSERT INTO Plays(GID, PID) VALUES (522, 521);
INSERT INTO Plays(GID, PID) VALUES (491, 231);
INSERT INTO Plays(GID, PID) VALUES (1307, 514);
INSERT INTO Plays(GID, PID) VALUES (238, 281);
INSERT INTO Plays(GID, PID) VALUES (1297, 212);
INSERT INTO Plays(GID, PID) VALUES (1063, 458);
INSERT INTO Plays(GID, PID) VALUES (390, 332);
INSERT INTO Plays(GID, PID) VALUES (543, 497);
INSERT INTO Plays(GID, PID) VALUES (1138, 360);
INSERT INTO Plays(GID, PID) VALUES (1218, 196);
INSERT INTO Plays(GID, PID) VALUES (885, 497);
INSERT INTO Plays(GID, PID) VALUES (1225, 259);
INSERT INTO Plays(GID, PID) VALUES (914, 416);
INSERT INTO Plays(GID, PID) VALUES (1009, 411);
INSERT INTO Plays(GID, PID) VALUES (395, 521);
INSERT INTO Plays(GID, PID) VALUES (1376, 489);
INSERT INTO Plays(GID, PID) VALUES (1498, 236);
INSERT INTO Plays(GID, PID) VALUES (436, 528);
INSERT INTO Plays(GID, PID) VALUES (689, 470);
INSERT INTO Plays(GID, PID) VALUES (1426, 179);
INSERT INTO Plays(GID, PID) VALUES (1361, 531);
INSERT INTO Plays(GID, PID) VALUES (860, 342);
INSERT INTO Plays(GID, PID) VALUES (725, 512);
INSERT INTO Plays(GID, PID) VALUES (859, 367);
INSERT INTO Plays(GID, PID) VALUES (1154, 488);
INSERT INTO Plays(GID, PID) VALUES (1205, 538);
INSERT INTO Plays(GID, PID) VALUES (687, 525);
INSERT INTO Plays(GID, PID) VALUES (1084, 300);
INSERT INTO Plays(GID, PID) VALUES (1408, 413);
INSERT INTO Plays(GID, PID) VALUES (1059, 535);
INSERT INTO Plays(GID, PID) VALUES (1329, 528);
INSERT INTO Plays(GID, PID) VALUES (552, 313);
INSERT INTO Plays(GID, PID) VALUES (788, 478);
INSERT INTO Plays(GID, PID) VALUES (1084, 254);
INSERT INTO Plays(GID, PID) VALUES (861, 378);
INSERT INTO Plays(GID, PID) VALUES (995, 351);
INSERT INTO Plays(GID, PID) VALUES (1358, 208);
INSERT INTO Plays(GID, PID) VALUES (272, 475);
INSERT INTO Plays(GID, PID) VALUES (708, 118);
INSERT INTO Plays(GID, PID) VALUES (1389, 325);
INSERT INTO Plays(GID, PID) VALUES (878, 489);
INSERT INTO Plays(GID, PID) VALUES (1298, 382);
INSERT INTO Plays(GID, PID) VALUES (1345, 403);
INSERT INTO Plays(GID, PID) VALUES (537, 279);
INSERT INTO Plays(GID, PID) VALUES (726, 447);
INSERT INTO Plays(GID, PID) VALUES (1471, 62);
INSERT INTO Plays(GID, PID) VALUES (1334, 473);
INSERT INTO Plays(GID, PID) VALUES (1486, 261);
INSERT INTO Plays(GID, PID) VALUES (1272, 300);
INSERT INTO Plays(GID, PID) VALUES (1279, 299);
INSERT INTO Plays(GID, PID) VALUES (1009, 212);
INSERT INTO Plays(GID, PID) VALUES (1440, 398);
INSERT INTO Plays(GID, PID) VALUES (1151, 378);
INSERT INTO Plays(GID, PID) VALUES (1381, 201);
INSERT INTO Plays(GID, PID) VALUES (1464, 359);
INSERT INTO Plays(GID, PID) VALUES (1453, 232);
INSERT INTO Plays(GID, PID) VALUES (1287, 452);
INSERT INTO Plays(GID, PID) VALUES (1470, 465);
INSERT INTO Plays(GID, PID) VALUES (962, 504);
INSERT INTO Plays(GID, PID) VALUES (1046, 235);
INSERT INTO Plays(GID, PID) VALUES (674, 94);
INSERT INTO Plays(GID, PID) VALUES (1334, 360);
INSERT INTO Plays(GID, PID) VALUES (1231, 540);
INSERT INTO Plays(GID, PID) VALUES (812, 474);
INSERT INTO Plays(GID, PID) VALUES (385, 337);
INSERT INTO Plays(GID, PID) VALUES (1102, 64);
INSERT INTO Plays(GID, PID) VALUES (1117, 390);
INSERT INTO Plays(GID, PID) VALUES (1504, 365);
INSERT INTO Plays(GID, PID) VALUES (1156, 200);
INSERT INTO Plays(GID, PID) VALUES (231, 398);
INSERT INTO Plays(GID, PID) VALUES (720, 387);
INSERT INTO Plays(GID, PID) VALUES (735, 472);
INSERT INTO Plays(GID, PID) VALUES (1180, 233);
INSERT INTO Plays(GID, PID) VALUES (917, 437);
INSERT INTO Plays(GID, PID) VALUES (1239, 171);
INSERT INTO Plays(GID, PID) VALUES (1104, 411);
INSERT INTO Plays(GID, PID) VALUES (1126, 370);
INSERT INTO Plays(GID, PID) VALUES (716, 248);
INSERT INTO Plays(GID, PID) VALUES (1158, 502);
INSERT INTO Plays(GID, PID) VALUES (1400, 294);
INSERT INTO Plays(GID, PID) VALUES (1353, 195);
INSERT INTO Plays(GID, PID) VALUES (1147, 351);
INSERT INTO Plays(GID, PID) VALUES (1119, 488);
INSERT INTO Plays(GID, PID) VALUES (1211, 225);
INSERT INTO Plays(GID, PID) VALUES (1267, 193);
INSERT INTO Plays(GID, PID) VALUES (1197, 445);
INSERT INTO Plays(GID, PID) VALUES (983, 527);
INSERT INTO Plays(GID, PID) VALUES (527, 508);
INSERT INTO Plays(GID, PID) VALUES (1085, 112);
INSERT INTO Plays(GID, PID) VALUES (567, 382);
INSERT INTO Plays(GID, PID) VALUES (391, 242);
INSERT INTO Plays(GID, PID) VALUES (1224, 448);
INSERT INTO Plays(GID, PID) VALUES (1419, 431);
INSERT INTO Plays(GID, PID) VALUES (1042, 512);
INSERT INTO Plays(GID, PID) VALUES (641, 377);
INSERT INTO Plays(GID, PID) VALUES (1176, 319);
INSERT INTO Plays(GID, PID) VALUES (1313, 541);
INSERT INTO Plays(GID, PID) VALUES (1343, 238);
INSERT INTO Plays(GID, PID) VALUES (907, 305);
INSERT INTO Plays(GID, PID) VALUES (1000, 362);
INSERT INTO Plays(GID, PID) VALUES (512, 146);
INSERT INTO Plays(GID, PID) VALUES (161, 149);
INSERT INTO Plays(GID, PID) VALUES (1465, 401);
INSERT INTO Plays(GID, PID) VALUES (1152, 199);
INSERT INTO Plays(GID, PID) VALUES (1193, 372);
INSERT INTO Plays(GID, PID) VALUES (1228, 464);
INSERT INTO Plays(GID, PID) VALUES (963, 454);
INSERT INTO Plays(GID, PID) VALUES (857, 311);
INSERT INTO Plays(GID, PID) VALUES (702, 297);
INSERT INTO Plays(GID, PID) VALUES (1330, 487);
INSERT INTO Plays(GID, PID) VALUES (580, 343);
INSERT INTO Plays(GID, PID) VALUES (938, 340);
INSERT INTO Plays(GID, PID) VALUES (1150, 519);
INSERT INTO Plays(GID, PID) VALUES (715, 234);
INSERT INTO Plays(GID, PID) VALUES (1195, 529);
INSERT INTO Plays(GID, PID) VALUES (220, 444);
INSERT INTO Plays(GID, PID) VALUES (1297, 470);
INSERT INTO Plays(GID, PID) VALUES (810, 98);
INSERT INTO Plays(GID, PID) VALUES (615, 452);
INSERT INTO Plays(GID, PID) VALUES (600, 509);
INSERT INTO Plays(GID, PID) VALUES (1170, 485);
INSERT INTO Plays(GID, PID) VALUES (1056, 494);
INSERT INTO Plays(GID, PID) VALUES (590, 66);
INSERT INTO Plays(GID, PID) VALUES (843, 491);
INSERT INTO Plays(GID, PID) VALUES (1185, 331);
INSERT INTO Plays(GID, PID) VALUES (1321, 168);
INSERT INTO Plays(GID, PID) VALUES (1051, 477);
INSERT INTO Plays(GID, PID) VALUES (1241, 217);
INSERT INTO Plays(GID, PID) VALUES (884, 146);
INSERT INTO Plays(GID, PID) VALUES (218, 517);
INSERT INTO Plays(GID, PID) VALUES (1140, 537);
INSERT INTO Plays(GID, PID) VALUES (1279, 112);
INSERT INTO Plays(GID, PID) VALUES (413, 306);
INSERT INTO Plays(GID, PID) VALUES (142, 61);
INSERT INTO Plays(GID, PID) VALUES (1419, 267);
INSERT INTO Plays(GID, PID) VALUES (295, 223);
INSERT INTO Plays(GID, PID) VALUES (1500, 382);
INSERT INTO Plays(GID, PID) VALUES (1073, 396);
INSERT INTO Plays(GID, PID) VALUES (888, 208);
INSERT INTO Plays(GID, PID) VALUES (1084, 493);
INSERT INTO Plays(GID, PID) VALUES (1442, 535);
INSERT INTO Plays(GID, PID) VALUES (1293, 292);
INSERT INTO Plays(GID, PID) VALUES (1009, 346);
INSERT INTO Plays(GID, PID) VALUES (1041, 352);
INSERT INTO Plays(GID, PID) VALUES (859, 485);
INSERT INTO Plays(GID, PID) VALUES (1321, 384);
INSERT INTO Plays(GID, PID) VALUES (1108, 516);
INSERT INTO Plays(GID, PID) VALUES (703, 382);
INSERT INTO Plays(GID, PID) VALUES (1071, 427);
INSERT INTO Plays(GID, PID) VALUES (1396, 259);
INSERT INTO Plays(GID, PID) VALUES (946, 342);
INSERT INTO Plays(GID, PID) VALUES (1420, 515);
INSERT INTO Plays(GID, PID) VALUES (987, 339);
INSERT INTO Plays(GID, PID) VALUES (1102, 343);
INSERT INTO Plays(GID, PID) VALUES (710, 480);
INSERT INTO Plays(GID, PID) VALUES (1301, 128);
INSERT INTO Plays(GID, PID) VALUES (884, 204);
INSERT INTO Plays(GID, PID) VALUES (1114, 379);
INSERT INTO Plays(GID, PID) VALUES (1433, 485);
INSERT INTO Plays(GID, PID) VALUES (1156, 90);
INSERT INTO Plays(GID, PID) VALUES (1093, 262);
INSERT INTO Plays(GID, PID) VALUES (551, 327);
INSERT INTO Plays(GID, PID) VALUES (1392, 144);
INSERT INTO Plays(GID, PID) VALUES (1248, 323);
INSERT INTO Plays(GID, PID) VALUES (1146, 327);
INSERT INTO Plays(GID, PID) VALUES (1311, 402);
INSERT INTO Plays(GID, PID) VALUES (1007, 537);
INSERT INTO Plays(GID, PID) VALUES (909, 438);
INSERT INTO Plays(GID, PID) VALUES (335, 509);
INSERT INTO Plays(GID, PID) VALUES (1220, 516);
INSERT INTO Plays(GID, PID) VALUES (1472, 283);
INSERT INTO Plays(GID, PID) VALUES (968, 346);
INSERT INTO Plays(GID, PID) VALUES (1422, 299);
INSERT INTO Plays(GID, PID) VALUES (472, 533);
INSERT INTO Plays(GID, PID) VALUES (1497, 486);
INSERT INTO Plays(GID, PID) VALUES (274, 451);
INSERT INTO Plays(GID, PID) VALUES (338, 391);
INSERT INTO Plays(GID, PID) VALUES (1153, 222);
INSERT INTO Plays(GID, PID) VALUES (1085, 517);
INSERT INTO Plays(GID, PID) VALUES (781, 285);
INSERT INTO Plays(GID, PID) VALUES (1366, 172);
INSERT INTO Plays(GID, PID) VALUES (415, 92);
INSERT INTO Plays(GID, PID) VALUES (1239, 283);
INSERT INTO Plays(GID, PID) VALUES (584, 361);
INSERT INTO Plays(GID, PID) VALUES (882, 464);
INSERT INTO Plays(GID, PID) VALUES (39, 489);
INSERT INTO Plays(GID, PID) VALUES (696, 298);
INSERT INTO Plays(GID, PID) VALUES (1170, 350);
INSERT INTO Plays(GID, PID) VALUES (924, 177);
INSERT INTO Plays(GID, PID) VALUES (1432, 456);
INSERT INTO Plays(GID, PID) VALUES (1415, 527);
INSERT INTO Plays(GID, PID) VALUES (492, 361);
INSERT INTO Plays(GID, PID) VALUES (888, 373);
INSERT INTO Plays(GID, PID) VALUES (1301, 430);
INSERT INTO Plays(GID, PID) VALUES (1283, 427);
INSERT INTO Plays(GID, PID) VALUES (1210, 411);
INSERT INTO Plays(GID, PID) VALUES (1382, 487);
INSERT INTO Plays(GID, PID) VALUES (745, 310);
INSERT INTO Plays(GID, PID) VALUES (349, 542);
INSERT INTO Plays(GID, PID) VALUES (1348, 417);
INSERT INTO Plays(GID, PID) VALUES (1419, 127);
INSERT INTO Plays(GID, PID) VALUES (1031, 70);
INSERT INTO Plays(GID, PID) VALUES (528, 382);
INSERT INTO Plays(GID, PID) VALUES (668, 500);
INSERT INTO Plays(GID, PID) VALUES (695, 94);
INSERT INTO Plays(GID, PID) VALUES (1481, 417);
INSERT INTO Plays(GID, PID) VALUES (266, 170);
INSERT INTO Plays(GID, PID) VALUES (1136, 150);
INSERT INTO Plays(GID, PID) VALUES (1262, 335);
INSERT INTO Plays(GID, PID) VALUES (1503, 306);
INSERT INTO Plays(GID, PID) VALUES (1419, 357);
INSERT INTO Plays(GID, PID) VALUES (729, 436);
INSERT INTO Plays(GID, PID) VALUES (1482, 465);
INSERT INTO Plays(GID, PID) VALUES (1283, 377);
INSERT INTO Plays(GID, PID) VALUES (395, 85);
INSERT INTO Plays(GID, PID) VALUES (423, 396);
INSERT INTO Plays(GID, PID) VALUES (1113, 532);
INSERT INTO Plays(GID, PID) VALUES (1013, 402);
INSERT INTO Plays(GID, PID) VALUES (946, 445);
INSERT INTO Plays(GID, PID) VALUES (1259, 438);
INSERT INTO Plays(GID, PID) VALUES (737, 424);
INSERT INTO Plays(GID, PID) VALUES (1265, 445);
INSERT INTO Plays(GID, PID) VALUES (1300, 283);
INSERT INTO Plays(GID, PID) VALUES (1214, 286);
INSERT INTO Plays(GID, PID) VALUES (1160, 365);
INSERT INTO Plays(GID, PID) VALUES (1413, 438);
INSERT INTO Plays(GID, PID) VALUES (816, 378);
INSERT INTO Plays(GID, PID) VALUES (699, 185);
INSERT INTO Plays(GID, PID) VALUES (1162, 280);
INSERT INTO Plays(GID, PID) VALUES (809, 528);
INSERT INTO Plays(GID, PID) VALUES (1036, 443);
INSERT INTO Plays(GID, PID) VALUES (1189, 330);
INSERT INTO Plays(GID, PID) VALUES (1441, 79);
INSERT INTO Plays(GID, PID) VALUES (1252, 152);
INSERT INTO Plays(GID, PID) VALUES (1285, 303);
INSERT INTO Plays(GID, PID) VALUES (1444, 341);
INSERT INTO Plays(GID, PID) VALUES (379, 535);
INSERT INTO Plays(GID, PID) VALUES (737, 431);
INSERT INTO Plays(GID, PID) VALUES (1431, 489);
INSERT INTO Plays(GID, PID) VALUES (768, 513);
INSERT INTO Plays(GID, PID) VALUES (1106, 384);
INSERT INTO Plays(GID, PID) VALUES (1492, 205);
INSERT INTO Plays(GID, PID) VALUES (766, 496);
INSERT INTO Plays(GID, PID) VALUES (474, 242);
INSERT INTO Plays(GID, PID) VALUES (569, 503);
INSERT INTO Plays(GID, PID) VALUES (1088, 339);
INSERT INTO Plays(GID, PID) VALUES (1310, 427);
INSERT INTO Plays(GID, PID) VALUES (1202, 209);
INSERT INTO Plays(GID, PID) VALUES (715, 446);
INSERT INTO Plays(GID, PID) VALUES (1495, 313);
INSERT INTO Plays(GID, PID) VALUES (1281, 531);
INSERT INTO Plays(GID, PID) VALUES (1446, 518);
INSERT INTO Plays(GID, PID) VALUES (1101, 482);
INSERT INTO Plays(GID, PID) VALUES (1164, 220);
INSERT INTO Plays(GID, PID) VALUES (355, 361);
INSERT INTO Plays(GID, PID) VALUES (76, 420);
INSERT INTO Plays(GID, PID) VALUES (987, 522);
INSERT INTO Plays(GID, PID) VALUES (526, 278);
INSERT INTO Plays(GID, PID) VALUES (518, 396);
INSERT INTO Plays(GID, PID) VALUES (1443, 280);
INSERT INTO Plays(GID, PID) VALUES (1413, 435);
INSERT INTO Plays(GID, PID) VALUES (1337, 447);
INSERT INTO Plays(GID, PID) VALUES (892, 392);
INSERT INTO Plays(GID, PID) VALUES (1389, 67);
INSERT INTO Plays(GID, PID) VALUES (1482, 316);
INSERT INTO Plays(GID, PID) VALUES (746, 413);
INSERT INTO Plays(GID, PID) VALUES (909, 514);
INSERT INTO Plays(GID, PID) VALUES (367, 481);
INSERT INTO Plays(GID, PID) VALUES (710, 534);
INSERT INTO Plays(GID, PID) VALUES (1365, 184);
INSERT INTO Plays(GID, PID) VALUES (1269, 219);
INSERT INTO Plays(GID, PID) VALUES (442, 494);
INSERT INTO Plays(GID, PID) VALUES (447, 205);
INSERT INTO Plays(GID, PID) VALUES (1234, 248);
INSERT INTO Plays(GID, PID) VALUES (1036, 247);
INSERT INTO Plays(GID, PID) VALUES (1386, 418);
INSERT INTO Plays(GID, PID) VALUES (780, 324);
INSERT INTO Plays(GID, PID) VALUES (1410, 434);
INSERT INTO Plays(GID, PID) VALUES (1216, 428);
INSERT INTO Plays(GID, PID) VALUES (1474, 465);
INSERT INTO Plays(GID, PID) VALUES (835, 429);
INSERT INTO Plays(GID, PID) VALUES (1084, 246);
INSERT INTO Plays(GID, PID) VALUES (1496, 446);
INSERT INTO Plays(GID, PID) VALUES (1201, 413);
INSERT INTO Plays(GID, PID) VALUES (1253, 249);
INSERT INTO Plays(GID, PID) VALUES (920, 369);
INSERT INTO Plays(GID, PID) VALUES (806, 346);
INSERT INTO Plays(GID, PID) VALUES (1114, 369);
INSERT INTO Plays(GID, PID) VALUES (1231, 333);
INSERT INTO Plays(GID, PID) VALUES (1148, 255);
INSERT INTO Plays(GID, PID) VALUES (1356, 206);
INSERT INTO Plays(GID, PID) VALUES (1064, 357);
INSERT INTO Plays(GID, PID) VALUES (396, 155);
INSERT INTO Plays(GID, PID) VALUES (1262, 334);
INSERT INTO Plays(GID, PID) VALUES (497, 462);
INSERT INTO Plays(GID, PID) VALUES (886, 442);
INSERT INTO Plays(GID, PID) VALUES (1402, 351);
INSERT INTO Plays(GID, PID) VALUES (453, 506);
INSERT INTO Plays(GID, PID) VALUES (1003, 503);
INSERT INTO Plays(GID, PID) VALUES (392, 464);
INSERT INTO Plays(GID, PID) VALUES (654, 202);
INSERT INTO Plays(GID, PID) VALUES (1110, 361);
INSERT INTO Plays(GID, PID) VALUES (1430, 375);
INSERT INTO Plays(GID, PID) VALUES (1388, 165);
INSERT INTO Plays(GID, PID) VALUES (842, 411);
INSERT INTO Plays(GID, PID) VALUES (1273, 358);
INSERT INTO Plays(GID, PID) VALUES (687, 252);
INSERT INTO Plays(GID, PID) VALUES (1160, 526);
INSERT INTO Plays(GID, PID) VALUES (1220, 519);
INSERT INTO Plays(GID, PID) VALUES (1141, 456);
INSERT INTO Plays(GID, PID) VALUES (524, 39);
INSERT INTO Plays(GID, PID) VALUES (1404, 362);
INSERT INTO Plays(GID, PID) VALUES (825, 250);
INSERT INTO Plays(GID, PID) VALUES (1459, 305);
INSERT INTO Plays(GID, PID) VALUES (1015, 330);
INSERT INTO Plays(GID, PID) VALUES (1355, 195);
INSERT INTO Plays(GID, PID) VALUES (1170, 543);
INSERT INTO Plays(GID, PID) VALUES (458, 459);
INSERT INTO Plays(GID, PID) VALUES (805, 367);
INSERT INTO Plays(GID, PID) VALUES (1420, 346);
INSERT INTO Plays(GID, PID) VALUES (1098, 26);
INSERT INTO Plays(GID, PID) VALUES (703, 473);
INSERT INTO Plays(GID, PID) VALUES (1251, 468);
INSERT INTO Plays(GID, PID) VALUES (1217, 490);
INSERT INTO Plays(GID, PID) VALUES (1082, 321);
INSERT INTO Plays(GID, PID) VALUES (896, 260);
INSERT INTO Plays(GID, PID) VALUES (1234, 434);
INSERT INTO Plays(GID, PID) VALUES (1387, 258);
INSERT INTO Plays(GID, PID) VALUES (1108, 536);
INSERT INTO Plays(GID, PID) VALUES (880, 483);
INSERT INTO Plays(GID, PID) VALUES (1442, 543);
INSERT INTO Plays(GID, PID) VALUES (1502, 212);
INSERT INTO Plays(GID, PID) VALUES (1401, 393);
INSERT INTO Plays(GID, PID) VALUES (1489, 163);
INSERT INTO Plays(GID, PID) VALUES (1060, 213);
INSERT INTO Plays(GID, PID) VALUES (593, 507);
INSERT INTO Plays(GID, PID) VALUES (1191, 93);
INSERT INTO Plays(GID, PID) VALUES (1321, 332);
INSERT INTO Plays(GID, PID) VALUES (651, 306);
INSERT INTO Plays(GID, PID) VALUES (1229, 354);
INSERT INTO Plays(GID, PID) VALUES (1217, 456);
INSERT INTO Plays(GID, PID) VALUES (881, 81);
INSERT INTO Plays(GID, PID) VALUES (750, 310);
INSERT INTO Plays(GID, PID) VALUES (824, 239);
INSERT INTO Plays(GID, PID) VALUES (1492, 483);
INSERT INTO Plays(GID, PID) VALUES (1335, 435);
INSERT INTO Plays(GID, PID) VALUES (1342, 516);
INSERT INTO Plays(GID, PID) VALUES (982, 482);
INSERT INTO Plays(GID, PID) VALUES (1407, 442);
INSERT INTO Plays(GID, PID) VALUES (1359, 346);
INSERT INTO Plays(GID, PID) VALUES (790, 331);
INSERT INTO Plays(GID, PID) VALUES (953, 536);
INSERT INTO Plays(GID, PID) VALUES (884, 516);
INSERT INTO Plays(GID, PID) VALUES (705, 226);
INSERT INTO Plays(GID, PID) VALUES (1163, 397);
INSERT INTO Plays(GID, PID) VALUES (733, 512);
INSERT INTO Plays(GID, PID) VALUES (1435, 273);
INSERT INTO Plays(GID, PID) VALUES (1145, 414);
INSERT INTO Plays(GID, PID) VALUES (1323, 216);
INSERT INTO Plays(GID, PID) VALUES (1466, 510);
INSERT INTO Plays(GID, PID) VALUES (1086, 473);
INSERT INTO Plays(GID, PID) VALUES (1222, 466);
INSERT INTO Plays(GID, PID) VALUES (1087, 305);
INSERT INTO Plays(GID, PID) VALUES (1488, 158);
INSERT INTO Plays(GID, PID) VALUES (1054, 342);
INSERT INTO Plays(GID, PID) VALUES (1319, 484);
INSERT INTO Plays(GID, PID) VALUES (1316, 476);
INSERT INTO Plays(GID, PID) VALUES (1230, 224);
INSERT INTO Plays(GID, PID) VALUES (881, 181);
INSERT INTO Plays(GID, PID) VALUES (1208, 512);
INSERT INTO Plays(GID, PID) VALUES (1325, 527);
INSERT INTO Plays(GID, PID) VALUES (660, 510);
INSERT INTO Plays(GID, PID) VALUES (1023, 450);
INSERT INTO Plays(GID, PID) VALUES (1382, 477);
INSERT INTO Plays(GID, PID) VALUES (1213, 264);
INSERT INTO Plays(GID, PID) VALUES (1500, 484);
INSERT INTO Plays(GID, PID) VALUES (1095, 225);
INSERT INTO Plays(GID, PID) VALUES (1051, 439);
INSERT INTO Plays(GID, PID) VALUES (1293, 123);
INSERT INTO Plays(GID, PID) VALUES (1008, 371);
INSERT INTO Plays(GID, PID) VALUES (768, 260);
INSERT INTO Plays(GID, PID) VALUES (1502, 253);
INSERT INTO Plays(GID, PID) VALUES (937, 88);
INSERT INTO Plays(GID, PID) VALUES (558, 443);
INSERT INTO Plays(GID, PID) VALUES (1119, 464);
INSERT INTO Plays(GID, PID) VALUES (1233, 481);
INSERT INTO Plays(GID, PID) VALUES (1226, 312);
INSERT INTO Plays(GID, PID) VALUES (189, 505);
INSERT INTO Plays(GID, PID) VALUES (1199, 194);
INSERT INTO Plays(GID, PID) VALUES (907, 504);
INSERT INTO Plays(GID, PID) VALUES (1216, 291);
INSERT INTO Plays(GID, PID) VALUES (1018, 325);
INSERT INTO Plays(GID, PID) VALUES (159, 232);
INSERT INTO Plays(GID, PID) VALUES (966, 471);
INSERT INTO Plays(GID, PID) VALUES (1489, 449);
INSERT INTO Plays(GID, PID) VALUES (1429, 446);
INSERT INTO Plays(GID, PID) VALUES (1258, 537);
INSERT INTO Plays(GID, PID) VALUES (1204, 292);
INSERT INTO Plays(GID, PID) VALUES (215, 497);
INSERT INTO Plays(GID, PID) VALUES (1184, 239);
INSERT INTO Plays(GID, PID) VALUES (1089, 452);
INSERT INTO Plays(GID, PID) VALUES (1121, 290);
INSERT INTO Plays(GID, PID) VALUES (965, 399);
INSERT INTO Plays(GID, PID) VALUES (952, 237);
INSERT INTO Plays(GID, PID) VALUES (1040, 479);
INSERT INTO Plays(GID, PID) VALUES (549, 125);
INSERT INTO Plays(GID, PID) VALUES (732, 526);
INSERT INTO Plays(GID, PID) VALUES (1412, 206);
INSERT INTO Plays(GID, PID) VALUES (1423, 373);
INSERT INTO Plays(GID, PID) VALUES (594, 294);
INSERT INTO Plays(GID, PID) VALUES (1479, 508);
INSERT INTO Plays(GID, PID) VALUES (1387, 131);
INSERT INTO Plays(GID, PID) VALUES (887, 444);
INSERT INTO Plays(GID, PID) VALUES (1068, 381);
INSERT INTO Plays(GID, PID) VALUES (1246, 330);
INSERT INTO Plays(GID, PID) VALUES (369, 191);
INSERT INTO Plays(GID, PID) VALUES (961, 249);
INSERT INTO Plays(GID, PID) VALUES (1303, 426);
INSERT INTO Plays(GID, PID) VALUES (1352, 492);
INSERT INTO Plays(GID, PID) VALUES (1161, 210);
INSERT INTO Plays(GID, PID) VALUES (679, 290);
INSERT INTO Plays(GID, PID) VALUES (706, 464);
INSERT INTO Plays(GID, PID) VALUES (1406, 361);
INSERT INTO Plays(GID, PID) VALUES (1437, 173);
INSERT INTO Plays(GID, PID) VALUES (946, 476);
INSERT INTO Plays(GID, PID) VALUES (1206, 142);
INSERT INTO Plays(GID, PID) VALUES (535, 327);
INSERT INTO Plays(GID, PID) VALUES (257, 382);
INSERT INTO Plays(GID, PID) VALUES (1382, 397);
INSERT INTO Plays(GID, PID) VALUES (1220, 445);
INSERT INTO Plays(GID, PID) VALUES (1411, 517);
INSERT INTO Plays(GID, PID) VALUES (1084, 139);
INSERT INTO Plays(GID, PID) VALUES (1416, 431);
INSERT INTO Plays(GID, PID) VALUES (1329, 311);
INSERT INTO Plays(GID, PID) VALUES (1177, 377);
INSERT INTO Plays(GID, PID) VALUES (690, 539);
INSERT INTO Plays(GID, PID) VALUES (981, 496);
INSERT INTO Plays(GID, PID) VALUES (1454, 158);
INSERT INTO Plays(GID, PID) VALUES (1389, 316);
INSERT INTO Plays(GID, PID) VALUES (958, 312);
INSERT INTO Plays(GID, PID) VALUES (1252, 383);
INSERT INTO Plays(GID, PID) VALUES (1496, 397);
INSERT INTO Plays(GID, PID) VALUES (130, 462);
INSERT INTO Plays(GID, PID) VALUES (760, 536);
INSERT INTO Plays(GID, PID) VALUES (1207, 501);
INSERT INTO Plays(GID, PID) VALUES (1307, 519);
INSERT INTO Plays(GID, PID) VALUES (1488, 393);
INSERT INTO Plays(GID, PID) VALUES (590, 284);
INSERT INTO Plays(GID, PID) VALUES (1166, 505);
INSERT INTO Plays(GID, PID) VALUES (885, 525);
INSERT INTO Plays(GID, PID) VALUES (1442, 251);
INSERT INTO Plays(GID, PID) VALUES (322, 405);
INSERT INTO Plays(GID, PID) VALUES (1205, 319);
INSERT INTO Plays(GID, PID) VALUES (1242, 538);
INSERT INTO Plays(GID, PID) VALUES (839, 382);
INSERT INTO Plays(GID, PID) VALUES (1497, 160);
INSERT INTO Plays(GID, PID) VALUES (1185, 32);
INSERT INTO Plays(GID, PID) VALUES (1282, 538);
INSERT INTO Plays(GID, PID) VALUES (1468, 430);
INSERT INTO Plays(GID, PID) VALUES (1041, 538);
INSERT INTO Plays(GID, PID) VALUES (1423, 420);
INSERT INTO Plays(GID, PID) VALUES (521, 262);
INSERT INTO Plays(GID, PID) VALUES (1071, 508);
INSERT INTO Plays(GID, PID) VALUES (1292, 284);
INSERT INTO Plays(GID, PID) VALUES (687, 179);
INSERT INTO Plays(GID, PID) VALUES (853, 157);
INSERT INTO Plays(GID, PID) VALUES (1204, 194);
INSERT INTO Plays(GID, PID) VALUES (1033, 329);
INSERT INTO Plays(GID, PID) VALUES (888, 288);
INSERT INTO Plays(GID, PID) VALUES (1325, 212);
INSERT INTO Plays(GID, PID) VALUES (737, 441);
INSERT INTO Plays(GID, PID) VALUES (1225, 476);
INSERT INTO Plays(GID, PID) VALUES (1298, 504);
INSERT INTO Plays(GID, PID) VALUES (1051, 339);
INSERT INTO Plays(GID, PID) VALUES (915, 454);
INSERT INTO Plays(GID, PID) VALUES (815, 534);
INSERT INTO Plays(GID, PID) VALUES (672, 279);
INSERT INTO Plays(GID, PID) VALUES (556, 349);
INSERT INTO Plays(GID, PID) VALUES (1247, 457);
INSERT INTO Plays(GID, PID) VALUES (1358, 508);
INSERT INTO Plays(GID, PID) VALUES (1472, 514);
INSERT INTO Plays(GID, PID) VALUES (229, 201);
INSERT INTO Plays(GID, PID) VALUES (1069, 420);
INSERT INTO Plays(GID, PID) VALUES (1411, 382);
INSERT INTO Plays(GID, PID) VALUES (1210, 502);
INSERT INTO Plays(GID, PID) VALUES (1077, 440);
INSERT INTO Plays(GID, PID) VALUES (976, 512);
INSERT INTO Plays(GID, PID) VALUES (1301, 227);
INSERT INTO Plays(GID, PID) VALUES (1129, 221);
INSERT INTO Plays(GID, PID) VALUES (1398, 264);
INSERT INTO Plays(GID, PID) VALUES (678, 525);
INSERT INTO Plays(GID, PID) VALUES (667, 215);
INSERT INTO Plays(GID, PID) VALUES (1137, 345);
INSERT INTO Plays(GID, PID) VALUES (499, 314);
INSERT INTO Plays(GID, PID) VALUES (685, 276);
INSERT INTO Plays(GID, PID) VALUES (591, 523);
INSERT INTO Plays(GID, PID) VALUES (376, 220);
INSERT INTO Plays(GID, PID) VALUES (1314, 229);
INSERT INTO Plays(GID, PID) VALUES (1233, 409);
INSERT INTO Plays(GID, PID) VALUES (976, 435);
INSERT INTO Plays(GID, PID) VALUES (820, 307);
INSERT INTO Plays(GID, PID) VALUES (684, 525);
INSERT INTO Plays(GID, PID) VALUES (494, 461);
INSERT INTO Plays(GID, PID) VALUES (1415, 531);
INSERT INTO Plays(GID, PID) VALUES (659, 445);
INSERT INTO Plays(GID, PID) VALUES (1169, 470);
INSERT INTO Plays(GID, PID) VALUES (1432, 342);
INSERT INTO Plays(GID, PID) VALUES (1345, 486);
INSERT INTO Plays(GID, PID) VALUES (551, 375);
INSERT INTO Plays(GID, PID) VALUES (1290, 518);
INSERT INTO Plays(GID, PID) VALUES (1374, 317);
INSERT INTO Plays(GID, PID) VALUES (1070, 513);
INSERT INTO Plays(GID, PID) VALUES (390, 515);
INSERT INTO Plays(GID, PID) VALUES (1026, 282);
INSERT INTO Plays(GID, PID) VALUES (1436, 467);
INSERT INTO Plays(GID, PID) VALUES (364, 511);
INSERT INTO Plays(GID, PID) VALUES (1361, 248);
INSERT INTO Plays(GID, PID) VALUES (1449, 280);
INSERT INTO Plays(GID, PID) VALUES (707, 523);
INSERT INTO Plays(GID, PID) VALUES (1127, 349);
INSERT INTO Plays(GID, PID) VALUES (1353, 244);
INSERT INTO Plays(GID, PID) VALUES (73, 371);
INSERT INTO Plays(GID, PID) VALUES (1462, 424);
INSERT INTO Plays(GID, PID) VALUES (1081, 201);
INSERT INTO Plays(GID, PID) VALUES (1040, 448);
INSERT INTO Plays(GID, PID) VALUES (1136, 322);
INSERT INTO Plays(GID, PID) VALUES (750, 539);
INSERT INTO Plays(GID, PID) VALUES (757, 434);
INSERT INTO Plays(GID, PID) VALUES (923, 459);
INSERT INTO Plays(GID, PID) VALUES (918, 358);
INSERT INTO Plays(GID, PID) VALUES (1259, 351);
INSERT INTO Plays(GID, PID) VALUES (881, 297);
INSERT INTO Plays(GID, PID) VALUES (504, 522);
INSERT INTO Plays(GID, PID) VALUES (871, 527);
INSERT INTO Plays(GID, PID) VALUES (565, 446);
INSERT INTO Plays(GID, PID) VALUES (564, 206);
INSERT INTO Plays(GID, PID) VALUES (1305, 206);
INSERT INTO Plays(GID, PID) VALUES (796, 158);
INSERT INTO Plays(GID, PID) VALUES (1316, 282);
INSERT INTO Plays(GID, PID) VALUES (1185, 473);
INSERT INTO Plays(GID, PID) VALUES (1297, 315);
INSERT INTO Plays(GID, PID) VALUES (1484, 507);
INSERT INTO Plays(GID, PID) VALUES (1148, 543);
INSERT INTO Plays(GID, PID) VALUES (603, 321);
INSERT INTO Plays(GID, PID) VALUES (1333, 231);
INSERT INTO Plays(GID, PID) VALUES (1164, 397);
INSERT INTO Plays(GID, PID) VALUES (1374, 379);
INSERT INTO Plays(GID, PID) VALUES (961, 527);
INSERT INTO Plays(GID, PID) VALUES (1412, 529);
INSERT INTO Plays(GID, PID) VALUES (1184, 468);
INSERT INTO Plays(GID, PID) VALUES (1417, 81);
INSERT INTO Plays(GID, PID) VALUES (613, 474);
INSERT INTO Plays(GID, PID) VALUES (1383, 434);
INSERT INTO Plays(GID, PID) VALUES (1434, 363);
INSERT INTO Plays(GID, PID) VALUES (682, 425);
INSERT INTO Plays(GID, PID) VALUES (1463, 395);
INSERT INTO Plays(GID, PID) VALUES (948, 529);
INSERT INTO Plays(GID, PID) VALUES (1463, 521);
INSERT INTO Plays(GID, PID) VALUES (780, 538);
INSERT INTO Plays(GID, PID) VALUES (604, 177);
INSERT INTO Plays(GID, PID) VALUES (1203, 126);
INSERT INTO Plays(GID, PID) VALUES (1105, 474);
INSERT INTO Plays(GID, PID) VALUES (1260, 374);
INSERT INTO Plays(GID, PID) VALUES (973, 529);
INSERT INTO Plays(GID, PID) VALUES (1250, 415);
INSERT INTO Plays(GID, PID) VALUES (1170, 105);
INSERT INTO Plays(GID, PID) VALUES (1344, 413);
INSERT INTO Plays(GID, PID) VALUES (700, 477);
INSERT INTO Plays(GID, PID) VALUES (703, 436);
INSERT INTO Plays(GID, PID) VALUES (757, 192);
INSERT INTO Plays(GID, PID) VALUES (918, 242);
INSERT INTO Plays(GID, PID) VALUES (517, 121);
INSERT INTO Plays(GID, PID) VALUES (260, 306);
INSERT INTO Plays(GID, PID) VALUES (979, 338);
INSERT INTO Plays(GID, PID) VALUES (999, 237);
INSERT INTO Plays(GID, PID) VALUES (1467, 136);
INSERT INTO Plays(GID, PID) VALUES (1102, 538);
INSERT INTO Plays(GID, PID) VALUES (1449, 439);
INSERT INTO Plays(GID, PID) VALUES (728, 531);
INSERT INTO Plays(GID, PID) VALUES (1499, 427);
INSERT INTO Plays(GID, PID) VALUES (665, 498);
INSERT INTO Plays(GID, PID) VALUES (1176, 483);
INSERT INTO Plays(GID, PID) VALUES (991, 349);
INSERT INTO Plays(GID, PID) VALUES (1102, 495);
INSERT INTO Plays(GID, PID) VALUES (758, 450);
INSERT INTO Plays(GID, PID) VALUES (1416, 237);
INSERT INTO Plays(GID, PID) VALUES (737, 430);
INSERT INTO Plays(GID, PID) VALUES (1462, 36);
INSERT INTO Plays(GID, PID) VALUES (942, 282);
INSERT INTO Plays(GID, PID) VALUES (1021, 330);
INSERT INTO Plays(GID, PID) VALUES (988, 496);
INSERT INTO Plays(GID, PID) VALUES (1357, 349);
INSERT INTO Plays(GID, PID) VALUES (380, 535);
INSERT INTO Plays(GID, PID) VALUES (1445, 468);
INSERT INTO Plays(GID, PID) VALUES (901, 297);
INSERT INTO Plays(GID, PID) VALUES (559, 520);
INSERT INTO Plays(GID, PID) VALUES (1265, 405);
INSERT INTO Plays(GID, PID) VALUES (1480, 470);
INSERT INTO Plays(GID, PID) VALUES (1145, 203);
INSERT INTO Plays(GID, PID) VALUES (1368, 386);
INSERT INTO Plays(GID, PID) VALUES (1253, 496);
INSERT INTO Plays(GID, PID) VALUES (1019, 459);
INSERT INTO Plays(GID, PID) VALUES (1275, 525);
INSERT INTO Plays(GID, PID) VALUES (679, 345);
INSERT INTO Plays(GID, PID) VALUES (1321, 180);
INSERT INTO Plays(GID, PID) VALUES (1461, 443);
INSERT INTO Plays(GID, PID) VALUES (416, 244);
INSERT INTO Plays(GID, PID) VALUES (620, 472);
INSERT INTO Plays(GID, PID) VALUES (1060, 203);
INSERT INTO Plays(GID, PID) VALUES (996, 165);
INSERT INTO Plays(GID, PID) VALUES (142, 503);
INSERT INTO Plays(GID, PID) VALUES (964, 413);
INSERT INTO Plays(GID, PID) VALUES (858, 460);
INSERT INTO Plays(GID, PID) VALUES (1392, 334);
INSERT INTO Plays(GID, PID) VALUES (1413, 517);
INSERT INTO Plays(GID, PID) VALUES (1292, 449);
INSERT INTO Plays(GID, PID) VALUES (948, 413);
INSERT INTO Plays(GID, PID) VALUES (1075, 241);
INSERT INTO Plays(GID, PID) VALUES (1165, 184);
INSERT INTO Plays(GID, PID) VALUES (713, 459);
INSERT INTO Plays(GID, PID) VALUES (926, 331);
INSERT INTO Plays(GID, PID) VALUES (1139, 222);
INSERT INTO Plays(GID, PID) VALUES (1446, 367);
INSERT INTO Plays(GID, PID) VALUES (1161, 469);
INSERT INTO Plays(GID, PID) VALUES (1376, 352);
INSERT INTO Plays(GID, PID) VALUES (791, 100);
INSERT INTO Plays(GID, PID) VALUES (1175, 500);
INSERT INTO Plays(GID, PID) VALUES (1127, 451);
INSERT INTO Plays(GID, PID) VALUES (385, 526);
INSERT INTO Plays(GID, PID) VALUES (1380, 351);
INSERT INTO Plays(GID, PID) VALUES (478, 529);
INSERT INTO Plays(GID, PID) VALUES (1090, 413);
INSERT INTO Plays(GID, PID) VALUES (1324, 383);
INSERT INTO Plays(GID, PID) VALUES (1178, 101);
INSERT INTO Plays(GID, PID) VALUES (1302, 333);
INSERT INTO Plays(GID, PID) VALUES (1299, 497);
INSERT INTO Plays(GID, PID) VALUES (111, 194);
INSERT INTO Plays(GID, PID) VALUES (1149, 307);
INSERT INTO Plays(GID, PID) VALUES (378, 524);
INSERT INTO Plays(GID, PID) VALUES (889, 230);
INSERT INTO Plays(GID, PID) VALUES (694, 516);
INSERT INTO Plays(GID, PID) VALUES (1300, 430);
INSERT INTO Plays(GID, PID) VALUES (842, 493);
INSERT INTO Plays(GID, PID) VALUES (1311, 301);
INSERT INTO Plays(GID, PID) VALUES (1282, 335);
INSERT INTO Plays(GID, PID) VALUES (861, 421);
INSERT INTO Plays(GID, PID) VALUES (637, 494);
INSERT INTO Plays(GID, PID) VALUES (858, 502);
INSERT INTO Plays(GID, PID) VALUES (1417, 531);
INSERT INTO Plays(GID, PID) VALUES (863, 526);
INSERT INTO Plays(GID, PID) VALUES (1325, 433);
INSERT INTO Plays(GID, PID) VALUES (1315, 149);
INSERT INTO Plays(GID, PID) VALUES (945, 480);
INSERT INTO Plays(GID, PID) VALUES (1268, 320);
INSERT INTO Plays(GID, PID) VALUES (1092, 368);
INSERT INTO Plays(GID, PID) VALUES (900, 133);
INSERT INTO Plays(GID, PID) VALUES (1246, 467);
INSERT INTO Plays(GID, PID) VALUES (1129, 175);
INSERT INTO Plays(GID, PID) VALUES (966, 543);
INSERT INTO Plays(GID, PID) VALUES (926, 308);
INSERT INTO Plays(GID, PID) VALUES (1446, 202);
INSERT INTO Plays(GID, PID) VALUES (1478, 457);
INSERT INTO Plays(GID, PID) VALUES (1124, 174);
INSERT INTO Plays(GID, PID) VALUES (359, 293);
INSERT INTO Plays(GID, PID) VALUES (719, 362);
INSERT INTO Plays(GID, PID) VALUES (428, 338);
INSERT INTO Plays(GID, PID) VALUES (1022, 36);
INSERT INTO Plays(GID, PID) VALUES (1334, 500);
INSERT INTO Plays(GID, PID) VALUES (660, 503);
INSERT INTO Plays(GID, PID) VALUES (843, 383);
INSERT INTO Plays(GID, PID) VALUES (1122, 461);
INSERT INTO Plays(GID, PID) VALUES (1019, 446);
INSERT INTO Plays(GID, PID) VALUES (1326, 268);
INSERT INTO Plays(GID, PID) VALUES (740, 80);
INSERT INTO Plays(GID, PID) VALUES (883, 236);
INSERT INTO Plays(GID, PID) VALUES (861, 428);
INSERT INTO Plays(GID, PID) VALUES (860, 281);
INSERT INTO Plays(GID, PID) VALUES (915, 294);
INSERT INTO Plays(GID, PID) VALUES (1149, 511);
INSERT INTO Plays(GID, PID) VALUES (1357, 490);
INSERT INTO Plays(GID, PID) VALUES (1359, 348);
INSERT INTO Plays(GID, PID) VALUES (762, 285);
INSERT INTO Plays(GID, PID) VALUES (543, 422);
INSERT INTO Plays(GID, PID) VALUES (473, 364);
INSERT INTO Plays(GID, PID) VALUES (617, 362);
INSERT INTO Plays(GID, PID) VALUES (515, 440);
INSERT INTO Plays(GID, PID) VALUES (1426, 430);
INSERT INTO Plays(GID, PID) VALUES (1212, 514);
INSERT INTO Plays(GID, PID) VALUES (436, 204);
INSERT INTO Plays(GID, PID) VALUES (1313, 542);
INSERT INTO Plays(GID, PID) VALUES (768, 349);
INSERT INTO Plays(GID, PID) VALUES (1263, 162);
INSERT INTO Plays(GID, PID) VALUES (1485, 432);
INSERT INTO Plays(GID, PID) VALUES (362, 291);
INSERT INTO Plays(GID, PID) VALUES (474, 300);
INSERT INTO Plays(GID, PID) VALUES (1272, 507);
INSERT INTO Plays(GID, PID) VALUES (575, 520);
INSERT INTO Plays(GID, PID) VALUES (1082, 536);
INSERT INTO Plays(GID, PID) VALUES (976, 286);
INSERT INTO Plays(GID, PID) VALUES (1278, 427);
INSERT INTO Plays(GID, PID) VALUES (785, 417);
INSERT INTO Plays(GID, PID) VALUES (701, 498);
INSERT INTO Plays(GID, PID) VALUES (1288, 224);
INSERT INTO Plays(GID, PID) VALUES (840, 506);
INSERT INTO Plays(GID, PID) VALUES (1395, 491);
INSERT INTO Plays(GID, PID) VALUES (719, 147);
INSERT INTO Plays(GID, PID) VALUES (606, 188);
INSERT INTO Plays(GID, PID) VALUES (1304, 525);
INSERT INTO Plays(GID, PID) VALUES (707, 201);
INSERT INTO Plays(GID, PID) VALUES (999, 489);
INSERT INTO Plays(GID, PID) VALUES (1241, 308);
INSERT INTO Plays(GID, PID) VALUES (731, 215);
INSERT INTO Plays(GID, PID) VALUES (538, 494);
INSERT INTO Plays(GID, PID) VALUES (484, 472);
INSERT INTO Plays(GID, PID) VALUES (915, 403);
INSERT INTO Plays(GID, PID) VALUES (561, 494);
INSERT INTO Plays(GID, PID) VALUES (1226, 436);
INSERT INTO Plays(GID, PID) VALUES (1357, 324);
INSERT INTO Plays(GID, PID) VALUES (695, 192);
INSERT INTO Plays(GID, PID) VALUES (671, 155);
INSERT INTO Plays(GID, PID) VALUES (676, 361);
INSERT INTO Plays(GID, PID) VALUES (922, 327);
INSERT INTO Plays(GID, PID) VALUES (1062, 531);
INSERT INTO Plays(GID, PID) VALUES (1441, 527);
INSERT INTO Plays(GID, PID) VALUES (464, 362);
INSERT INTO Plays(GID, PID) VALUES (782, 213);
INSERT INTO Plays(GID, PID) VALUES (1433, 257);
INSERT INTO Plays(GID, PID) VALUES (1323, 332);
INSERT INTO Plays(GID, PID) VALUES (672, 286);
INSERT INTO Plays(GID, PID) VALUES (779, 505);
INSERT INTO Plays(GID, PID) VALUES (767, 466);
INSERT INTO Plays(GID, PID) VALUES (1395, 381);
INSERT INTO Plays(GID, PID) VALUES (1138, 374);
INSERT INTO Plays(GID, PID) VALUES (1440, 132);
INSERT INTO Plays(GID, PID) VALUES (975, 478);
INSERT INTO Plays(GID, PID) VALUES (1283, 293);
INSERT INTO Plays(GID, PID) VALUES (1418, 521);
INSERT INTO Plays(GID, PID) VALUES (1393, 380);
INSERT INTO Plays(GID, PID) VALUES (1454, 488);
INSERT INTO Plays(GID, PID) VALUES (1474, 531);
INSERT INTO Plays(GID, PID) VALUES (632, 246);
INSERT INTO Plays(GID, PID) VALUES (1145, 506);
INSERT INTO Plays(GID, PID) VALUES (572, 530);
INSERT INTO Plays(GID, PID) VALUES (1397, 480);
INSERT INTO Plays(GID, PID) VALUES (1205, 138);
INSERT INTO Plays(GID, PID) VALUES (1345, 196);
INSERT INTO Plays(GID, PID) VALUES (1185, 516);
INSERT INTO Plays(GID, PID) VALUES (921, 441);
INSERT INTO Plays(GID, PID) VALUES (1275, 239);
INSERT INTO Plays(GID, PID) VALUES (1480, 293);
INSERT INTO Plays(GID, PID) VALUES (1148, 202);
INSERT INTO Plays(GID, PID) VALUES (360, 453);
INSERT INTO Plays(GID, PID) VALUES (648, 373);
INSERT INTO Plays(GID, PID) VALUES (791, 520);
INSERT INTO Plays(GID, PID) VALUES (1402, 188);
INSERT INTO Plays(GID, PID) VALUES (857, 264);
INSERT INTO Plays(GID, PID) VALUES (483, 115);
INSERT INTO Plays(GID, PID) VALUES (1501, 517);
INSERT INTO Plays(GID, PID) VALUES (1243, 270);
INSERT INTO Plays(GID, PID) VALUES (841, 503);
INSERT INTO Plays(GID, PID) VALUES (1495, 309);
INSERT INTO Plays(GID, PID) VALUES (715, 182);
INSERT INTO Plays(GID, PID) VALUES (1322, 424);
INSERT INTO Plays(GID, PID) VALUES (1347, 421);
INSERT INTO Plays(GID, PID) VALUES (1421, 380);
INSERT INTO Plays(GID, PID) VALUES (1193, 476);
INSERT INTO Plays(GID, PID) VALUES (1025, 374);
INSERT INTO Plays(GID, PID) VALUES (1463, 450);
INSERT INTO Plays(GID, PID) VALUES (1167, 438);
INSERT INTO Plays(GID, PID) VALUES (1319, 256);
INSERT INTO Plays(GID, PID) VALUES (1019, 372);
INSERT INTO Plays(GID, PID) VALUES (1080, 166);
INSERT INTO Plays(GID, PID) VALUES (1502, 407);
INSERT INTO Plays(GID, PID) VALUES (1354, 388);
INSERT INTO Plays(GID, PID) VALUES (912, 448);
INSERT INTO Plays(GID, PID) VALUES (90, 190);
INSERT INTO Plays(GID, PID) VALUES (729, 324);
INSERT INTO Plays(GID, PID) VALUES (1477, 260);
INSERT INTO Plays(GID, PID) VALUES (1371, 46);
INSERT INTO Plays(GID, PID) VALUES (1061, 475);
INSERT INTO Plays(GID, PID) VALUES (1099, 462);
INSERT INTO Plays(GID, PID) VALUES (668, 193);
INSERT INTO Plays(GID, PID) VALUES (1357, 543);
INSERT INTO Plays(GID, PID) VALUES (1210, 205);
INSERT INTO Plays(GID, PID) VALUES (909, 350);
INSERT INTO Plays(GID, PID) VALUES (1415, 350);
INSERT INTO Plays(GID, PID) VALUES (1074, 493);
INSERT INTO Plays(GID, PID) VALUES (935, 344);
INSERT INTO Plays(GID, PID) VALUES (1436, 387);
INSERT INTO Plays(GID, PID) VALUES (649, 240);
INSERT INTO Plays(GID, PID) VALUES (849, 286);
INSERT INTO Plays(GID, PID) VALUES (1197, 237);
INSERT INTO Plays(GID, PID) VALUES (974, 404);
INSERT INTO Plays(GID, PID) VALUES (1127, 420);
INSERT INTO Plays(GID, PID) VALUES (904, 271);
INSERT INTO Plays(GID, PID) VALUES (1484, 131);
INSERT INTO Plays(GID, PID) VALUES (647, 514);
INSERT INTO Plays(GID, PID) VALUES (1421, 224);
INSERT INTO Plays(GID, PID) VALUES (841, 543);
INSERT INTO Plays(GID, PID) VALUES (967, 399);
INSERT INTO Plays(GID, PID) VALUES (1470, 447);
INSERT INTO Plays(GID, PID) VALUES (1065, 296);
INSERT INTO Plays(GID, PID) VALUES (1257, 370);
INSERT INTO Plays(GID, PID) VALUES (1482, 512);
INSERT INTO Plays(GID, PID) VALUES (435, 424);
INSERT INTO Plays(GID, PID) VALUES (1416, 215);
INSERT INTO Plays(GID, PID) VALUES (885, 344);
INSERT INTO Plays(GID, PID) VALUES (1471, 392);
INSERT INTO Plays(GID, PID) VALUES (511, 476);
INSERT INTO Plays(GID, PID) VALUES (187, 391);
INSERT INTO Plays(GID, PID) VALUES (1141, 375);
INSERT INTO Plays(GID, PID) VALUES (916, 540);
INSERT INTO Plays(GID, PID) VALUES (597, 474);
INSERT INTO Plays(GID, PID) VALUES (1311, 278);
INSERT INTO Plays(GID, PID) VALUES (1346, 372);
INSERT INTO Plays(GID, PID) VALUES (578, 225);
INSERT INTO Plays(GID, PID) VALUES (1031, 472);
INSERT INTO Plays(GID, PID) VALUES (702, 438);
INSERT INTO Plays(GID, PID) VALUES (1102, 222);
INSERT INTO Plays(GID, PID) VALUES (1325, 236);
INSERT INTO Plays(GID, PID) VALUES (883, 428);
INSERT INTO Plays(GID, PID) VALUES (226, 442);
INSERT INTO Plays(GID, PID) VALUES (641, 452);
INSERT INTO Plays(GID, PID) VALUES (1017, 538);
INSERT INTO Plays(GID, PID) VALUES (1059, 296);
INSERT INTO Plays(GID, PID) VALUES (1323, 373);
INSERT INTO Plays(GID, PID) VALUES (1021, 145);
INSERT INTO Plays(GID, PID) VALUES (1372, 206);
INSERT INTO Plays(GID, PID) VALUES (959, 427);
INSERT INTO Plays(GID, PID) VALUES (446, 418);
INSERT INTO Plays(GID, PID) VALUES (1314, 247);
INSERT INTO Plays(GID, PID) VALUES (1475, 263);
INSERT INTO Plays(GID, PID) VALUES (1415, 262);
INSERT INTO Plays(GID, PID) VALUES (951, 230);
INSERT INTO Plays(GID, PID) VALUES (912, 353);
INSERT INTO Plays(GID, PID) VALUES (308, 228);
INSERT INTO Plays(GID, PID) VALUES (1377, 459);
INSERT INTO Plays(GID, PID) VALUES (956, 138);
INSERT INTO Plays(GID, PID) VALUES (313, 76);
INSERT INTO Plays(GID, PID) VALUES (847, 504);
INSERT INTO Plays(GID, PID) VALUES (868, 399);
INSERT INTO Plays(GID, PID) VALUES (1175, 163);
INSERT INTO Plays(GID, PID) VALUES (728, 484);
INSERT INTO Plays(GID, PID) VALUES (965, 361);
INSERT INTO Plays(GID, PID) VALUES (276, 435);
INSERT INTO Plays(GID, PID) VALUES (1385, 384);
INSERT INTO Plays(GID, PID) VALUES (1290, 485);
INSERT INTO Plays(GID, PID) VALUES (256, 489);
INSERT INTO Plays(GID, PID) VALUES (1496, 428);
INSERT INTO Plays(GID, PID) VALUES (304, 356);
INSERT INTO Plays(GID, PID) VALUES (1170, 324);
INSERT INTO Plays(GID, PID) VALUES (395, 156);
INSERT INTO Plays(GID, PID) VALUES (577, 361);
INSERT INTO Plays(GID, PID) VALUES (1023, 373);
INSERT INTO Plays(GID, PID) VALUES (868, 237);
INSERT INTO Plays(GID, PID) VALUES (1285, 480);
INSERT INTO Plays(GID, PID) VALUES (1403, 444);
INSERT INTO Plays(GID, PID) VALUES (1020, 317);
INSERT INTO Plays(GID, PID) VALUES (1331, 175);
INSERT INTO Plays(GID, PID) VALUES (1299, 507);
INSERT INTO Plays(GID, PID) VALUES (916, 491);
INSERT INTO Plays(GID, PID) VALUES (1178, 418);
INSERT INTO Plays(GID, PID) VALUES (954, 176);
INSERT INTO Plays(GID, PID) VALUES (1281, 435);
INSERT INTO Plays(GID, PID) VALUES (400, 340);
INSERT INTO Plays(GID, PID) VALUES (1300, 475);
INSERT INTO Plays(GID, PID) VALUES (1386, 447);
INSERT INTO Plays(GID, PID) VALUES (517, 491);
INSERT INTO Plays(GID, PID) VALUES (808, 542);
INSERT INTO Plays(GID, PID) VALUES (649, 414);
INSERT INTO Plays(GID, PID) VALUES (902, 428);
INSERT INTO Plays(GID, PID) VALUES (807, 520);
INSERT INTO Plays(GID, PID) VALUES (761, 260);
INSERT INTO Plays(GID, PID) VALUES (869, 470);
INSERT INTO Plays(GID, PID) VALUES (1391, 153);
INSERT INTO Plays(GID, PID) VALUES (1233, 541);
INSERT INTO Plays(GID, PID) VALUES (464, 372);
INSERT INTO Plays(GID, PID) VALUES (500, 148);
INSERT INTO Plays(GID, PID) VALUES (1026, 492);
INSERT INTO Plays(GID, PID) VALUES (1151, 231);
INSERT INTO Plays(GID, PID) VALUES (1393, 250);
INSERT INTO Plays(GID, PID) VALUES (251, 358);
INSERT INTO Plays(GID, PID) VALUES (985, 537);
INSERT INTO Plays(GID, PID) VALUES (1122, 306);
INSERT INTO Plays(GID, PID) VALUES (1457, 426);
INSERT INTO Plays(GID, PID) VALUES (1096, 520);
INSERT INTO Plays(GID, PID) VALUES (574, 258);
INSERT INTO Plays(GID, PID) VALUES (1485, 482);
INSERT INTO Plays(GID, PID) VALUES (1368, 376);
INSERT INTO Plays(GID, PID) VALUES (1125, 419);
INSERT INTO Plays(GID, PID) VALUES (1150, 449);
INSERT INTO Plays(GID, PID) VALUES (583, 261);
INSERT INTO Plays(GID, PID) VALUES (831, 448);
INSERT INTO Plays(GID, PID) VALUES (1062, 277);
INSERT INTO Plays(GID, PID) VALUES (1000, 477);
INSERT INTO Plays(GID, PID) VALUES (1491, 157);
INSERT INTO Plays(GID, PID) VALUES (1082, 297);
INSERT INTO Plays(GID, PID) VALUES (788, 54);
INSERT INTO Plays(GID, PID) VALUES (860, 529);
INSERT INTO Plays(GID, PID) VALUES (1127, 495);
INSERT INTO Plays(GID, PID) VALUES (1300, 280);
INSERT INTO Plays(GID, PID) VALUES (1055, 165);
INSERT INTO Plays(GID, PID) VALUES (1412, 513);
INSERT INTO Plays(GID, PID) VALUES (917, 371);
INSERT INTO Plays(GID, PID) VALUES (369, 457);
INSERT INTO Plays(GID, PID) VALUES (938, 524);
INSERT INTO Plays(GID, PID) VALUES (604, 436);
INSERT INTO Plays(GID, PID) VALUES (855, 399);
INSERT INTO Plays(GID, PID) VALUES (1346, 371);
INSERT INTO Plays(GID, PID) VALUES (732, 493);
INSERT INTO Plays(GID, PID) VALUES (1432, 267);
INSERT INTO Plays(GID, PID) VALUES (1107, 254);
INSERT INTO Plays(GID, PID) VALUES (719, 353);
INSERT INTO Plays(GID, PID) VALUES (915, 491);
INSERT INTO Plays(GID, PID) VALUES (1209, 405);
INSERT INTO Plays(GID, PID) VALUES (1363, 524);
INSERT INTO Plays(GID, PID) VALUES (234, 340);
INSERT INTO Plays(GID, PID) VALUES (802, 303);
INSERT INTO Plays(GID, PID) VALUES (1327, 517);
INSERT INTO Plays(GID, PID) VALUES (1176, 440);
INSERT INTO Plays(GID, PID) VALUES (1151, 498);
INSERT INTO Plays(GID, PID) VALUES (1045, 9);
INSERT INTO Plays(GID, PID) VALUES (1105, 470);
INSERT INTO Plays(GID, PID) VALUES (695, 488);
INSERT INTO Plays(GID, PID) VALUES (1192, 316);
INSERT INTO Plays(GID, PID) VALUES (1147, 364);
INSERT INTO Plays(GID, PID) VALUES (1230, 397);
INSERT INTO Plays(GID, PID) VALUES (1471, 190);
INSERT INTO Plays(GID, PID) VALUES (1458, 515);
INSERT INTO Plays(GID, PID) VALUES (1012, 310);
INSERT INTO Plays(GID, PID) VALUES (763, 416);
INSERT INTO Plays(GID, PID) VALUES (1487, 284);
INSERT INTO Plays(GID, PID) VALUES (1151, 288);
INSERT INTO Plays(GID, PID) VALUES (650, 278);
INSERT INTO Plays(GID, PID) VALUES (1441, 327);
INSERT INTO Plays(GID, PID) VALUES (675, 486);
INSERT INTO Plays(GID, PID) VALUES (1344, 385);
INSERT INTO Plays(GID, PID) VALUES (752, 449);
INSERT INTO Plays(GID, PID) VALUES (1052, 316);
INSERT INTO Plays(GID, PID) VALUES (1238, 370);
INSERT INTO Plays(GID, PID) VALUES (1438, 185);
INSERT INTO Plays(GID, PID) VALUES (1213, 276);
INSERT INTO Plays(GID, PID) VALUES (1042, 423);
INSERT INTO Plays(GID, PID) VALUES (1453, 308);
INSERT INTO Plays(GID, PID) VALUES (1432, 525);
INSERT INTO Plays(GID, PID) VALUES (682, 237);
INSERT INTO Plays(GID, PID) VALUES (1033, 511);
INSERT INTO Plays(GID, PID) VALUES (573, 483);
INSERT INTO Plays(GID, PID) VALUES (591, 441);
INSERT INTO Plays(GID, PID) VALUES (1017, 136);
INSERT INTO Plays(GID, PID) VALUES (1131, 324);
INSERT INTO Plays(GID, PID) VALUES (298, 274);
INSERT INTO Plays(GID, PID) VALUES (1159, 491);
INSERT INTO Plays(GID, PID) VALUES (794, 395);
INSERT INTO Plays(GID, PID) VALUES (1208, 283);
INSERT INTO Plays(GID, PID) VALUES (1095, 238);
INSERT INTO Plays(GID, PID) VALUES (1324, 295);
INSERT INTO Plays(GID, PID) VALUES (1428, 519);
INSERT INTO Plays(GID, PID) VALUES (726, 273);
INSERT INTO Plays(GID, PID) VALUES (649, 496);
INSERT INTO Plays(GID, PID) VALUES (234, 202);
INSERT INTO Plays(GID, PID) VALUES (225, 340);
INSERT INTO Plays(GID, PID) VALUES (643, 383);
INSERT INTO Plays(GID, PID) VALUES (591, 222);
INSERT INTO Plays(GID, PID) VALUES (722, 315);
INSERT INTO Plays(GID, PID) VALUES (1252, 425);
INSERT INTO Plays(GID, PID) VALUES (1401, 485);
INSERT INTO Plays(GID, PID) VALUES (1176, 465);
INSERT INTO Plays(GID, PID) VALUES (768, 369);
INSERT INTO Plays(GID, PID) VALUES (1286, 513);
INSERT INTO Plays(GID, PID) VALUES (432, 517);
INSERT INTO Plays(GID, PID) VALUES (674, 277);
INSERT INTO Plays(GID, PID) VALUES (625, 503);
INSERT INTO Plays(GID, PID) VALUES (499, 174);
INSERT INTO Plays(GID, PID) VALUES (1456, 346);
INSERT INTO Plays(GID, PID) VALUES (1110, 295);
INSERT INTO Plays(GID, PID) VALUES (1248, 533);
INSERT INTO Plays(GID, PID) VALUES (1017, 409);
INSERT INTO Plays(GID, PID) VALUES (1289, 507);
INSERT INTO Plays(GID, PID) VALUES (685, 425);
INSERT INTO Plays(GID, PID) VALUES (1312, 516);
INSERT INTO Plays(GID, PID) VALUES (1196, 163);
INSERT INTO Plays(GID, PID) VALUES (1116, 331);
INSERT INTO Plays(GID, PID) VALUES (771, 514);
INSERT INTO Plays(GID, PID) VALUES (1345, 288);
INSERT INTO Plays(GID, PID) VALUES (1107, 319);
INSERT INTO Plays(GID, PID) VALUES (675, 9);
INSERT INTO Plays(GID, PID) VALUES (482, 459);
INSERT INTO Plays(GID, PID) VALUES (519, 303);
INSERT INTO Plays(GID, PID) VALUES (1172, 108);
INSERT INTO Plays(GID, PID) VALUES (30, 443);
INSERT INTO Plays(GID, PID) VALUES (722, 295);
INSERT INTO Plays(GID, PID) VALUES (613, 367);
INSERT INTO Plays(GID, PID) VALUES (395, 534);
INSERT INTO Plays(GID, PID) VALUES (1450, 332);
INSERT INTO Plays(GID, PID) VALUES (788, 294);
INSERT INTO Plays(GID, PID) VALUES (930, 451);
INSERT INTO Plays(GID, PID) VALUES (375, 518);
INSERT INTO Plays(GID, PID) VALUES (1346, 525);
INSERT INTO Plays(GID, PID) VALUES (694, 310);
INSERT INTO Plays(GID, PID) VALUES (1231, 421);
INSERT INTO Plays(GID, PID) VALUES (1165, 472);
INSERT INTO Plays(GID, PID) VALUES (1030, 507);
INSERT INTO Plays(GID, PID) VALUES (643, 455);
INSERT INTO Plays(GID, PID) VALUES (1296, 417);
INSERT INTO Plays(GID, PID) VALUES (754, 483);
INSERT INTO Plays(GID, PID) VALUES (440, 468);
INSERT INTO Plays(GID, PID) VALUES (672, 377);
INSERT INTO Plays(GID, PID) VALUES (1005, 272);
INSERT INTO Plays(GID, PID) VALUES (1190, 282);
INSERT INTO Plays(GID, PID) VALUES (1127, 333);
INSERT INTO Plays(GID, PID) VALUES (386, 515);
INSERT INTO Plays(GID, PID) VALUES (1351, 528);
INSERT INTO Plays(GID, PID) VALUES (1407, 194);
INSERT INTO Plays(GID, PID) VALUES (1013, 423);
INSERT INTO Plays(GID, PID) VALUES (682, 161);
INSERT INTO Plays(GID, PID) VALUES (1381, 190);
INSERT INTO Plays(GID, PID) VALUES (1500, 488);
INSERT INTO Plays(GID, PID) VALUES (1072, 303);
INSERT INTO Plays(GID, PID) VALUES (1427, 229);
INSERT INTO Plays(GID, PID) VALUES (1480, 271);
INSERT INTO Plays(GID, PID) VALUES (1499, 211);
INSERT INTO Plays(GID, PID) VALUES (1197, 125);
INSERT INTO Plays(GID, PID) VALUES (830, 238);
INSERT INTO Plays(GID, PID) VALUES (1021, 153);
INSERT INTO Plays(GID, PID) VALUES (1015, 524);
INSERT INTO Plays(GID, PID) VALUES (1370, 80);
INSERT INTO Plays(GID, PID) VALUES (1478, 392);
INSERT INTO Plays(GID, PID) VALUES (1212, 433);
INSERT INTO Plays(GID, PID) VALUES (740, 498);
INSERT INTO Plays(GID, PID) VALUES (1449, 173);
INSERT INTO Plays(GID, PID) VALUES (714, 364);
INSERT INTO Plays(GID, PID) VALUES (757, 477);
INSERT INTO Plays(GID, PID) VALUES (431, 255);
INSERT INTO Plays(GID, PID) VALUES (948, 474);
INSERT INTO Plays(GID, PID) VALUES (155, 538);
INSERT INTO Plays(GID, PID) VALUES (547, 328);
INSERT INTO Plays(GID, PID) VALUES (972, 29);
INSERT INTO Plays(GID, PID) VALUES (664, 475);
INSERT INTO Plays(GID, PID) VALUES (1383, 462);
INSERT INTO Plays(GID, PID) VALUES (1215, 440);
INSERT INTO Plays(GID, PID) VALUES (1239, 297);
INSERT INTO Plays(GID, PID) VALUES (1363, 377);
INSERT INTO Plays(GID, PID) VALUES (515, 436);
INSERT INTO Plays(GID, PID) VALUES (1045, 372);
INSERT INTO Plays(GID, PID) VALUES (1138, 326);
INSERT INTO Plays(GID, PID) VALUES (1351, 348);
INSERT INTO Plays(GID, PID) VALUES (640, 485);
INSERT INTO Plays(GID, PID) VALUES (197, 133);
INSERT INTO Plays(GID, PID) VALUES (1363, 278);
INSERT INTO Plays(GID, PID) VALUES (744, 350);
INSERT INTO Plays(GID, PID) VALUES (1328, 496);
INSERT INTO Plays(GID, PID) VALUES (1374, 334);
INSERT INTO Plays(GID, PID) VALUES (568, 241);
INSERT INTO Plays(GID, PID) VALUES (1442, 93);
INSERT INTO Plays(GID, PID) VALUES (1246, 540);
INSERT INTO Plays(GID, PID) VALUES (806, 410);
INSERT INTO Plays(GID, PID) VALUES (342, 327);
INSERT INTO Plays(GID, PID) VALUES (116, 178);
INSERT INTO Plays(GID, PID) VALUES (1143, 223);
INSERT INTO Plays(GID, PID) VALUES (1093, 380);
INSERT INTO Plays(GID, PID) VALUES (1426, 210);
INSERT INTO Plays(GID, PID) VALUES (1464, 314);
INSERT INTO Plays(GID, PID) VALUES (946, 153);
INSERT INTO Plays(GID, PID) VALUES (881, 534);
INSERT INTO Plays(GID, PID) VALUES (926, 252);
INSERT INTO Plays(GID, PID) VALUES (329, 416);
INSERT INTO Plays(GID, PID) VALUES (1477, 215);
INSERT INTO Plays(GID, PID) VALUES (895, 511);
INSERT INTO Plays(GID, PID) VALUES (1437, 177);
INSERT INTO Plays(GID, PID) VALUES (461, 283);
INSERT INTO Plays(GID, PID) VALUES (1381, 420);
INSERT INTO Plays(GID, PID) VALUES (1475, 335);
INSERT INTO Plays(GID, PID) VALUES (1052, 514);
INSERT INTO Plays(GID, PID) VALUES (1016, 140);
INSERT INTO Plays(GID, PID) VALUES (699, 418);
INSERT INTO Plays(GID, PID) VALUES (1448, 323);
INSERT INTO Plays(GID, PID) VALUES (992, 219);
INSERT INTO Plays(GID, PID) VALUES (537, 308);
INSERT INTO Plays(GID, PID) VALUES (1104, 479);
INSERT INTO Plays(GID, PID) VALUES (908, 387);
INSERT INTO Plays(GID, PID) VALUES (1226, 416);
INSERT INTO Plays(GID, PID) VALUES (1030, 312);
INSERT INTO Plays(GID, PID) VALUES (993, 72);
INSERT INTO Plays(GID, PID) VALUES (810, 335);
INSERT INTO Plays(GID, PID) VALUES (1489, 396);
INSERT INTO Plays(GID, PID) VALUES (1436, 197);
INSERT INTO Plays(GID, PID) VALUES (247, 527);
INSERT INTO Plays(GID, PID) VALUES (1433, 343);
INSERT INTO Plays(GID, PID) VALUES (1027, 163);
INSERT INTO Plays(GID, PID) VALUES (1243, 328);
INSERT INTO Plays(GID, PID) VALUES (1383, 424);
INSERT INTO Plays(GID, PID) VALUES (1452, 212);
INSERT INTO Plays(GID, PID) VALUES (1451, 536);
INSERT INTO Plays(GID, PID) VALUES (1041, 372);
INSERT INTO Plays(GID, PID) VALUES (355, 295);
INSERT INTO Plays(GID, PID) VALUES (1188, 205);
INSERT INTO Plays(GID, PID) VALUES (603, 393);
INSERT INTO Plays(GID, PID) VALUES (1432, 132);
INSERT INTO Plays(GID, PID) VALUES (1155, 365);
INSERT INTO Plays(GID, PID) VALUES (1366, 384);
INSERT INTO Plays(GID, PID) VALUES (1427, 424);
INSERT INTO Plays(GID, PID) VALUES (1259, 465);
INSERT INTO Plays(GID, PID) VALUES (466, 328);
INSERT INTO Plays(GID, PID) VALUES (327, 336);
INSERT INTO Plays(GID, PID) VALUES (1499, 490);
INSERT INTO Plays(GID, PID) VALUES (1479, 513);
INSERT INTO Plays(GID, PID) VALUES (1399, 522);
INSERT INTO Plays(GID, PID) VALUES (943, 515);
INSERT INTO Plays(GID, PID) VALUES (658, 319);
INSERT INTO Plays(GID, PID) VALUES (1051, 364);
INSERT INTO Plays(GID, PID) VALUES (1407, 438);
INSERT INTO Plays(GID, PID) VALUES (474, 510);
INSERT INTO Plays(GID, PID) VALUES (1315, 370);
INSERT INTO Plays(GID, PID) VALUES (1478, 449);
INSERT INTO Plays(GID, PID) VALUES (813, 417);
INSERT INTO Plays(GID, PID) VALUES (852, 505);
INSERT INTO Plays(GID, PID) VALUES (722, 542);
INSERT INTO Plays(GID, PID) VALUES (922, 351);
INSERT INTO Plays(GID, PID) VALUES (723, 286);
INSERT INTO Plays(GID, PID) VALUES (621, 330);
INSERT INTO Plays(GID, PID) VALUES (812, 242);
INSERT INTO Plays(GID, PID) VALUES (463, 102);
INSERT INTO Plays(GID, PID) VALUES (928, 450);
INSERT INTO Plays(GID, PID) VALUES (550, 291);
INSERT INTO Plays(GID, PID) VALUES (480, 506);
INSERT INTO Plays(GID, PID) VALUES (1081, 178);
INSERT INTO Plays(GID, PID) VALUES (1495, 537);
INSERT INTO Plays(GID, PID) VALUES (999, 426);
INSERT INTO Plays(GID, PID) VALUES (821, 471);
INSERT INTO Plays(GID, PID) VALUES (876, 346);
INSERT INTO Plays(GID, PID) VALUES (783, 418);
INSERT INTO Plays(GID, PID) VALUES (1149, 441);
INSERT INTO Plays(GID, PID) VALUES (416, 385);
INSERT INTO Plays(GID, PID) VALUES (1328, 532);
INSERT INTO Plays(GID, PID) VALUES (861, 301);
INSERT INTO Plays(GID, PID) VALUES (1070, 530);
INSERT INTO Plays(GID, PID) VALUES (830, 421);
INSERT INTO Plays(GID, PID) VALUES (1417, 328);
INSERT INTO Plays(GID, PID) VALUES (727, 360);
INSERT INTO Plays(GID, PID) VALUES (1111, 541);
INSERT INTO Plays(GID, PID) VALUES (1479, 471);
INSERT INTO Plays(GID, PID) VALUES (910, 397);
INSERT INTO Plays(GID, PID) VALUES (800, 347);
INSERT INTO Plays(GID, PID) VALUES (1357, 443);
INSERT INTO Plays(GID, PID) VALUES (759, 429);
INSERT INTO Plays(GID, PID) VALUES (798, 158);
INSERT INTO Plays(GID, PID) VALUES (1152, 498);
INSERT INTO Plays(GID, PID) VALUES (1344, 325);
INSERT INTO Plays(GID, PID) VALUES (1228, 328);
INSERT INTO Plays(GID, PID) VALUES (844, 192);
INSERT INTO Plays(GID, PID) VALUES (1298, 225);
INSERT INTO Plays(GID, PID) VALUES (1323, 298);
INSERT INTO Plays(GID, PID) VALUES (1228, 120);
INSERT INTO Plays(GID, PID) VALUES (1050, 442);
INSERT INTO Plays(GID, PID) VALUES (1214, 515);
INSERT INTO Plays(GID, PID) VALUES (1212, 98);
INSERT INTO Plays(GID, PID) VALUES (1131, 427);
INSERT INTO Plays(GID, PID) VALUES (235, 67);
INSERT INTO Plays(GID, PID) VALUES (1240, 501);
INSERT INTO Plays(GID, PID) VALUES (1032, 498);
INSERT INTO Plays(GID, PID) VALUES (1445, 525);
INSERT INTO Plays(GID, PID) VALUES (1323, 471);
INSERT INTO Plays(GID, PID) VALUES (501, 388);
INSERT INTO Plays(GID, PID) VALUES (1255, 479);
INSERT INTO Plays(GID, PID) VALUES (1466, 236);
INSERT INTO Plays(GID, PID) VALUES (1053, 360);
INSERT INTO Plays(GID, PID) VALUES (1052, 462);
INSERT INTO Plays(GID, PID) VALUES (933, 214);
INSERT INTO Plays(GID, PID) VALUES (353, 537);
INSERT INTO Plays(GID, PID) VALUES (143, 102);
INSERT INTO Plays(GID, PID) VALUES (1215, 456);
INSERT INTO Plays(GID, PID) VALUES (1277, 412);
INSERT INTO Plays(GID, PID) VALUES (979, 447);
INSERT INTO Plays(GID, PID) VALUES (1080, 344);
INSERT INTO Plays(GID, PID) VALUES (871, 514);
INSERT INTO Plays(GID, PID) VALUES (1209, 360);
INSERT INTO Plays(GID, PID) VALUES (1464, 178);
INSERT INTO Plays(GID, PID) VALUES (1239, 473);
INSERT INTO Plays(GID, PID) VALUES (1100, 493);
INSERT INTO Plays(GID, PID) VALUES (163, 332);
INSERT INTO Plays(GID, PID) VALUES (1358, 378);
INSERT INTO Plays(GID, PID) VALUES (685, 385);
INSERT INTO Plays(GID, PID) VALUES (1220, 299);
INSERT INTO Plays(GID, PID) VALUES (796, 418);
INSERT INTO Plays(GID, PID) VALUES (1192, 459);
INSERT INTO Plays(GID, PID) VALUES (972, 292);
INSERT INTO Plays(GID, PID) VALUES (1398, 287);
INSERT INTO Plays(GID, PID) VALUES (1472, 202);
INSERT INTO Plays(GID, PID) VALUES (1104, 291);
INSERT INTO Plays(GID, PID) VALUES (639, 373);
INSERT INTO Plays(GID, PID) VALUES (1490, 494);
INSERT INTO Plays(GID, PID) VALUES (1150, 503);
INSERT INTO Plays(GID, PID) VALUES (1240, 441);
INSERT INTO Plays(GID, PID) VALUES (277, 187);
INSERT INTO Plays(GID, PID) VALUES (1168, 452);
INSERT INTO Plays(GID, PID) VALUES (661, 501);
INSERT INTO Plays(GID, PID) VALUES (587, 489);
INSERT INTO Plays(GID, PID) VALUES (955, 501);
INSERT INTO Plays(GID, PID) VALUES (1130, 357);
INSERT INTO Plays(GID, PID) VALUES (1277, 94);
INSERT INTO Plays(GID, PID) VALUES (838, 539);
INSERT INTO Plays(GID, PID) VALUES (521, 415);
INSERT INTO Plays(GID, PID) VALUES (1404, 281);
INSERT INTO Plays(GID, PID) VALUES (1293, 441);
INSERT INTO Plays(GID, PID) VALUES (1097, 123);
INSERT INTO Plays(GID, PID) VALUES (1410, 438);
INSERT INTO Plays(GID, PID) VALUES (1070, 389);
INSERT INTO Plays(GID, PID) VALUES (626, 370);
INSERT INTO Plays(GID, PID) VALUES (1147, 234);
INSERT INTO Plays(GID, PID) VALUES (1409, 247);
INSERT INTO Plays(GID, PID) VALUES (356, 233);
INSERT INTO Plays(GID, PID) VALUES (1500, 143);
INSERT INTO Plays(GID, PID) VALUES (1444, 248);
INSERT INTO Plays(GID, PID) VALUES (1204, 342);
INSERT INTO Plays(GID, PID) VALUES (984, 378);
INSERT INTO Plays(GID, PID) VALUES (1028, 326);
INSERT INTO Plays(GID, PID) VALUES (1463, 467);
INSERT INTO Plays(GID, PID) VALUES (102, 416);
INSERT INTO Plays(GID, PID) VALUES (745, 491);
INSERT INTO Plays(GID, PID) VALUES (1402, 469);
INSERT INTO Plays(GID, PID) VALUES (942, 479);
INSERT INTO Plays(GID, PID) VALUES (812, 470);
INSERT INTO Plays(GID, PID) VALUES (691, 515);
INSERT INTO Plays(GID, PID) VALUES (434, 370);
INSERT INTO Plays(GID, PID) VALUES (1234, 484);
INSERT INTO Plays(GID, PID) VALUES (1487, 532);
INSERT INTO Plays(GID, PID) VALUES (258, 464);
INSERT INTO Plays(GID, PID) VALUES (1456, 536);
INSERT INTO Plays(GID, PID) VALUES (913, 530);
INSERT INTO Plays(GID, PID) VALUES (992, 413);
INSERT INTO Plays(GID, PID) VALUES (1457, 485);
INSERT INTO Plays(GID, PID) VALUES (1099, 516);
INSERT INTO Plays(GID, PID) VALUES (1051, 511);
INSERT INTO Plays(GID, PID) VALUES (1260, 399);
INSERT INTO Plays(GID, PID) VALUES (799, 465);
INSERT INTO Plays(GID, PID) VALUES (1076, 410);
INSERT INTO Plays(GID, PID) VALUES (848, 446);
INSERT INTO Plays(GID, PID) VALUES (1138, 487);
INSERT INTO Plays(GID, PID) VALUES (778, 395);
INSERT INTO Plays(GID, PID) VALUES (852, 440);
INSERT INTO Plays(GID, PID) VALUES (1180, 527);
INSERT INTO Plays(GID, PID) VALUES (1230, 296);
INSERT INTO Plays(GID, PID) VALUES (780, 436);
INSERT INTO Plays(GID, PID) VALUES (1160, 423);
INSERT INTO Plays(GID, PID) VALUES (642, 434);
INSERT INTO Plays(GID, PID) VALUES (991, 93);
INSERT INTO Plays(GID, PID) VALUES (1452, 188);
INSERT INTO Plays(GID, PID) VALUES (102, 535);
INSERT INTO Plays(GID, PID) VALUES (1071, 352);
INSERT INTO Plays(GID, PID) VALUES (588, 456);
INSERT INTO Plays(GID, PID) VALUES (790, 483);
INSERT INTO Plays(GID, PID) VALUES (1023, 443);
INSERT INTO Plays(GID, PID) VALUES (1028, 419);
INSERT INTO Plays(GID, PID) VALUES (525, 101);
INSERT INTO Plays(GID, PID) VALUES (1250, 466);
INSERT INTO Plays(GID, PID) VALUES (1236, 362);
INSERT INTO Plays(GID, PID) VALUES (1294, 300);
INSERT INTO Plays(GID, PID) VALUES (1466, 318);
INSERT INTO Plays(GID, PID) VALUES (1465, 51);
INSERT INTO Plays(GID, PID) VALUES (1209, 401);
INSERT INTO Plays(GID, PID) VALUES (1140, 196);
INSERT INTO Plays(GID, PID) VALUES (754, 153);
INSERT INTO Plays(GID, PID) VALUES (328, 386);
INSERT INTO Plays(GID, PID) VALUES (1447, 275);
INSERT INTO Plays(GID, PID) VALUES (1476, 404);
INSERT INTO Plays(GID, PID) VALUES (881, 151);
INSERT INTO Plays(GID, PID) VALUES (1296, 265);
INSERT INTO Plays(GID, PID) VALUES (1379, 248);
INSERT INTO Plays(GID, PID) VALUES (1462, 531);
INSERT INTO Plays(GID, PID) VALUES (946, 396);
INSERT INTO Plays(GID, PID) VALUES (1375, 427);
INSERT INTO Plays(GID, PID) VALUES (1476, 200);
INSERT INTO Plays(GID, PID) VALUES (573, 482);
INSERT INTO Plays(GID, PID) VALUES (310, 483);
INSERT INTO Plays(GID, PID) VALUES (1404, 517);
INSERT INTO Plays(GID, PID) VALUES (964, 295);
INSERT INTO Plays(GID, PID) VALUES (1116, 521);
INSERT INTO Plays(GID, PID) VALUES (1034, 315);
INSERT INTO Plays(GID, PID) VALUES (966, 389);
INSERT INTO Plays(GID, PID) VALUES (1303, 491);
INSERT INTO Plays(GID, PID) VALUES (1185, 213);
INSERT INTO Plays(GID, PID) VALUES (907, 414);
INSERT INTO Plays(GID, PID) VALUES (1099, 369);
INSERT INTO Plays(GID, PID) VALUES (1498, 301);
INSERT INTO Plays(GID, PID) VALUES (1448, 524);
INSERT INTO Plays(GID, PID) VALUES (386, 494);
INSERT INTO Plays(GID, PID) VALUES (1178, 512);
INSERT INTO Plays(GID, PID) VALUES (1346, 249);
INSERT INTO Plays(GID, PID) VALUES (75, 528);
INSERT INTO Plays(GID, PID) VALUES (1386, 499);
INSERT INTO Plays(GID, PID) VALUES (556, 508);
INSERT INTO Plays(GID, PID) VALUES (1339, 277);
INSERT INTO Plays(GID, PID) VALUES (1160, 450);
INSERT INTO Plays(GID, PID) VALUES (672, 280);
INSERT INTO Plays(GID, PID) VALUES (428, 47);
INSERT INTO Plays(GID, PID) VALUES (605, 530);
INSERT INTO Plays(GID, PID) VALUES (1096, 455);
INSERT INTO Plays(GID, PID) VALUES (607, 394);
INSERT INTO Plays(GID, PID) VALUES (1373, 138);
INSERT INTO Plays(GID, PID) VALUES (1491, 473);
INSERT INTO Plays(GID, PID) VALUES (1210, 134);
INSERT INTO Plays(GID, PID) VALUES (784, 419);
INSERT INTO Plays(GID, PID) VALUES (1104, 363);
INSERT INTO Plays(GID, PID) VALUES (810, 285);
INSERT INTO Plays(GID, PID) VALUES (579, 338);
INSERT INTO Plays(GID, PID) VALUES (1210, 355);
INSERT INTO Plays(GID, PID) VALUES (507, 527);
INSERT INTO Plays(GID, PID) VALUES (683, 267);
INSERT INTO Plays(GID, PID) VALUES (751, 304);
INSERT INTO Plays(GID, PID) VALUES (771, 291);
INSERT INTO Plays(GID, PID) VALUES (1496, 348);
INSERT INTO Plays(GID, PID) VALUES (1456, 484);
INSERT INTO Plays(GID, PID) VALUES (1394, 212);
INSERT INTO Plays(GID, PID) VALUES (833, 477);
INSERT INTO Plays(GID, PID) VALUES (1093, 502);
INSERT INTO Plays(GID, PID) VALUES (1439, 292);
INSERT INTO Plays(GID, PID) VALUES (1414, 227);
INSERT INTO Plays(GID, PID) VALUES (1186, 235);
INSERT INTO Plays(GID, PID) VALUES (1022, 352);
INSERT INTO Plays(GID, PID) VALUES (1352, 519);
INSERT INTO Plays(GID, PID) VALUES (875, 424);
INSERT INTO Plays(GID, PID) VALUES (1256, 365);
INSERT INTO Plays(GID, PID) VALUES (1316, 473);
INSERT INTO Plays(GID, PID) VALUES (315, 529);
INSERT INTO Plays(GID, PID) VALUES (899, 91);
INSERT INTO Plays(GID, PID) VALUES (1364, 99);
INSERT INTO Plays(GID, PID) VALUES (647, 294);
INSERT INTO Plays(GID, PID) VALUES (378, 449);
INSERT INTO Plays(GID, PID) VALUES (1100, 381);
INSERT INTO Plays(GID, PID) VALUES (1329, 418);
INSERT INTO Plays(GID, PID) VALUES (1316, 364);
INSERT INTO Plays(GID, PID) VALUES (1200, 443);
INSERT INTO Plays(GID, PID) VALUES (436, 338);
INSERT INTO Plays(GID, PID) VALUES (823, 170);
INSERT INTO Plays(GID, PID) VALUES (1265, 513);
INSERT INTO Plays(GID, PID) VALUES (886, 434);
INSERT INTO Plays(GID, PID) VALUES (451, 276);
INSERT INTO Plays(GID, PID) VALUES (181, 113);
INSERT INTO Plays(GID, PID) VALUES (1497, 503);
INSERT INTO Plays(GID, PID) VALUES (1414, 131);
INSERT INTO Plays(GID, PID) VALUES (455, 320);
INSERT INTO Plays(GID, PID) VALUES (1204, 457);
INSERT INTO Plays(GID, PID) VALUES (937, 286);
INSERT INTO Plays(GID, PID) VALUES (1319, 456);
INSERT INTO Plays(GID, PID) VALUES (816, 522);
INSERT INTO Plays(GID, PID) VALUES (918, 403);
INSERT INTO Plays(GID, PID) VALUES (693, 133);
INSERT INTO Plays(GID, PID) VALUES (1007, 52);
INSERT INTO Plays(GID, PID) VALUES (492, 296);
INSERT INTO Plays(GID, PID) VALUES (654, 470);
INSERT INTO Plays(GID, PID) VALUES (933, 490);
INSERT INTO Plays(GID, PID) VALUES (404, 398);
INSERT INTO Plays(GID, PID) VALUES (1145, 374);
INSERT INTO Plays(GID, PID) VALUES (864, 160);
INSERT INTO Plays(GID, PID) VALUES (573, 410);
INSERT INTO Plays(GID, PID) VALUES (1440, 251);
INSERT INTO Plays(GID, PID) VALUES (1443, 264);
INSERT INTO Plays(GID, PID) VALUES (1078, 405);
INSERT INTO Plays(GID, PID) VALUES (767, 302);
INSERT INTO Plays(GID, PID) VALUES (723, 289);
INSERT INTO Plays(GID, PID) VALUES (1372, 405);
INSERT INTO Plays(GID, PID) VALUES (1180, 422);
INSERT INTO Plays(GID, PID) VALUES (1178, 114);
INSERT INTO Plays(GID, PID) VALUES (879, 136);
INSERT INTO Plays(GID, PID) VALUES (1354, 461);
INSERT INTO Plays(GID, PID) VALUES (1100, 396);
INSERT INTO Plays(GID, PID) VALUES (387, 240);
INSERT INTO Plays(GID, PID) VALUES (1231, 423);
INSERT INTO Plays(GID, PID) VALUES (1253, 437);
INSERT INTO Plays(GID, PID) VALUES (696, 543);
INSERT INTO Plays(GID, PID) VALUES (695, 498);
INSERT INTO Plays(GID, PID) VALUES (414, 196);
INSERT INTO Plays(GID, PID) VALUES (1246, 199);
INSERT INTO Plays(GID, PID) VALUES (1001, 417);
INSERT INTO Plays(GID, PID) VALUES (1405, 529);
INSERT INTO Plays(GID, PID) VALUES (1065, 446);
INSERT INTO Plays(GID, PID) VALUES (793, 456);
INSERT INTO Plays(GID, PID) VALUES (1302, 185);
INSERT INTO Plays(GID, PID) VALUES (637, 513);
INSERT INTO Plays(GID, PID) VALUES (1176, 163);
INSERT INTO Plays(GID, PID) VALUES (1185, 541);
INSERT INTO Plays(GID, PID) VALUES (645, 208);
INSERT INTO Plays(GID, PID) VALUES (1306, 450);
INSERT INTO Plays(GID, PID) VALUES (867, 502);
INSERT INTO Plays(GID, PID) VALUES (1390, 364);
INSERT INTO Plays(GID, PID) VALUES (806, 402);
INSERT INTO Plays(GID, PID) VALUES (1238, 140);
INSERT INTO Plays(GID, PID) VALUES (674, 327);
INSERT INTO Plays(GID, PID) VALUES (837, 436);
INSERT INTO Plays(GID, PID) VALUES (847, 494);
INSERT INTO Plays(GID, PID) VALUES (1095, 489);
INSERT INTO Plays(GID, PID) VALUES (1449, 419);
INSERT INTO Plays(GID, PID) VALUES (1048, 287);
INSERT INTO Plays(GID, PID) VALUES (914, 178);
INSERT INTO Plays(GID, PID) VALUES (467, 169);
INSERT INTO Plays(GID, PID) VALUES (742, 541);
INSERT INTO Plays(GID, PID) VALUES (1237, 288);
INSERT INTO Plays(GID, PID) VALUES (550, 543);
INSERT INTO Plays(GID, PID) VALUES (1003, 51);
INSERT INTO Plays(GID, PID) VALUES (1122, 540);
INSERT INTO Plays(GID, PID) VALUES (349, 465);
INSERT INTO Plays(GID, PID) VALUES (463, 262);
INSERT INTO Plays(GID, PID) VALUES (1161, 274);
INSERT INTO Plays(GID, PID) VALUES (1426, 118);
INSERT INTO Plays(GID, PID) VALUES (1405, 517);
INSERT INTO Plays(GID, PID) VALUES (1274, 252);
INSERT INTO Plays(GID, PID) VALUES (1354, 344);
INSERT INTO Plays(GID, PID) VALUES (1241, 436);
INSERT INTO Plays(GID, PID) VALUES (1305, 295);
INSERT INTO Plays(GID, PID) VALUES (942, 120);
INSERT INTO Plays(GID, PID) VALUES (297, 501);
INSERT INTO Plays(GID, PID) VALUES (540, 433);
INSERT INTO Plays(GID, PID) VALUES (1196, 460);
INSERT INTO Plays(GID, PID) VALUES (1281, 279);
INSERT INTO Plays(GID, PID) VALUES (752, 151);
INSERT INTO Plays(GID, PID) VALUES (1353, 288);
INSERT INTO Plays(GID, PID) VALUES (1078, 299);
INSERT INTO Plays(GID, PID) VALUES (1125, 517);
INSERT INTO Plays(GID, PID) VALUES (1468, 179);
INSERT INTO Plays(GID, PID) VALUES (184, 367);
INSERT INTO Plays(GID, PID) VALUES (1233, 493);
INSERT INTO Plays(GID, PID) VALUES (715, 465);
INSERT INTO Plays(GID, PID) VALUES (923, 377);
INSERT INTO Plays(GID, PID) VALUES (1325, 517);
INSERT INTO Plays(GID, PID) VALUES (1471, 195);
INSERT INTO Plays(GID, PID) VALUES (1488, 223);
INSERT INTO Plays(GID, PID) VALUES (1348, 542);
INSERT INTO Plays(GID, PID) VALUES (1268, 177);
INSERT INTO Plays(GID, PID) VALUES (915, 359);
INSERT INTO Plays(GID, PID) VALUES (1078, 358);
INSERT INTO Plays(GID, PID) VALUES (1273, 428);
INSERT INTO Plays(GID, PID) VALUES (1446, 308);
INSERT INTO Plays(GID, PID) VALUES (716, 260);
INSERT INTO Plays(GID, PID) VALUES (876, 378);
INSERT INTO Plays(GID, PID) VALUES (1458, 229);
INSERT INTO Plays(GID, PID) VALUES (63, 323);
INSERT INTO Plays(GID, PID) VALUES (441, 425);
INSERT INTO Plays(GID, PID) VALUES (458, 259);
INSERT INTO Plays(GID, PID) VALUES (550, 370);
INSERT INTO Plays(GID, PID) VALUES (1157, 507);
INSERT INTO Plays(GID, PID) VALUES (288, 162);
INSERT INTO Plays(GID, PID) VALUES (436, 410);
INSERT INTO Plays(GID, PID) VALUES (1237, 498);
INSERT INTO Plays(GID, PID) VALUES (790, 485);
INSERT INTO Plays(GID, PID) VALUES (722, 116);
INSERT INTO Plays(GID, PID) VALUES (1228, 483);
INSERT INTO Plays(GID, PID) VALUES (502, 529);
INSERT INTO Plays(GID, PID) VALUES (631, 417);
INSERT INTO Plays(GID, PID) VALUES (406, 316);
INSERT INTO Plays(GID, PID) VALUES (1081, 390);
INSERT INTO Plays(GID, PID) VALUES (1403, 61);
INSERT INTO Plays(GID, PID) VALUES (1189, 391);
INSERT INTO Plays(GID, PID) VALUES (1299, 531);
INSERT INTO Plays(GID, PID) VALUES (973, 460);
INSERT INTO Plays(GID, PID) VALUES (1151, 510);
INSERT INTO Plays(GID, PID) VALUES (1481, 55);
INSERT INTO Plays(GID, PID) VALUES (1146, 429);
INSERT INTO Plays(GID, PID) VALUES (1023, 125);
INSERT INTO Plays(GID, PID) VALUES (1385, 275);
INSERT INTO Plays(GID, PID) VALUES (827, 467);
INSERT INTO Plays(GID, PID) VALUES (1093, 152);
INSERT INTO Plays(GID, PID) VALUES (237, 535);
INSERT INTO Plays(GID, PID) VALUES (1124, 435);
INSERT INTO Plays(GID, PID) VALUES (1488, 243);
INSERT INTO Plays(GID, PID) VALUES (1273, 432);
INSERT INTO Plays(GID, PID) VALUES (1208, 382);
INSERT INTO Plays(GID, PID) VALUES (161, 416);
INSERT INTO Plays(GID, PID) VALUES (1107, 281);
INSERT INTO Plays(GID, PID) VALUES (1493, 473);
INSERT INTO Plays(GID, PID) VALUES (1200, 532);
INSERT INTO Plays(GID, PID) VALUES (1482, 411);
INSERT INTO Plays(GID, PID) VALUES (661, 422);
INSERT INTO Plays(GID, PID) VALUES (1220, 403);
INSERT INTO Plays(GID, PID) VALUES (1351, 440);
INSERT INTO Plays(GID, PID) VALUES (945, 386);
INSERT INTO Plays(GID, PID) VALUES (1149, 179);
INSERT INTO Plays(GID, PID) VALUES (418, 522);
INSERT INTO Plays(GID, PID) VALUES (1127, 424);
INSERT INTO Plays(GID, PID) VALUES (1354, 433);
INSERT INTO Plays(GID, PID) VALUES (778, 399);
INSERT INTO Plays(GID, PID) VALUES (273, 394);
INSERT INTO Plays(GID, PID) VALUES (502, 519);
INSERT INTO Plays(GID, PID) VALUES (639, 114);
INSERT INTO Plays(GID, PID) VALUES (1347, 439);
INSERT INTO Plays(GID, PID) VALUES (1177, 221);
INSERT INTO Plays(GID, PID) VALUES (1291, 359);
INSERT INTO Plays(GID, PID) VALUES (308, 415);
INSERT INTO Plays(GID, PID) VALUES (546, 524);
INSERT INTO Plays(GID, PID) VALUES (1151, 454);
INSERT INTO Plays(GID, PID) VALUES (681, 526);
INSERT INTO Plays(GID, PID) VALUES (326, 538);
INSERT INTO Plays(GID, PID) VALUES (1429, 483);
INSERT INTO Plays(GID, PID) VALUES (947, 191);
INSERT INTO Plays(GID, PID) VALUES (1312, 370);
INSERT INTO Plays(GID, PID) VALUES (84, 247);
INSERT INTO Plays(GID, PID) VALUES (1287, 90);
INSERT INTO Plays(GID, PID) VALUES (1458, 103);
INSERT INTO Plays(GID, PID) VALUES (427, 499);
INSERT INTO Plays(GID, PID) VALUES (1060, 188);
INSERT INTO Plays(GID, PID) VALUES (804, 510);
INSERT INTO Plays(GID, PID) VALUES (850, 178);
INSERT INTO Plays(GID, PID) VALUES (1250, 81);
INSERT INTO Plays(GID, PID) VALUES (1468, 326);
INSERT INTO Plays(GID, PID) VALUES (371, 493);
INSERT INTO Plays(GID, PID) VALUES (1312, 399);
INSERT INTO Plays(GID, PID) VALUES (1083, 280);
INSERT INTO Plays(GID, PID) VALUES (349, 488);
INSERT INTO Plays(GID, PID) VALUES (1452, 352);
INSERT INTO Plays(GID, PID) VALUES (1414, 365);
INSERT INTO Plays(GID, PID) VALUES (1219, 452);
INSERT INTO Plays(GID, PID) VALUES (1445, 339);
INSERT INTO Plays(GID, PID) VALUES (726, 441);
INSERT INTO Plays(GID, PID) VALUES (1328, 33);
INSERT INTO Plays(GID, PID) VALUES (1416, 464);
INSERT INTO Plays(GID, PID) VALUES (1377, 138);
INSERT INTO Plays(GID, PID) VALUES (444, 246);
INSERT INTO Plays(GID, PID) VALUES (1132, 395);
INSERT INTO Plays(GID, PID) VALUES (889, 108);
INSERT INTO Plays(GID, PID) VALUES (1143, 430);
INSERT INTO Plays(GID, PID) VALUES (1421, 180);
INSERT INTO Plays(GID, PID) VALUES (1441, 168);
INSERT INTO Plays(GID, PID) VALUES (1080, 529);
INSERT INTO Plays(GID, PID) VALUES (948, 501);
INSERT INTO Plays(GID, PID) VALUES (1106, 343);
INSERT INTO Plays(GID, PID) VALUES (805, 126);
INSERT INTO Plays(GID, PID) VALUES (1002, 277);
INSERT INTO Plays(GID, PID) VALUES (1442, 249);
INSERT INTO Plays(GID, PID) VALUES (694, 447);
INSERT INTO Plays(GID, PID) VALUES (957, 454);
INSERT INTO Plays(GID, PID) VALUES (1314, 170);
INSERT INTO Plays(GID, PID) VALUES (829, 267);
INSERT INTO Plays(GID, PID) VALUES (1320, 501);
INSERT INTO Plays(GID, PID) VALUES (1419, 507);
INSERT INTO Plays(GID, PID) VALUES (1060, 187);
INSERT INTO Plays(GID, PID) VALUES (720, 371);
INSERT INTO Plays(GID, PID) VALUES (1128, 339);
INSERT INTO Plays(GID, PID) VALUES (872, 208);
INSERT INTO Plays(GID, PID) VALUES (1501, 151);
INSERT INTO Plays(GID, PID) VALUES (1039, 465);
INSERT INTO Plays(GID, PID) VALUES (1335, 398);
INSERT INTO Plays(GID, PID) VALUES (1342, 475);
INSERT INTO Plays(GID, PID) VALUES (1484, 261);
INSERT INTO Plays(GID, PID) VALUES (1433, 459);
INSERT INTO Plays(GID, PID) VALUES (967, 234);
INSERT INTO Plays(GID, PID) VALUES (803, 304);
INSERT INTO Plays(GID, PID) VALUES (1121, 227);
INSERT INTO Plays(GID, PID) VALUES (239, 417);
INSERT INTO Plays(GID, PID) VALUES (1019, 310);
INSERT INTO Plays(GID, PID) VALUES (1002, 520);
INSERT INTO Plays(GID, PID) VALUES (929, 531);
INSERT INTO Plays(GID, PID) VALUES (884, 446);
INSERT INTO Plays(GID, PID) VALUES (1362, 528);
INSERT INTO Plays(GID, PID) VALUES (224, 449);
INSERT INTO Plays(GID, PID) VALUES (969, 491);
INSERT INTO Plays(GID, PID) VALUES (891, 384);
INSERT INTO Plays(GID, PID) VALUES (772, 245);
INSERT INTO Plays(GID, PID) VALUES (992, 208);
INSERT INTO Plays(GID, PID) VALUES (1397, 264);
INSERT INTO Plays(GID, PID) VALUES (979, 318);
INSERT INTO Plays(GID, PID) VALUES (1218, 285);
INSERT INTO Plays(GID, PID) VALUES (1010, 458);
INSERT INTO Plays(GID, PID) VALUES (821, 249);
INSERT INTO Plays(GID, PID) VALUES (1101, 375);
INSERT INTO Plays(GID, PID) VALUES (940, 473);
INSERT INTO Plays(GID, PID) VALUES (1270, 538);
INSERT INTO Plays(GID, PID) VALUES (1216, 478);
INSERT INTO Plays(GID, PID) VALUES (1274, 131);
INSERT INTO Plays(GID, PID) VALUES (1294, 374);
INSERT INTO Plays(GID, PID) VALUES (807, 467);
INSERT INTO Plays(GID, PID) VALUES (735, 214);
INSERT INTO Plays(GID, PID) VALUES (901, 434);
INSERT INTO Plays(GID, PID) VALUES (1334, 385);
INSERT INTO Plays(GID, PID) VALUES (1294, 484);
INSERT INTO Plays(GID, PID) VALUES (555, 438);
INSERT INTO Plays(GID, PID) VALUES (1446, 219);
INSERT INTO Plays(GID, PID) VALUES (1405, 484);
INSERT INTO Plays(GID, PID) VALUES (76, 332);
INSERT INTO Plays(GID, PID) VALUES (1387, 224);
INSERT INTO Plays(GID, PID) VALUES (1448, 399);
INSERT INTO Plays(GID, PID) VALUES (1083, 266);
INSERT INTO Plays(GID, PID) VALUES (173, 435);
INSERT INTO Plays(GID, PID) VALUES (1257, 224);
INSERT INTO Plays(GID, PID) VALUES (1207, 464);
INSERT INTO Plays(GID, PID) VALUES (1030, 360);
INSERT INTO Plays(GID, PID) VALUES (1159, 525);
INSERT INTO Plays(GID, PID) VALUES (1136, 457);
INSERT INTO Plays(GID, PID) VALUES (689, 530);
INSERT INTO Plays(GID, PID) VALUES (1300, 324);
INSERT INTO Plays(GID, PID) VALUES (109, 529);
INSERT INTO Plays(GID, PID) VALUES (503, 511);
INSERT INTO Plays(GID, PID) VALUES (1236, 524);
INSERT INTO Plays(GID, PID) VALUES (829, 539);
INSERT INTO Plays(GID, PID) VALUES (589, 447);
INSERT INTO Plays(GID, PID) VALUES (698, 213);
INSERT INTO Plays(GID, PID) VALUES (945, 153);
INSERT INTO Plays(GID, PID) VALUES (1276, 465);
INSERT INTO Plays(GID, PID) VALUES (1431, 347);
INSERT INTO Plays(GID, PID) VALUES (558, 351);
INSERT INTO Plays(GID, PID) VALUES (1391, 402);
INSERT INTO Plays(GID, PID) VALUES (843, 364);
INSERT INTO Plays(GID, PID) VALUES (953, 121);
INSERT INTO Plays(GID, PID) VALUES (959, 393);
INSERT INTO Plays(GID, PID) VALUES (1035, 209);
INSERT INTO Plays(GID, PID) VALUES (265, 349);
INSERT INTO Plays(GID, PID) VALUES (879, 416);
INSERT INTO Plays(GID, PID) VALUES (1135, 457);
INSERT INTO Plays(GID, PID) VALUES (931, 436);
INSERT INTO Plays(GID, PID) VALUES (1344, 462);
INSERT INTO Plays(GID, PID) VALUES (1347, 420);
INSERT INTO Plays(GID, PID) VALUES (867, 238);
INSERT INTO Plays(GID, PID) VALUES (1166, 392);
INSERT INTO Plays(GID, PID) VALUES (1457, 264);
INSERT INTO Plays(GID, PID) VALUES (1333, 467);
INSERT INTO Plays(GID, PID) VALUES (883, 484);
INSERT INTO Plays(GID, PID) VALUES (740, 279);
INSERT INTO Plays(GID, PID) VALUES (844, 441);
INSERT INTO Plays(GID, PID) VALUES (643, 436);
INSERT INTO Plays(GID, PID) VALUES (1339, 462);
INSERT INTO Plays(GID, PID) VALUES (550, 440);
INSERT INTO Plays(GID, PID) VALUES (738, 493);
INSERT INTO Plays(GID, PID) VALUES (1094, 374);
INSERT INTO Plays(GID, PID) VALUES (520, 489);
INSERT INTO Plays(GID, PID) VALUES (1097, 519);
INSERT INTO Plays(GID, PID) VALUES (1075, 521);
INSERT INTO Plays(GID, PID) VALUES (501, 314);
INSERT INTO Plays(GID, PID) VALUES (1391, 499);
INSERT INTO Plays(GID, PID) VALUES (425, 458);
INSERT INTO Plays(GID, PID) VALUES (1009, 484);
INSERT INTO Plays(GID, PID) VALUES (1151, 506);
INSERT INTO Plays(GID, PID) VALUES (542, 484);
INSERT INTO Plays(GID, PID) VALUES (1012, 495);
INSERT INTO Plays(GID, PID) VALUES (1034, 362);
INSERT INTO Plays(GID, PID) VALUES (614, 433);
INSERT INTO Plays(GID, PID) VALUES (812, 279);
INSERT INTO Plays(GID, PID) VALUES (445, 298);
INSERT INTO Plays(GID, PID) VALUES (1325, 397);
INSERT INTO Plays(GID, PID) VALUES (880, 427);
INSERT INTO Plays(GID, PID) VALUES (1094, 514);
INSERT INTO Plays(GID, PID) VALUES (1357, 508);
INSERT INTO Plays(GID, PID) VALUES (686, 108);
INSERT INTO Plays(GID, PID) VALUES (1414, 522);
INSERT INTO Plays(GID, PID) VALUES (1199, 135);
INSERT INTO Plays(GID, PID) VALUES (1391, 533);
INSERT INTO Plays(GID, PID) VALUES (1369, 158);
INSERT INTO Plays(GID, PID) VALUES (1411, 361);
INSERT INTO Plays(GID, PID) VALUES (780, 532);
INSERT INTO Plays(GID, PID) VALUES (955, 313);
INSERT INTO Plays(GID, PID) VALUES (1480, 468);
INSERT INTO Plays(GID, PID) VALUES (110, 410);
INSERT INTO Plays(GID, PID) VALUES (1403, 277);
INSERT INTO Plays(GID, PID) VALUES (1339, 165);
INSERT INTO Plays(GID, PID) VALUES (1267, 437);
INSERT INTO Plays(GID, PID) VALUES (1106, 199);
INSERT INTO Plays(GID, PID) VALUES (145, 265);
INSERT INTO Plays(GID, PID) VALUES (793, 323);
INSERT INTO Plays(GID, PID) VALUES (794, 253);
INSERT INTO Plays(GID, PID) VALUES (795, 217);
INSERT INTO Plays(GID, PID) VALUES (528, 520);
INSERT INTO Plays(GID, PID) VALUES (1504, 199);
INSERT INTO Plays(GID, PID) VALUES (1141, 530);
INSERT INTO Plays(GID, PID) VALUES (691, 499);
INSERT INTO Plays(GID, PID) VALUES (1151, 304);
INSERT INTO Plays(GID, PID) VALUES (1413, 230);
INSERT INTO Plays(GID, PID) VALUES (997, 418);
INSERT INTO Plays(GID, PID) VALUES (1244, 471);
INSERT INTO Plays(GID, PID) VALUES (949, 261);
INSERT INTO Plays(GID, PID) VALUES (911, 341);
INSERT INTO Plays(GID, PID) VALUES (1196, 527);
INSERT INTO Plays(GID, PID) VALUES (814, 333);
INSERT INTO Plays(GID, PID) VALUES (1158, 518);
INSERT INTO Plays(GID, PID) VALUES (398, 411);
INSERT INTO Plays(GID, PID) VALUES (1048, 508);
INSERT INTO Plays(GID, PID) VALUES (129, 239);
INSERT INTO Plays(GID, PID) VALUES (573, 378);
INSERT INTO Plays(GID, PID) VALUES (906, 415);
INSERT INTO Plays(GID, PID) VALUES (984, 126);
INSERT INTO Plays(GID, PID) VALUES (911, 412);
INSERT INTO Plays(GID, PID) VALUES (1306, 63);
INSERT INTO Plays(GID, PID) VALUES (1170, 271);
INSERT INTO Plays(GID, PID) VALUES (36, 238);
INSERT INTO Plays(GID, PID) VALUES (979, 292);
INSERT INTO Plays(GID, PID) VALUES (1243, 343);
INSERT INTO Plays(GID, PID) VALUES (873, 483);
INSERT INTO Plays(GID, PID) VALUES (612, 305);
INSERT INTO Plays(GID, PID) VALUES (713, 431);
INSERT INTO Plays(GID, PID) VALUES (675, 473);
INSERT INTO Plays(GID, PID) VALUES (1195, 295);
INSERT INTO Plays(GID, PID) VALUES (1051, 450);
INSERT INTO Plays(GID, PID) VALUES (623, 434);
INSERT INTO Plays(GID, PID) VALUES (708, 432);
INSERT INTO Plays(GID, PID) VALUES (1248, 397);
INSERT INTO Plays(GID, PID) VALUES (496, 438);
INSERT INTO Plays(GID, PID) VALUES (1225, 127);
INSERT INTO Plays(GID, PID) VALUES (828, 504);
INSERT INTO Plays(GID, PID) VALUES (348, 281);
INSERT INTO Plays(GID, PID) VALUES (1123, 299);
INSERT INTO Plays(GID, PID) VALUES (1260, 375);
INSERT INTO Plays(GID, PID) VALUES (777, 266);
INSERT INTO Plays(GID, PID) VALUES (1121, 107);
INSERT INTO Plays(GID, PID) VALUES (1230, 357);
INSERT INTO Plays(GID, PID) VALUES (657, 480);
INSERT INTO Plays(GID, PID) VALUES (410, 507);
INSERT INTO Plays(GID, PID) VALUES (1122, 493);
INSERT INTO Plays(GID, PID) VALUES (1021, 408);
INSERT INTO Plays(GID, PID) VALUES (666, 464);
INSERT INTO Plays(GID, PID) VALUES (771, 449);
INSERT INTO Plays(GID, PID) VALUES (866, 511);
INSERT INTO Plays(GID, PID) VALUES (1458, 331);
INSERT INTO Plays(GID, PID) VALUES (726, 542);
INSERT INTO Plays(GID, PID) VALUES (770, 267);
INSERT INTO Plays(GID, PID) VALUES (1111, 291);
INSERT INTO Plays(GID, PID) VALUES (1315, 492);
INSERT INTO Plays(GID, PID) VALUES (367, 270);
INSERT INTO Plays(GID, PID) VALUES (805, 95);
INSERT INTO Plays(GID, PID) VALUES (1024, 426);
INSERT INTO Plays(GID, PID) VALUES (944, 531);
INSERT INTO Plays(GID, PID) VALUES (1366, 439);
INSERT INTO Plays(GID, PID) VALUES (266, 335);
INSERT INTO Plays(GID, PID) VALUES (497, 526);
INSERT INTO Plays(GID, PID) VALUES (1184, 259);
INSERT INTO Plays(GID, PID) VALUES (503, 331);
INSERT INTO Plays(GID, PID) VALUES (1297, 530);
INSERT INTO Plays(GID, PID) VALUES (1463, 122);
INSERT INTO Plays(GID, PID) VALUES (813, 537);
INSERT INTO Plays(GID, PID) VALUES (771, 247);
INSERT INTO Plays(GID, PID) VALUES (247, 497);
INSERT INTO Plays(GID, PID) VALUES (439, 88);
INSERT INTO Plays(GID, PID) VALUES (359, 159);
INSERT INTO Plays(GID, PID) VALUES (1259, 331);
INSERT INTO Plays(GID, PID) VALUES (860, 392);
INSERT INTO Plays(GID, PID) VALUES (628, 167);
INSERT INTO Plays(GID, PID) VALUES (1129, 211);
INSERT INTO Plays(GID, PID) VALUES (1098, 438);
INSERT INTO Plays(GID, PID) VALUES (1153, 419);
INSERT INTO Plays(GID, PID) VALUES (1364, 435);
INSERT INTO Plays(GID, PID) VALUES (178, 247);
INSERT INTO Plays(GID, PID) VALUES (596, 525);
INSERT INTO Plays(GID, PID) VALUES (837, 286);
INSERT INTO Plays(GID, PID) VALUES (509, 542);
INSERT INTO Plays(GID, PID) VALUES (225, 315);
INSERT INTO Plays(GID, PID) VALUES (979, 243);
INSERT INTO Plays(GID, PID) VALUES (1138, 153);
INSERT INTO Plays(GID, PID) VALUES (1165, 191);
INSERT INTO Plays(GID, PID) VALUES (704, 515);
INSERT INTO Plays(GID, PID) VALUES (335, 478);
INSERT INTO Plays(GID, PID) VALUES (979, 481);
INSERT INTO Plays(GID, PID) VALUES (923, 415);
INSERT INTO Plays(GID, PID) VALUES (713, 57);
INSERT INTO Plays(GID, PID) VALUES (702, 242);
INSERT INTO Plays(GID, PID) VALUES (548, 265);
INSERT INTO Plays(GID, PID) VALUES (1502, 332);
INSERT INTO Plays(GID, PID) VALUES (1039, 186);
INSERT INTO Plays(GID, PID) VALUES (944, 464);
INSERT INTO Plays(GID, PID) VALUES (1281, 482);
INSERT INTO Plays(GID, PID) VALUES (528, 388);
INSERT INTO Plays(GID, PID) VALUES (1267, 470);
INSERT INTO Plays(GID, PID) VALUES (1368, 402);
INSERT INTO Plays(GID, PID) VALUES (1232, 288);
INSERT INTO Plays(GID, PID) VALUES (637, 355);
INSERT INTO Plays(GID, PID) VALUES (673, 513);
INSERT INTO Plays(GID, PID) VALUES (1233, 260);
INSERT INTO Plays(GID, PID) VALUES (1355, 429);
INSERT INTO Plays(GID, PID) VALUES (1199, 119);
INSERT INTO Plays(GID, PID) VALUES (747, 103);
INSERT INTO Plays(GID, PID) VALUES (789, 502);
INSERT INTO Plays(GID, PID) VALUES (718, 335);
INSERT INTO Plays(GID, PID) VALUES (1060, 283);
INSERT INTO Plays(GID, PID) VALUES (49, 456);
INSERT INTO Plays(GID, PID) VALUES (1054, 513);
INSERT INTO Plays(GID, PID) VALUES (951, 463);
INSERT INTO Plays(GID, PID) VALUES (1036, 426);
INSERT INTO Plays(GID, PID) VALUES (603, 179);
INSERT INTO Plays(GID, PID) VALUES (939, 298);
INSERT INTO Plays(GID, PID) VALUES (1284, 496);
INSERT INTO Plays(GID, PID) VALUES (1277, 410);
INSERT INTO Plays(GID, PID) VALUES (1344, 524);
INSERT INTO Plays(GID, PID) VALUES (1119, 340);
INSERT INTO Plays(GID, PID) VALUES (998, 424);
INSERT INTO Plays(GID, PID) VALUES (1210, 236);
INSERT INTO Plays(GID, PID) VALUES (310, 450);
INSERT INTO Plays(GID, PID) VALUES (388, 522);
INSERT INTO Plays(GID, PID) VALUES (662, 282);
INSERT INTO Plays(GID, PID) VALUES (1486, 408);
INSERT INTO Plays(GID, PID) VALUES (1014, 240);
INSERT INTO Plays(GID, PID) VALUES (1444, 371);
INSERT INTO Plays(GID, PID) VALUES (427, 502);
INSERT INTO Plays(GID, PID) VALUES (1477, 342);
INSERT INTO Plays(GID, PID) VALUES (1257, 267);
INSERT INTO Plays(GID, PID) VALUES (406, 323);
INSERT INTO Plays(GID, PID) VALUES (1445, 355);
INSERT INTO Plays(GID, PID) VALUES (897, 484);
INSERT INTO Plays(GID, PID) VALUES (648, 462);
INSERT INTO Plays(GID, PID) VALUES (866, 518);
INSERT INTO Plays(GID, PID) VALUES (471, 430);
INSERT INTO Plays(GID, PID) VALUES (842, 538);
INSERT INTO Plays(GID, PID) VALUES (1428, 203);
INSERT INTO Plays(GID, PID) VALUES (964, 335);
INSERT INTO Plays(GID, PID) VALUES (1461, 167);
INSERT INTO Plays(GID, PID) VALUES (809, 337);
INSERT INTO Plays(GID, PID) VALUES (1388, 342);
INSERT INTO Plays(GID, PID) VALUES (755, 249);
INSERT INTO Plays(GID, PID) VALUES (1172, 525);
INSERT INTO Plays(GID, PID) VALUES (627, 252);
INSERT INTO Plays(GID, PID) VALUES (1135, 300);
INSERT INTO Plays(GID, PID) VALUES (1286, 270);
INSERT INTO Plays(GID, PID) VALUES (301, 381);
INSERT INTO Plays(GID, PID) VALUES (695, 159);
INSERT INTO Plays(GID, PID) VALUES (1500, 258);
INSERT INTO Plays(GID, PID) VALUES (1389, 401);
INSERT INTO Plays(GID, PID) VALUES (1089, 165);
INSERT INTO Plays(GID, PID) VALUES (726, 221);
INSERT INTO Plays(GID, PID) VALUES (1111, 354);
INSERT INTO Plays(GID, PID) VALUES (1084, 436);
INSERT INTO Plays(GID, PID) VALUES (257, 380);
INSERT INTO Plays(GID, PID) VALUES (1416, 489);
INSERT INTO Plays(GID, PID) VALUES (207, 510);
INSERT INTO Plays(GID, PID) VALUES (1357, 201);
INSERT INTO Plays(GID, PID) VALUES (894, 430);
INSERT INTO Plays(GID, PID) VALUES (1451, 540);
INSERT INTO Plays(GID, PID) VALUES (727, 522);
INSERT INTO Plays(GID, PID) VALUES (969, 442);
INSERT INTO Plays(GID, PID) VALUES (1300, 284);
INSERT INTO Plays(GID, PID) VALUES (1064, 431);
INSERT INTO Plays(GID, PID) VALUES (628, 468);
INSERT INTO Plays(GID, PID) VALUES (1374, 322);
INSERT INTO Plays(GID, PID) VALUES (1082, 454);
INSERT INTO Plays(GID, PID) VALUES (527, 140);
INSERT INTO Plays(GID, PID) VALUES (1268, 136);
INSERT INTO Plays(GID, PID) VALUES (1117, 435);
INSERT INTO Plays(GID, PID) VALUES (1009, 467);
INSERT INTO Plays(GID, PID) VALUES (1185, 359);
INSERT INTO Plays(GID, PID) VALUES (1140, 372);
INSERT INTO Plays(GID, PID) VALUES (464, 358);
INSERT INTO Plays(GID, PID) VALUES (1387, 86);
INSERT INTO Plays(GID, PID) VALUES (1246, 440);
INSERT INTO Plays(GID, PID) VALUES (1450, 280);
INSERT INTO Plays(GID, PID) VALUES (1422, 357);
INSERT INTO Plays(GID, PID) VALUES (626, 356);
INSERT INTO Plays(GID, PID) VALUES (1330, 141);
INSERT INTO Plays(GID, PID) VALUES (1317, 44);
INSERT INTO Plays(GID, PID) VALUES (406, 297);
INSERT INTO Plays(GID, PID) VALUES (904, 512);
INSERT INTO Plays(GID, PID) VALUES (1096, 481);
INSERT INTO Plays(GID, PID) VALUES (1088, 519);
INSERT INTO Plays(GID, PID) VALUES (889, 538);
INSERT INTO Plays(GID, PID) VALUES (1010, 205);
INSERT INTO Plays(GID, PID) VALUES (1143, 522);
INSERT INTO Plays(GID, PID) VALUES (1388, 401);
INSERT INTO Plays(GID, PID) VALUES (1136, 543);
INSERT INTO Plays(GID, PID) VALUES (1216, 455);
INSERT INTO Plays(GID, PID) VALUES (1479, 275);
INSERT INTO Plays(GID, PID) VALUES (1248, 414);
INSERT INTO Plays(GID, PID) VALUES (151, 504);
INSERT INTO Plays(GID, PID) VALUES (1449, 504);
INSERT INTO Plays(GID, PID) VALUES (1402, 483);
INSERT INTO Plays(GID, PID) VALUES (451, 453);
INSERT INTO Plays(GID, PID) VALUES (1149, 527);
INSERT INTO Plays(GID, PID) VALUES (1281, 365);
INSERT INTO Plays(GID, PID) VALUES (908, 183);
INSERT INTO Plays(GID, PID) VALUES (463, 270);
INSERT INTO Plays(GID, PID) VALUES (940, 459);
INSERT INTO Plays(GID, PID) VALUES (1201, 401);
INSERT INTO Plays(GID, PID) VALUES (454, 535);
INSERT INTO Plays(GID, PID) VALUES (1478, 380);
INSERT INTO Plays(GID, PID) VALUES (655, 442);
INSERT INTO Plays(GID, PID) VALUES (1441, 427);
INSERT INTO Plays(GID, PID) VALUES (672, 214);
INSERT INTO Plays(GID, PID) VALUES (190, 423);
INSERT INTO Plays(GID, PID) VALUES (1029, 249);
INSERT INTO Plays(GID, PID) VALUES (53, 528);
INSERT INTO Plays(GID, PID) VALUES (1202, 315);
INSERT INTO Plays(GID, PID) VALUES (792, 164);
INSERT INTO Plays(GID, PID) VALUES (1108, 255);
INSERT INTO Plays(GID, PID) VALUES (871, 23);
INSERT INTO Plays(GID, PID) VALUES (751, 517);
INSERT INTO Plays(GID, PID) VALUES (1184, 356);
INSERT INTO Plays(GID, PID) VALUES (1172, 275);
INSERT INTO Plays(GID, PID) VALUES (1298, 140);
INSERT INTO Plays(GID, PID) VALUES (1284, 411);
INSERT INTO Plays(GID, PID) VALUES (657, 525);
INSERT INTO Plays(GID, PID) VALUES (452, 437);
INSERT INTO Plays(GID, PID) VALUES (756, 340);
INSERT INTO Plays(GID, PID) VALUES (1166, 177);
INSERT INTO Plays(GID, PID) VALUES (337, 461);
INSERT INTO Plays(GID, PID) VALUES (359, 422);
INSERT INTO Plays(GID, PID) VALUES (1253, 451);
INSERT INTO Plays(GID, PID) VALUES (1435, 314);
INSERT INTO Plays(GID, PID) VALUES (872, 264);
INSERT INTO Plays(GID, PID) VALUES (568, 269);
INSERT INTO Plays(GID, PID) VALUES (1236, 416);
INSERT INTO Plays(GID, PID) VALUES (713, 475);
INSERT INTO Plays(GID, PID) VALUES (209, 438);
INSERT INTO Plays(GID, PID) VALUES (1275, 496);
INSERT INTO Plays(GID, PID) VALUES (957, 475);
INSERT INTO Plays(GID, PID) VALUES (1257, 363);
INSERT INTO Plays(GID, PID) VALUES (458, 419);
INSERT INTO Plays(GID, PID) VALUES (1494, 483);
INSERT INTO Plays(GID, PID) VALUES (1424, 319);
INSERT INTO Plays(GID, PID) VALUES (387, 416);
INSERT INTO Plays(GID, PID) VALUES (655, 529);
INSERT INTO Plays(GID, PID) VALUES (1198, 191);
INSERT INTO Plays(GID, PID) VALUES (1018, 511);
INSERT INTO Plays(GID, PID) VALUES (519, 401);
INSERT INTO Plays(GID, PID) VALUES (1336, 484);
INSERT INTO Plays(GID, PID) VALUES (926, 278);
INSERT INTO Plays(GID, PID) VALUES (234, 370);
INSERT INTO Plays(GID, PID) VALUES (511, 422);
INSERT INTO Plays(GID, PID) VALUES (993, 113);
INSERT INTO Plays(GID, PID) VALUES (795, 498);
INSERT INTO Plays(GID, PID) VALUES (993, 387);
INSERT INTO Plays(GID, PID) VALUES (818, 331);
INSERT INTO Plays(GID, PID) VALUES (1275, 353);
INSERT INTO Plays(GID, PID) VALUES (150, 237);
INSERT INTO Plays(GID, PID) VALUES (556, 481);
INSERT INTO Plays(GID, PID) VALUES (1433, 243);
INSERT INTO Plays(GID, PID) VALUES (433, 477);
INSERT INTO Plays(GID, PID) VALUES (844, 328);
INSERT INTO Plays(GID, PID) VALUES (600, 244);
INSERT INTO Plays(GID, PID) VALUES (1025, 175);
INSERT INTO Plays(GID, PID) VALUES (1134, 399);
INSERT INTO Plays(GID, PID) VALUES (569, 380);
INSERT INTO Plays(GID, PID) VALUES (1097, 449);
INSERT INTO Plays(GID, PID) VALUES (1082, 414);
INSERT INTO Plays(GID, PID) VALUES (975, 317);
INSERT INTO Plays(GID, PID) VALUES (1384, 485);
INSERT INTO Plays(GID, PID) VALUES (618, 503);
INSERT INTO Plays(GID, PID) VALUES (794, 205);
INSERT INTO Plays(GID, PID) VALUES (868, 512);
INSERT INTO Plays(GID, PID) VALUES (1233, 292);
INSERT INTO Plays(GID, PID) VALUES (1051, 372);
INSERT INTO Plays(GID, PID) VALUES (738, 414);
INSERT INTO Plays(GID, PID) VALUES (1462, 411);
INSERT INTO Plays(GID, PID) VALUES (1323, 405);
INSERT INTO Plays(GID, PID) VALUES (1222, 175);
INSERT INTO Plays(GID, PID) VALUES (1206, 265);
INSERT INTO Plays(GID, PID) VALUES (1282, 259);
INSERT INTO Plays(GID, PID) VALUES (1436, 482);
INSERT INTO Plays(GID, PID) VALUES (908, 276);
INSERT INTO Plays(GID, PID) VALUES (1164, 356);
INSERT INTO Plays(GID, PID) VALUES (713, 481);
INSERT INTO Plays(GID, PID) VALUES (1204, 362);
INSERT INTO Plays(GID, PID) VALUES (1153, 341);
INSERT INTO Plays(GID, PID) VALUES (798, 521);
INSERT INTO Plays(GID, PID) VALUES (685, 522);
INSERT INTO Plays(GID, PID) VALUES (940, 530);
INSERT INTO Plays(GID, PID) VALUES (1097, 453);
INSERT INTO Plays(GID, PID) VALUES (777, 432);
INSERT INTO Plays(GID, PID) VALUES (651, 375);
INSERT INTO Plays(GID, PID) VALUES (1146, 109);
INSERT INTO Plays(GID, PID) VALUES (793, 500);
INSERT INTO Plays(GID, PID) VALUES (410, 256);
INSERT INTO Plays(GID, PID) VALUES (138, 34);
INSERT INTO Plays(GID, PID) VALUES (968, 332);
INSERT INTO Plays(GID, PID) VALUES (597, 504);
INSERT INTO Plays(GID, PID) VALUES (832, 434);
INSERT INTO Plays(GID, PID) VALUES (273, 486);
INSERT INTO Plays(GID, PID) VALUES (1274, 514);
INSERT INTO Plays(GID, PID) VALUES (1358, 304);
INSERT INTO Plays(GID, PID) VALUES (777, 523);
INSERT INTO Plays(GID, PID) VALUES (1185, 246);
INSERT INTO Plays(GID, PID) VALUES (1376, 486);
INSERT INTO Plays(GID, PID) VALUES (789, 512);
INSERT INTO Plays(GID, PID) VALUES (1449, 84);
INSERT INTO Plays(GID, PID) VALUES (1404, 503);
INSERT INTO Plays(GID, PID) VALUES (421, 246);
INSERT INTO Plays(GID, PID) VALUES (689, 529);
INSERT INTO Plays(GID, PID) VALUES (1452, 160);
INSERT INTO Plays(GID, PID) VALUES (1020, 373);
INSERT INTO Plays(GID, PID) VALUES (868, 319);
INSERT INTO Plays(GID, PID) VALUES (1493, 427);
INSERT INTO Plays(GID, PID) VALUES (970, 434);
INSERT INTO Plays(GID, PID) VALUES (1098, 72);
INSERT INTO Plays(GID, PID) VALUES (867, 198);
INSERT INTO Plays(GID, PID) VALUES (363, 320);
INSERT INTO Plays(GID, PID) VALUES (1118, 421);
INSERT INTO Plays(GID, PID) VALUES (949, 448);
INSERT INTO Plays(GID, PID) VALUES (1132, 339);
INSERT INTO Plays(GID, PID) VALUES (967, 446);
INSERT INTO Plays(GID, PID) VALUES (1094, 382);
INSERT INTO Plays(GID, PID) VALUES (1259, 290);
INSERT INTO Plays(GID, PID) VALUES (722, 424);
INSERT INTO Plays(GID, PID) VALUES (1254, 519);
INSERT INTO Plays(GID, PID) VALUES (931, 219);
INSERT INTO Plays(GID, PID) VALUES (1072, 213);
INSERT INTO Plays(GID, PID) VALUES (1322, 460);
INSERT INTO Plays(GID, PID) VALUES (896, 381);
INSERT INTO Plays(GID, PID) VALUES (1075, 236);
INSERT INTO Plays(GID, PID) VALUES (853, 512);
INSERT INTO Plays(GID, PID) VALUES (728, 499);
INSERT INTO Plays(GID, PID) VALUES (1000, 335);
INSERT INTO Plays(GID, PID) VALUES (364, 482);
INSERT INTO Plays(GID, PID) VALUES (630, 498);
INSERT INTO Plays(GID, PID) VALUES (1078, 430);
INSERT INTO Plays(GID, PID) VALUES (520, 417);
INSERT INTO Plays(GID, PID) VALUES (1406, 112);
INSERT INTO Plays(GID, PID) VALUES (1213, 492);
INSERT INTO Plays(GID, PID) VALUES (1285, 175);
INSERT INTO Plays(GID, PID) VALUES (777, 319);
INSERT INTO Plays(GID, PID) VALUES (1063, 182);
INSERT INTO Plays(GID, PID) VALUES (1370, 478);
INSERT INTO Plays(GID, PID) VALUES (778, 283);
INSERT INTO Plays(GID, PID) VALUES (1020, 233);
INSERT INTO Plays(GID, PID) VALUES (400, 479);
INSERT INTO Plays(GID, PID) VALUES (1186, 480);
INSERT INTO Plays(GID, PID) VALUES (604, 300);
INSERT INTO Plays(GID, PID) VALUES (455, 137);
INSERT INTO Plays(GID, PID) VALUES (1430, 255);
INSERT INTO Plays(GID, PID) VALUES (1383, 281);
INSERT INTO Plays(GID, PID) VALUES (1392, 351);
INSERT INTO Plays(GID, PID) VALUES (1020, 534);
INSERT INTO Plays(GID, PID) VALUES (1332, 464);
INSERT INTO Plays(GID, PID) VALUES (1374, 180);
INSERT INTO Plays(GID, PID) VALUES (1014, 390);
INSERT INTO Plays(GID, PID) VALUES (1191, 172);
INSERT INTO Plays(GID, PID) VALUES (1408, 531);
INSERT INTO Plays(GID, PID) VALUES (714, 367);
INSERT INTO Plays(GID, PID) VALUES (1203, 205);
INSERT INTO Plays(GID, PID) VALUES (1444, 450);
INSERT INTO Plays(GID, PID) VALUES (1027, 458);
INSERT INTO Plays(GID, PID) VALUES (187, 400);
INSERT INTO Plays(GID, PID) VALUES (1171, 431);
INSERT INTO Plays(GID, PID) VALUES (1385, 177);
INSERT INTO Plays(GID, PID) VALUES (920, 388);
INSERT INTO Plays(GID, PID) VALUES (1449, 452);
INSERT INTO Plays(GID, PID) VALUES (1220, 260);
INSERT INTO Plays(GID, PID) VALUES (1474, 338);
INSERT INTO Plays(GID, PID) VALUES (1061, 361);
INSERT INTO Plays(GID, PID) VALUES (1471, 484);
INSERT INTO Plays(GID, PID) VALUES (1432, 415);
INSERT INTO Plays(GID, PID) VALUES (297, 477);
INSERT INTO Plays(GID, PID) VALUES (1438, 196);
INSERT INTO Plays(GID, PID) VALUES (1359, 448);
INSERT INTO Plays(GID, PID) VALUES (938, 496);
INSERT INTO Plays(GID, PID) VALUES (924, 288);
INSERT INTO Plays(GID, PID) VALUES (1435, 346);
INSERT INTO Plays(GID, PID) VALUES (1076, 539);
INSERT INTO Plays(GID, PID) VALUES (1057, 473);
INSERT INTO Plays(GID, PID) VALUES (1009, 511);
INSERT INTO Plays(GID, PID) VALUES (510, 352);
INSERT INTO Plays(GID, PID) VALUES (1352, 178);
INSERT INTO Plays(GID, PID) VALUES (1115, 148);
INSERT INTO Plays(GID, PID) VALUES (1402, 300);
INSERT INTO Plays(GID, PID) VALUES (762, 386);
INSERT INTO Plays(GID, PID) VALUES (447, 475);
INSERT INTO Plays(GID, PID) VALUES (1098, 219);
INSERT INTO Plays(GID, PID) VALUES (814, 194);
INSERT INTO Plays(GID, PID) VALUES (1351, 363);
INSERT INTO Plays(GID, PID) VALUES (797, 178);
INSERT INTO Plays(GID, PID) VALUES (939, 240);
INSERT INTO Plays(GID, PID) VALUES (1165, 441);
INSERT INTO Plays(GID, PID) VALUES (1205, 297);
INSERT INTO Plays(GID, PID) VALUES (359, 181);
INSERT INTO Plays(GID, PID) VALUES (1502, 199);
INSERT INTO Plays(GID, PID) VALUES (1121, 387);
INSERT INTO Plays(GID, PID) VALUES (1180, 182);
INSERT INTO Plays(GID, PID) VALUES (650, 328);
INSERT INTO Plays(GID, PID) VALUES (1230, 220);
INSERT INTO Plays(GID, PID) VALUES (1231, 127);
INSERT INTO Plays(GID, PID) VALUES (1360, 523);
INSERT INTO Plays(GID, PID) VALUES (444, 473);
INSERT INTO Plays(GID, PID) VALUES (1416, 321);
INSERT INTO Plays(GID, PID) VALUES (1342, 335);
INSERT INTO Plays(GID, PID) VALUES (1051, 452);
INSERT INTO Plays(GID, PID) VALUES (1416, 150);
INSERT INTO Plays(GID, PID) VALUES (1290, 509);
INSERT INTO Plays(GID, PID) VALUES (634, 379);
INSERT INTO Plays(GID, PID) VALUES (1163, 333);
INSERT INTO Plays(GID, PID) VALUES (1076, 263);
INSERT INTO Plays(GID, PID) VALUES (1296, 419);
INSERT INTO Plays(GID, PID) VALUES (1264, 140);
INSERT INTO Plays(GID, PID) VALUES (987, 325);
INSERT INTO Plays(GID, PID) VALUES (1087, 514);
INSERT INTO Plays(GID, PID) VALUES (1465, 171);
INSERT INTO Plays(GID, PID) VALUES (234, 238);
INSERT INTO Plays(GID, PID) VALUES (1466, 475);
INSERT INTO Plays(GID, PID) VALUES (511, 181);
INSERT INTO Plays(GID, PID) VALUES (1055, 497);
INSERT INTO Plays(GID, PID) VALUES (1091, 519);
INSERT INTO Plays(GID, PID) VALUES (1496, 538);
INSERT INTO Plays(GID, PID) VALUES (1394, 349);
INSERT INTO Plays(GID, PID) VALUES (1427, 462);
INSERT INTO Plays(GID, PID) VALUES (474, 103);
INSERT INTO Plays(GID, PID) VALUES (783, 383);
INSERT INTO Plays(GID, PID) VALUES (453, 425);
INSERT INTO Plays(GID, PID) VALUES (1238, 64);
INSERT INTO Plays(GID, PID) VALUES (917, 485);
INSERT INTO Plays(GID, PID) VALUES (1250, 178);
INSERT INTO Plays(GID, PID) VALUES (684, 514);
INSERT INTO Plays(GID, PID) VALUES (440, 434);
INSERT INTO Plays(GID, PID) VALUES (955, 261);
INSERT INTO Plays(GID, PID) VALUES (880, 102);
INSERT INTO Plays(GID, PID) VALUES (1404, 391);
INSERT INTO Plays(GID, PID) VALUES (987, 496);
INSERT INTO Plays(GID, PID) VALUES (1357, 342);
INSERT INTO Plays(GID, PID) VALUES (1354, 352);
INSERT INTO Plays(GID, PID) VALUES (568, 446);
INSERT INTO Plays(GID, PID) VALUES (1266, 458);
INSERT INTO Plays(GID, PID) VALUES (682, 267);
INSERT INTO Plays(GID, PID) VALUES (1389, 538);
INSERT INTO Plays(GID, PID) VALUES (1499, 296);
INSERT INTO Plays(GID, PID) VALUES (460, 396);
INSERT INTO Plays(GID, PID) VALUES (1202, 328);
INSERT INTO Plays(GID, PID) VALUES (765, 481);
INSERT INTO Plays(GID, PID) VALUES (977, 499);
INSERT INTO Plays(GID, PID) VALUES (414, 319);
INSERT INTO Plays(GID, PID) VALUES (928, 494);
INSERT INTO Plays(GID, PID) VALUES (883, 351);
INSERT INTO Plays(GID, PID) VALUES (756, 272);
INSERT INTO Plays(GID, PID) VALUES (1211, 478);
INSERT INTO Plays(GID, PID) VALUES (663, 140);
INSERT INTO Plays(GID, PID) VALUES (1293, 368);
INSERT INTO Plays(GID, PID) VALUES (615, 315);
INSERT INTO Plays(GID, PID) VALUES (1145, 363);
INSERT INTO Plays(GID, PID) VALUES (983, 332);
INSERT INTO Plays(GID, PID) VALUES (1231, 357);
INSERT INTO Plays(GID, PID) VALUES (1475, 352);
INSERT INTO Plays(GID, PID) VALUES (1333, 475);
INSERT INTO Plays(GID, PID) VALUES (1003, 113);
INSERT INTO Plays(GID, PID) VALUES (938, 535);
INSERT INTO Plays(GID, PID) VALUES (1341, 392);
INSERT INTO Plays(GID, PID) VALUES (1458, 476);
INSERT INTO Plays(GID, PID) VALUES (211, 202);
INSERT INTO Plays(GID, PID) VALUES (1438, 237);
INSERT INTO Plays(GID, PID) VALUES (764, 444);
INSERT INTO Plays(GID, PID) VALUES (533, 179);
INSERT INTO Plays(GID, PID) VALUES (1004, 543);
INSERT INTO Plays(GID, PID) VALUES (1003, 294);
INSERT INTO Plays(GID, PID) VALUES (1227, 86);
INSERT INTO Plays(GID, PID) VALUES (1017, 507);
INSERT INTO Plays(GID, PID) VALUES (812, 314);
INSERT INTO Plays(GID, PID) VALUES (469, 351);
INSERT INTO Plays(GID, PID) VALUES (203, 150);
INSERT INTO Plays(GID, PID) VALUES (522, 436);
INSERT INTO Plays(GID, PID) VALUES (1178, 370);
INSERT INTO Plays(GID, PID) VALUES (1492, 388);
INSERT INTO Plays(GID, PID) VALUES (793, 347);
INSERT INTO Plays(GID, PID) VALUES (1112, 522);
INSERT INTO Plays(GID, PID) VALUES (505, 296);
INSERT INTO Plays(GID, PID) VALUES (1478, 369);
INSERT INTO Plays(GID, PID) VALUES (1135, 331);
INSERT INTO Plays(GID, PID) VALUES (913, 164);
INSERT INTO Plays(GID, PID) VALUES (932, 67);
INSERT INTO Plays(GID, PID) VALUES (302, 490);
INSERT INTO Plays(GID, PID) VALUES (1245, 120);
INSERT INTO Plays(GID, PID) VALUES (932, 383);
INSERT INTO Plays(GID, PID) VALUES (1440, 537);
INSERT INTO Plays(GID, PID) VALUES (346, 377);
INSERT INTO Plays(GID, PID) VALUES (532, 525);
INSERT INTO Plays(GID, PID) VALUES (948, 226);
INSERT INTO Plays(GID, PID) VALUES (1243, 467);
INSERT INTO Plays(GID, PID) VALUES (574, 335);
INSERT INTO Plays(GID, PID) VALUES (826, 533);
INSERT INTO Plays(GID, PID) VALUES (764, 452);
INSERT INTO Plays(GID, PID) VALUES (589, 350);
INSERT INTO Plays(GID, PID) VALUES (1334, 257);
INSERT INTO Plays(GID, PID) VALUES (843, 462);
INSERT INTO Plays(GID, PID) VALUES (1293, 213);
INSERT INTO Plays(GID, PID) VALUES (1480, 454);
INSERT INTO Plays(GID, PID) VALUES (1300, 480);
INSERT INTO Plays(GID, PID) VALUES (790, 439);
INSERT INTO Plays(GID, PID) VALUES (1194, 196);
INSERT INTO Plays(GID, PID) VALUES (1176, 238);
INSERT INTO Plays(GID, PID) VALUES (534, 449);
INSERT INTO Plays(GID, PID) VALUES (1392, 466);
INSERT INTO Plays(GID, PID) VALUES (1037, 393);
INSERT INTO Plays(GID, PID) VALUES (1429, 399);
INSERT INTO Plays(GID, PID) VALUES (1063, 428);
INSERT INTO Plays(GID, PID) VALUES (842, 245);
INSERT INTO Plays(GID, PID) VALUES (1183, 473);
INSERT INTO Plays(GID, PID) VALUES (1489, 371);
INSERT INTO Plays(GID, PID) VALUES (655, 345);
INSERT INTO Plays(GID, PID) VALUES (1124, 295);
INSERT INTO Plays(GID, PID) VALUES (1499, 524);
INSERT INTO Plays(GID, PID) VALUES (1265, 394);
INSERT INTO Plays(GID, PID) VALUES (637, 467);
INSERT INTO Plays(GID, PID) VALUES (1403, 539);
INSERT INTO Plays(GID, PID) VALUES (629, 489);
INSERT INTO Plays(GID, PID) VALUES (1055, 377);
INSERT INTO Plays(GID, PID) VALUES (703, 298);
INSERT INTO Plays(GID, PID) VALUES (1366, 320);
INSERT INTO Plays(GID, PID) VALUES (1417, 452);
INSERT INTO Plays(GID, PID) VALUES (843, 463);
INSERT INTO Plays(GID, PID) VALUES (1451, 337);
INSERT INTO Plays(GID, PID) VALUES (568, 430);
INSERT INTO Plays(GID, PID) VALUES (461, 403);
INSERT INTO Plays(GID, PID) VALUES (1469, 190);
INSERT INTO Plays(GID, PID) VALUES (972, 289);
INSERT INTO Plays(GID, PID) VALUES (692, 389);
INSERT INTO Plays(GID, PID) VALUES (296, 348);
INSERT INTO Plays(GID, PID) VALUES (581, 521);
INSERT INTO Plays(GID, PID) VALUES (1428, 254);
INSERT INTO Plays(GID, PID) VALUES (248, 75);
INSERT INTO Plays(GID, PID) VALUES (1065, 149);
INSERT INTO Plays(GID, PID) VALUES (924, 391);
INSERT INTO Plays(GID, PID) VALUES (1401, 461);
INSERT INTO Plays(GID, PID) VALUES (966, 243);
INSERT INTO Plays(GID, PID) VALUES (1449, 472);
INSERT INTO Plays(GID, PID) VALUES (561, 463);
INSERT INTO Plays(GID, PID) VALUES (895, 503);
INSERT INTO Plays(GID, PID) VALUES (960, 288);
INSERT INTO Plays(GID, PID) VALUES (957, 363);
INSERT INTO Plays(GID, PID) VALUES (1286, 326);
INSERT INTO Plays(GID, PID) VALUES (723, 528);
INSERT INTO Plays(GID, PID) VALUES (1396, 519);
INSERT INTO Plays(GID, PID) VALUES (543, 335);
INSERT INTO Plays(GID, PID) VALUES (951, 474);
INSERT INTO Plays(GID, PID) VALUES (1377, 215);
INSERT INTO Plays(GID, PID) VALUES (1237, 516);
INSERT INTO Plays(GID, PID) VALUES (1184, 252);
INSERT INTO Plays(GID, PID) VALUES (970, 400);
INSERT INTO Plays(GID, PID) VALUES (819, 97);
INSERT INTO Plays(GID, PID) VALUES (1310, 318);
INSERT INTO Plays(GID, PID) VALUES (676, 359);
INSERT INTO Plays(GID, PID) VALUES (1126, 424);
INSERT INTO Plays(GID, PID) VALUES (1482, 190);
INSERT INTO Plays(GID, PID) VALUES (1462, 293);
INSERT INTO Plays(GID, PID) VALUES (1308, 227);
INSERT INTO Plays(GID, PID) VALUES (1122, 167);
INSERT INTO Plays(GID, PID) VALUES (1393, 512);
INSERT INTO Plays(GID, PID) VALUES (315, 531);
INSERT INTO Plays(GID, PID) VALUES (1392, 453);
INSERT INTO Plays(GID, PID) VALUES (1435, 461);
INSERT INTO Plays(GID, PID) VALUES (772, 375);
INSERT INTO Plays(GID, PID) VALUES (1072, 310);
INSERT INTO Plays(GID, PID) VALUES (1231, 407);
INSERT INTO Plays(GID, PID) VALUES (1502, 280);
INSERT INTO Plays(GID, PID) VALUES (926, 507);
INSERT INTO Plays(GID, PID) VALUES (1043, 459);
INSERT INTO Plays(GID, PID) VALUES (1376, 527);
INSERT INTO Plays(GID, PID) VALUES (722, 365);
INSERT INTO Plays(GID, PID) VALUES (817, 480);
INSERT INTO Plays(GID, PID) VALUES (1471, 370);
INSERT INTO Plays(GID, PID) VALUES (1125, 123);
INSERT INTO Plays(GID, PID) VALUES (1457, 389);
INSERT INTO Plays(GID, PID) VALUES (1028, 351);
INSERT INTO Plays(GID, PID) VALUES (502, 538);
INSERT INTO Plays(GID, PID) VALUES (1261, 309);
INSERT INTO Plays(GID, PID) VALUES (1345, 80);
INSERT INTO Plays(GID, PID) VALUES (888, 534);
INSERT INTO Plays(GID, PID) VALUES (1091, 301);
INSERT INTO Plays(GID, PID) VALUES (1139, 72);
INSERT INTO Plays(GID, PID) VALUES (1419, 393);
INSERT INTO Plays(GID, PID) VALUES (732, 530);
INSERT INTO Plays(GID, PID) VALUES (1421, 331);
INSERT INTO Plays(GID, PID) VALUES (1364, 147);
INSERT INTO Plays(GID, PID) VALUES (1390, 189);
INSERT INTO Plays(GID, PID) VALUES (1152, 186);
INSERT INTO Plays(GID, PID) VALUES (617, 489);
INSERT INTO Plays(GID, PID) VALUES (851, 207);
INSERT INTO Plays(GID, PID) VALUES (1128, 177);
INSERT INTO Plays(GID, PID) VALUES (446, 482);
INSERT INTO Plays(GID, PID) VALUES (499, 446);
INSERT INTO Plays(GID, PID) VALUES (1255, 483);
INSERT INTO Plays(GID, PID) VALUES (1308, 518);
INSERT INTO Plays(GID, PID) VALUES (699, 113);
INSERT INTO Plays(GID, PID) VALUES (374, 288);
INSERT INTO Plays(GID, PID) VALUES (1350, 483);
INSERT INTO Plays(GID, PID) VALUES (1296, 530);
INSERT INTO Plays(GID, PID) VALUES (853, 110);
INSERT INTO Plays(GID, PID) VALUES (509, 433);
INSERT INTO Plays(GID, PID) VALUES (1308, 206);
INSERT INTO Plays(GID, PID) VALUES (768, 535);
INSERT INTO Plays(GID, PID) VALUES (1326, 317);
INSERT INTO Plays(GID, PID) VALUES (1050, 356);
INSERT INTO Plays(GID, PID) VALUES (1101, 169);
INSERT INTO Plays(GID, PID) VALUES (1415, 120);
INSERT INTO Plays(GID, PID) VALUES (1279, 429);
INSERT INTO Plays(GID, PID) VALUES (967, 542);
INSERT INTO Plays(GID, PID) VALUES (1430, 351);
INSERT INTO Plays(GID, PID) VALUES (1022, 223);
INSERT INTO Plays(GID, PID) VALUES (1010, 188);
INSERT INTO Plays(GID, PID) VALUES (1435, 393);
INSERT INTO Plays(GID, PID) VALUES (1037, 275);
INSERT INTO Plays(GID, PID) VALUES (820, 439);
INSERT INTO Plays(GID, PID) VALUES (803, 485);
INSERT INTO Plays(GID, PID) VALUES (927, 109);
INSERT INTO Plays(GID, PID) VALUES (930, 243);
INSERT INTO Plays(GID, PID) VALUES (1194, 215);
INSERT INTO Plays(GID, PID) VALUES (758, 507);
INSERT INTO Plays(GID, PID) VALUES (1442, 221);
INSERT INTO Plays(GID, PID) VALUES (1336, 202);
INSERT INTO Plays(GID, PID) VALUES (549, 435);
INSERT INTO Plays(GID, PID) VALUES (366, 244);
INSERT INTO Plays(GID, PID) VALUES (916, 105);
INSERT INTO Plays(GID, PID) VALUES (597, 392);
INSERT INTO Plays(GID, PID) VALUES (319, 493);
INSERT INTO Plays(GID, PID) VALUES (420, 140);
INSERT INTO Plays(GID, PID) VALUES (1275, 392);
INSERT INTO Plays(GID, PID) VALUES (847, 333);
INSERT INTO Plays(GID, PID) VALUES (1335, 32);
INSERT INTO Plays(GID, PID) VALUES (316, 275);
INSERT INTO Plays(GID, PID) VALUES (1018, 222);
INSERT INTO Plays(GID, PID) VALUES (855, 355);
INSERT INTO Plays(GID, PID) VALUES (818, 161);
INSERT INTO Plays(GID, PID) VALUES (756, 413);
INSERT INTO Plays(GID, PID) VALUES (1273, 251);
INSERT INTO Plays(GID, PID) VALUES (1391, 110);
INSERT INTO Plays(GID, PID) VALUES (742, 501);
INSERT INTO Plays(GID, PID) VALUES (1416, 520);
INSERT INTO Plays(GID, PID) VALUES (993, 426);
INSERT INTO Plays(GID, PID) VALUES (500, 377);
INSERT INTO Plays(GID, PID) VALUES (59, 389);
INSERT INTO Plays(GID, PID) VALUES (1419, 495);
INSERT INTO Plays(GID, PID) VALUES (1373, 307);
INSERT INTO Plays(GID, PID) VALUES (1142, 447);
INSERT INTO Plays(GID, PID) VALUES (1382, 509);
INSERT INTO Plays(GID, PID) VALUES (828, 99);
INSERT INTO Plays(GID, PID) VALUES (524, 222);
INSERT INTO Plays(GID, PID) VALUES (1298, 420);
INSERT INTO Plays(GID, PID) VALUES (1357, 332);
INSERT INTO Plays(GID, PID) VALUES (970, 368);
INSERT INTO Plays(GID, PID) VALUES (836, 444);
INSERT INTO Plays(GID, PID) VALUES (786, 240);
INSERT INTO Plays(GID, PID) VALUES (735, 75);
INSERT INTO Plays(GID, PID) VALUES (1064, 458);
INSERT INTO Plays(GID, PID) VALUES (711, 321);
INSERT INTO Plays(GID, PID) VALUES (635, 385);
INSERT INTO Plays(GID, PID) VALUES (1363, 182);
INSERT INTO Plays(GID, PID) VALUES (1336, 56);
INSERT INTO Plays(GID, PID) VALUES (1417, 342);
INSERT INTO Plays(GID, PID) VALUES (987, 432);
INSERT INTO Plays(GID, PID) VALUES (1345, 237);
INSERT INTO Plays(GID, PID) VALUES (1337, 404);
INSERT INTO Plays(GID, PID) VALUES (1448, 400);
INSERT INTO Plays(GID, PID) VALUES (80, 422);
INSERT INTO Plays(GID, PID) VALUES (783, 318);
INSERT INTO Plays(GID, PID) VALUES (60, 303);
INSERT INTO Plays(GID, PID) VALUES (1071, 502);
INSERT INTO Plays(GID, PID) VALUES (1406, 285);
INSERT INTO Plays(GID, PID) VALUES (1492, 469);
INSERT INTO Plays(GID, PID) VALUES (462, 332);
INSERT INTO Plays(GID, PID) VALUES (1408, 247);
INSERT INTO Plays(GID, PID) VALUES (851, 284);
INSERT INTO Plays(GID, PID) VALUES (801, 454);
INSERT INTO Plays(GID, PID) VALUES (460, 179);
INSERT INTO Plays(GID, PID) VALUES (1295, 225);
INSERT INTO Plays(GID, PID) VALUES (905, 393);
INSERT INTO Plays(GID, PID) VALUES (415, 399);
INSERT INTO Plays(GID, PID) VALUES (434, 212);
INSERT INTO Plays(GID, PID) VALUES (1307, 27);
INSERT INTO Plays(GID, PID) VALUES (883, 159);
INSERT INTO Plays(GID, PID) VALUES (948, 87);
INSERT INTO Plays(GID, PID) VALUES (1412, 320);
INSERT INTO Plays(GID, PID) VALUES (1186, 517);
INSERT INTO Plays(GID, PID) VALUES (1212, 472);
INSERT INTO Plays(GID, PID) VALUES (539, 423);
INSERT INTO Plays(GID, PID) VALUES (1356, 469);
INSERT INTO Plays(GID, PID) VALUES (192, 38);
INSERT INTO Plays(GID, PID) VALUES (1261, 198);
INSERT INTO Plays(GID, PID) VALUES (739, 297);
INSERT INTO Plays(GID, PID) VALUES (1033, 485);
INSERT INTO Plays(GID, PID) VALUES (851, 539);
INSERT INTO Plays(GID, PID) VALUES (1087, 496);
INSERT INTO Plays(GID, PID) VALUES (1494, 342);
INSERT INTO Plays(GID, PID) VALUES (950, 423);
INSERT INTO Plays(GID, PID) VALUES (1317, 469);
INSERT INTO Plays(GID, PID) VALUES (451, 162);
INSERT INTO Plays(GID, PID) VALUES (1499, 437);
INSERT INTO Plays(GID, PID) VALUES (953, 458);
INSERT INTO Plays(GID, PID) VALUES (847, 436);
INSERT INTO Plays(GID, PID) VALUES (935, 395);
INSERT INTO Plays(GID, PID) VALUES (1100, 195);
INSERT INTO Plays(GID, PID) VALUES (770, 345);
INSERT INTO Plays(GID, PID) VALUES (1261, 264);
INSERT INTO Plays(GID, PID) VALUES (273, 385);
INSERT INTO Plays(GID, PID) VALUES (1048, 226);
INSERT INTO Plays(GID, PID) VALUES (131, 323);
INSERT INTO Plays(GID, PID) VALUES (1302, 47);
INSERT INTO Plays(GID, PID) VALUES (1178, 542);
INSERT INTO Plays(GID, PID) VALUES (1289, 209);
INSERT INTO Plays(GID, PID) VALUES (943, 384);
INSERT INTO Plays(GID, PID) VALUES (577, 539);
INSERT INTO Plays(GID, PID) VALUES (1253, 338);
INSERT INTO Plays(GID, PID) VALUES (255, 402);
INSERT INTO Plays(GID, PID) VALUES (420, 54);
INSERT INTO Plays(GID, PID) VALUES (562, 350);
INSERT INTO Plays(GID, PID) VALUES (1360, 425);
INSERT INTO Plays(GID, PID) VALUES (1387, 344);
INSERT INTO Plays(GID, PID) VALUES (1431, 392);
INSERT INTO Plays(GID, PID) VALUES (1253, 511);
INSERT INTO Plays(GID, PID) VALUES (731, 339);
INSERT INTO Plays(GID, PID) VALUES (949, 455);
INSERT INTO Plays(GID, PID) VALUES (1254, 540);
INSERT INTO Plays(GID, PID) VALUES (551, 56);
INSERT INTO Plays(GID, PID) VALUES (844, 356);
INSERT INTO Plays(GID, PID) VALUES (1450, 87);
INSERT INTO Plays(GID, PID) VALUES (134, 457);
INSERT INTO Plays(GID, PID) VALUES (463, 149);
INSERT INTO Plays(GID, PID) VALUES (1188, 455);
INSERT INTO Plays(GID, PID) VALUES (1269, 191);
INSERT INTO Plays(GID, PID) VALUES (1104, 455);
INSERT INTO Plays(GID, PID) VALUES (845, 501);
INSERT INTO Plays(GID, PID) VALUES (756, 324);
INSERT INTO Plays(GID, PID) VALUES (1408, 221);
INSERT INTO Plays(GID, PID) VALUES (332, 215);
INSERT INTO Plays(GID, PID) VALUES (1114, 410);
INSERT INTO Plays(GID, PID) VALUES (782, 290);
INSERT INTO Plays(GID, PID) VALUES (783, 529);
INSERT INTO Plays(GID, PID) VALUES (1472, 534);
INSERT INTO Plays(GID, PID) VALUES (944, 346);
INSERT INTO Plays(GID, PID) VALUES (988, 283);
INSERT INTO Plays(GID, PID) VALUES (1490, 308);
INSERT INTO Plays(GID, PID) VALUES (948, 360);
INSERT INTO Plays(GID, PID) VALUES (564, 149);
INSERT INTO Plays(GID, PID) VALUES (672, 80);
INSERT INTO Plays(GID, PID) VALUES (1280, 502);
INSERT INTO Plays(GID, PID) VALUES (1261, 467);
INSERT INTO Plays(GID, PID) VALUES (461, 107);
INSERT INTO Plays(GID, PID) VALUES (681, 531);
INSERT INTO Plays(GID, PID) VALUES (505, 535);
INSERT INTO Plays(GID, PID) VALUES (1105, 273);
INSERT INTO Plays(GID, PID) VALUES (1104, 442);
INSERT INTO Plays(GID, PID) VALUES (1172, 489);
INSERT INTO Plays(GID, PID) VALUES (1324, 489);
INSERT INTO Plays(GID, PID) VALUES (698, 408);
INSERT INTO Plays(GID, PID) VALUES (1375, 223);
INSERT INTO Plays(GID, PID) VALUES (1053, 437);
INSERT INTO Plays(GID, PID) VALUES (443, 491);
INSERT INTO Plays(GID, PID) VALUES (1421, 512);
INSERT INTO Plays(GID, PID) VALUES (1435, 259);
INSERT INTO Plays(GID, PID) VALUES (423, 164);
INSERT INTO Plays(GID, PID) VALUES (1370, 433);
INSERT INTO Plays(GID, PID) VALUES (1234, 481);
INSERT INTO Plays(GID, PID) VALUES (1292, 522);
INSERT INTO Plays(GID, PID) VALUES (1422, 509);
INSERT INTO Plays(GID, PID) VALUES (545, 501);
INSERT INTO Plays(GID, PID) VALUES (1076, 357);
INSERT INTO Plays(GID, PID) VALUES (740, 445);
INSERT INTO Plays(GID, PID) VALUES (1043, 186);
INSERT INTO Plays(GID, PID) VALUES (1242, 70);
INSERT INTO Plays(GID, PID) VALUES (648, 453);
INSERT INTO Plays(GID, PID) VALUES (882, 391);
INSERT INTO Plays(GID, PID) VALUES (867, 447);
INSERT INTO Plays(GID, PID) VALUES (1130, 356);
INSERT INTO Plays(GID, PID) VALUES (1220, 257);
INSERT INTO Plays(GID, PID) VALUES (844, 374);
INSERT INTO Plays(GID, PID) VALUES (493, 466);
INSERT INTO Plays(GID, PID) VALUES (1084, 206);
INSERT INTO Plays(GID, PID) VALUES (391, 480);
INSERT INTO Plays(GID, PID) VALUES (1221, 275);
INSERT INTO Plays(GID, PID) VALUES (491, 533);
INSERT INTO Plays(GID, PID) VALUES (943, 483);
INSERT INTO Plays(GID, PID) VALUES (1021, 427);
INSERT INTO Plays(GID, PID) VALUES (1291, 433);
INSERT INTO Plays(GID, PID) VALUES (1214, 527);
INSERT INTO Plays(GID, PID) VALUES (1201, 351);
INSERT INTO Plays(GID, PID) VALUES (1454, 497);
INSERT INTO Plays(GID, PID) VALUES (1078, 538);
INSERT INTO Plays(GID, PID) VALUES (964, 280);
INSERT INTO Plays(GID, PID) VALUES (1054, 151);
INSERT INTO Plays(GID, PID) VALUES (1116, 142);
INSERT INTO Plays(GID, PID) VALUES (1350, 488);
INSERT INTO Plays(GID, PID) VALUES (1466, 441);
INSERT INTO Plays(GID, PID) VALUES (996, 309);
INSERT INTO Plays(GID, PID) VALUES (1146, 71);
INSERT INTO Plays(GID, PID) VALUES (1488, 169);
INSERT INTO Plays(GID, PID) VALUES (1417, 451);
INSERT INTO Plays(GID, PID) VALUES (831, 331);
INSERT INTO Plays(GID, PID) VALUES (109, 320);
INSERT INTO Plays(GID, PID) VALUES (807, 110);
INSERT INTO Plays(GID, PID) VALUES (1018, 440);
INSERT INTO Plays(GID, PID) VALUES (1057, 523);
INSERT INTO Plays(GID, PID) VALUES (1432, 340);
INSERT INTO Plays(GID, PID) VALUES (1221, 45);
INSERT INTO Plays(GID, PID) VALUES (436, 306);
INSERT INTO Plays(GID, PID) VALUES (934, 210);
INSERT INTO Plays(GID, PID) VALUES (1470, 433);
INSERT INTO Plays(GID, PID) VALUES (814, 237);
INSERT INTO Plays(GID, PID) VALUES (1080, 517);
INSERT INTO Plays(GID, PID) VALUES (1445, 465);
INSERT INTO Plays(GID, PID) VALUES (1369, 168);
INSERT INTO Plays(GID, PID) VALUES (1331, 516);
INSERT INTO Plays(GID, PID) VALUES (782, 460);
INSERT INTO Plays(GID, PID) VALUES (375, 161);
INSERT INTO Plays(GID, PID) VALUES (541, 285);
INSERT INTO Plays(GID, PID) VALUES (1453, 321);
INSERT INTO Plays(GID, PID) VALUES (790, 417);
INSERT INTO Plays(GID, PID) VALUES (1489, 355);
INSERT INTO Plays(GID, PID) VALUES (991, 232);
INSERT INTO Plays(GID, PID) VALUES (1063, 434);
INSERT INTO Plays(GID, PID) VALUES (1335, 391);
INSERT INTO Plays(GID, PID) VALUES (588, 511);
INSERT INTO Plays(GID, PID) VALUES (413, 468);
INSERT INTO Plays(GID, PID) VALUES (1210, 363);
INSERT INTO Plays(GID, PID) VALUES (634, 418);
INSERT INTO Plays(GID, PID) VALUES (1246, 410);
INSERT INTO Plays(GID, PID) VALUES (1030, 41);
INSERT INTO Plays(GID, PID) VALUES (1277, 372);
INSERT INTO Plays(GID, PID) VALUES (1123, 467);
INSERT INTO Plays(GID, PID) VALUES (187, 481);
INSERT INTO Plays(GID, PID) VALUES (549, 450);
INSERT INTO Plays(GID, PID) VALUES (789, 529);
INSERT INTO Plays(GID, PID) VALUES (921, 348);
INSERT INTO Plays(GID, PID) VALUES (1157, 274);
INSERT INTO Plays(GID, PID) VALUES (1422, 489);
INSERT INTO Plays(GID, PID) VALUES (860, 163);
INSERT INTO Plays(GID, PID) VALUES (1486, 449);
INSERT INTO Plays(GID, PID) VALUES (979, 376);
INSERT INTO Plays(GID, PID) VALUES (1448, 122);
INSERT INTO Plays(GID, PID) VALUES (1205, 144);
INSERT INTO Plays(GID, PID) VALUES (1203, 175);
INSERT INTO Plays(GID, PID) VALUES (498, 311);
INSERT INTO Plays(GID, PID) VALUES (1343, 179);
INSERT INTO Plays(GID, PID) VALUES (1386, 495);
INSERT INTO Plays(GID, PID) VALUES (1179, 323);
INSERT INTO Plays(GID, PID) VALUES (303, 505);
INSERT INTO Plays(GID, PID) VALUES (1356, 470);
INSERT INTO Plays(GID, PID) VALUES (595, 305);
INSERT INTO Plays(GID, PID) VALUES (1136, 235);
INSERT INTO Plays(GID, PID) VALUES (1502, 470);
INSERT INTO Plays(GID, PID) VALUES (1377, 370);
INSERT INTO Plays(GID, PID) VALUES (574, 309);
INSERT INTO Plays(GID, PID) VALUES (1348, 490);
INSERT INTO Plays(GID, PID) VALUES (1398, 410);
INSERT INTO Plays(GID, PID) VALUES (1203, 464);
INSERT INTO Plays(GID, PID) VALUES (1373, 386);
INSERT INTO Plays(GID, PID) VALUES (1373, 287);
INSERT INTO Plays(GID, PID) VALUES (937, 528);
INSERT INTO Plays(GID, PID) VALUES (1323, 431);
INSERT INTO Plays(GID, PID) VALUES (1491, 264);
INSERT INTO Plays(GID, PID) VALUES (475, 338);
INSERT INTO Plays(GID, PID) VALUES (550, 82);
INSERT INTO Plays(GID, PID) VALUES (876, 519);
INSERT INTO Plays(GID, PID) VALUES (473, 293);
INSERT INTO Plays(GID, PID) VALUES (295, 518);
INSERT INTO Plays(GID, PID) VALUES (920, 167);
INSERT INTO Plays(GID, PID) VALUES (1250, 392);
INSERT INTO Plays(GID, PID) VALUES (448, 255);
INSERT INTO Plays(GID, PID) VALUES (1467, 404);
INSERT INTO Plays(GID, PID) VALUES (365, 464);
INSERT INTO Plays(GID, PID) VALUES (131, 481);
INSERT INTO Plays(GID, PID) VALUES (1281, 513);
INSERT INTO Plays(GID, PID) VALUES (1085, 342);
INSERT INTO Plays(GID, PID) VALUES (1195, 383);
INSERT INTO Plays(GID, PID) VALUES (1415, 385);
INSERT INTO Plays(GID, PID) VALUES (1091, 465);
INSERT INTO Plays(GID, PID) VALUES (1206, 74);
INSERT INTO Plays(GID, PID) VALUES (837, 505);
INSERT INTO Plays(GID, PID) VALUES (1324, 468);
INSERT INTO Plays(GID, PID) VALUES (1376, 320);
INSERT INTO Plays(GID, PID) VALUES (713, 209);
INSERT INTO Plays(GID, PID) VALUES (1229, 274);
INSERT INTO Plays(GID, PID) VALUES (1038, 520);
INSERT INTO Plays(GID, PID) VALUES (1030, 473);
INSERT INTO Plays(GID, PID) VALUES (1048, 355);
INSERT INTO Plays(GID, PID) VALUES (688, 395);
INSERT INTO Plays(GID, PID) VALUES (973, 381);
INSERT INTO Plays(GID, PID) VALUES (1418, 525);
INSERT INTO Plays(GID, PID) VALUES (990, 527);
INSERT INTO Plays(GID, PID) VALUES (1000, 392);
INSERT INTO Plays(GID, PID) VALUES (753, 306);
INSERT INTO Plays(GID, PID) VALUES (873, 535);
INSERT INTO Plays(GID, PID) VALUES (1373, 514);
INSERT INTO Plays(GID, PID) VALUES (1199, 437);
INSERT INTO Plays(GID, PID) VALUES (1500, 423);
INSERT INTO Plays(GID, PID) VALUES (1307, 373);
INSERT INTO Plays(GID, PID) VALUES (1282, 254);
INSERT INTO Plays(GID, PID) VALUES (549, 353);
INSERT INTO Plays(GID, PID) VALUES (637, 244);
INSERT INTO Plays(GID, PID) VALUES (1193, 422);
INSERT INTO Plays(GID, PID) VALUES (541, 443);
INSERT INTO Plays(GID, PID) VALUES (595, 498);
INSERT INTO Plays(GID, PID) VALUES (1323, 402);
INSERT INTO Plays(GID, PID) VALUES (1050, 115);
INSERT INTO Plays(GID, PID) VALUES (1130, 247);
INSERT INTO Plays(GID, PID) VALUES (1089, 524);
INSERT INTO Plays(GID, PID) VALUES (1424, 491);
INSERT INTO Plays(GID, PID) VALUES (1266, 504);
INSERT INTO Plays(GID, PID) VALUES (1071, 464);
INSERT INTO Plays(GID, PID) VALUES (871, 318);
INSERT INTO Plays(GID, PID) VALUES (1358, 385);
INSERT INTO Plays(GID, PID) VALUES (1276, 163);
INSERT INTO Plays(GID, PID) VALUES (1078, 400);
INSERT INTO Plays(GID, PID) VALUES (1297, 502);
INSERT INTO Plays(GID, PID) VALUES (1014, 452);
INSERT INTO Plays(GID, PID) VALUES (898, 332);
INSERT INTO Plays(GID, PID) VALUES (690, 415);
INSERT INTO Plays(GID, PID) VALUES (547, 389);
INSERT INTO Plays(GID, PID) VALUES (1124, 539);
INSERT INTO Plays(GID, PID) VALUES (656, 428);
INSERT INTO Plays(GID, PID) VALUES (1114, 190);
INSERT INTO Plays(GID, PID) VALUES (1141, 362);
INSERT INTO Plays(GID, PID) VALUES (625, 437);
INSERT INTO Plays(GID, PID) VALUES (1496, 155);
INSERT INTO Plays(GID, PID) VALUES (1148, 387);
INSERT INTO Plays(GID, PID) VALUES (884, 299);
INSERT INTO Plays(GID, PID) VALUES (593, 181);
INSERT INTO Plays(GID, PID) VALUES (1349, 162);
INSERT INTO Plays(GID, PID) VALUES (1022, 424);
INSERT INTO Plays(GID, PID) VALUES (663, 217);
INSERT INTO Plays(GID, PID) VALUES (1235, 446);
INSERT INTO Plays(GID, PID) VALUES (1219, 310);
INSERT INTO Plays(GID, PID) VALUES (1463, 261);
INSERT INTO Plays(GID, PID) VALUES (895, 500);
INSERT INTO Plays(GID, PID) VALUES (1126, 382);
INSERT INTO Plays(GID, PID) VALUES (1457, 293);
INSERT INTO Plays(GID, PID) VALUES (1456, 200);
INSERT INTO Plays(GID, PID) VALUES (701, 180);
INSERT INTO Plays(GID, PID) VALUES (1183, 523);
INSERT INTO Plays(GID, PID) VALUES (1285, 486);
INSERT INTO Plays(GID, PID) VALUES (481, 253);
INSERT INTO Plays(GID, PID) VALUES (862, 149);
INSERT INTO Plays(GID, PID) VALUES (609, 276);
INSERT INTO Plays(GID, PID) VALUES (1402, 198);
INSERT INTO Plays(GID, PID) VALUES (814, 430);
INSERT INTO Plays(GID, PID) VALUES (821, 136);
INSERT INTO Plays(GID, PID) VALUES (938, 534);
INSERT INTO Plays(GID, PID) VALUES (670, 531);
INSERT INTO Plays(GID, PID) VALUES (1346, 314);
INSERT INTO Plays(GID, PID) VALUES (1369, 404);
INSERT INTO Plays(GID, PID) VALUES (1382, 326);
INSERT INTO Plays(GID, PID) VALUES (1060, 476);
INSERT INTO Plays(GID, PID) VALUES (1408, 480);
INSERT INTO Plays(GID, PID) VALUES (1265, 459);
INSERT INTO Plays(GID, PID) VALUES (1078, 382);
INSERT INTO Plays(GID, PID) VALUES (1269, 359);
INSERT INTO Plays(GID, PID) VALUES (1076, 427);
INSERT INTO Plays(GID, PID) VALUES (1407, 109);
INSERT INTO Plays(GID, PID) VALUES (625, 447);
INSERT INTO Plays(GID, PID) VALUES (826, 468);
INSERT INTO Plays(GID, PID) VALUES (1350, 371);
INSERT INTO Plays(GID, PID) VALUES (989, 421);
INSERT INTO Plays(GID, PID) VALUES (1119, 239);
INSERT INTO Plays(GID, PID) VALUES (1094, 432);
INSERT INTO Plays(GID, PID) VALUES (644, 323);
INSERT INTO Plays(GID, PID) VALUES (1272, 324);
INSERT INTO Plays(GID, PID) VALUES (526, 90);
INSERT INTO Plays(GID, PID) VALUES (1353, 249);
INSERT INTO Plays(GID, PID) VALUES (1446, 543);
INSERT INTO Plays(GID, PID) VALUES (1057, 390);
INSERT INTO Plays(GID, PID) VALUES (1468, 359);
INSERT INTO Plays(GID, PID) VALUES (349, 246);
INSERT INTO Plays(GID, PID) VALUES (746, 370);
INSERT INTO Plays(GID, PID) VALUES (563, 524);
INSERT INTO Plays(GID, PID) VALUES (1232, 352);
INSERT INTO Plays(GID, PID) VALUES (1415, 361);
INSERT INTO Plays(GID, PID) VALUES (305, 375);
INSERT INTO Plays(GID, PID) VALUES (1231, 306);
INSERT INTO Plays(GID, PID) VALUES (1465, 419);
INSERT INTO Plays(GID, PID) VALUES (1465, 242);
INSERT INTO Plays(GID, PID) VALUES (1120, 197);
INSERT INTO Plays(GID, PID) VALUES (601, 442);
INSERT INTO Plays(GID, PID) VALUES (1406, 447);
INSERT INTO Plays(GID, PID) VALUES (1047, 485);
INSERT INTO Plays(GID, PID) VALUES (731, 224);
INSERT INTO Plays(GID, PID) VALUES (921, 359);
INSERT INTO Plays(GID, PID) VALUES (1428, 292);
INSERT INTO Plays(GID, PID) VALUES (702, 428);
INSERT INTO Plays(GID, PID) VALUES (301, 109);
INSERT INTO Plays(GID, PID) VALUES (1044, 512);
INSERT INTO Plays(GID, PID) VALUES (907, 523);
INSERT INTO Plays(GID, PID) VALUES (740, 393);
INSERT INTO Plays(GID, PID) VALUES (516, 99);
INSERT INTO Plays(GID, PID) VALUES (724, 237);
INSERT INTO Plays(GID, PID) VALUES (855, 139);
INSERT INTO Plays(GID, PID) VALUES (1285, 482);
INSERT INTO Plays(GID, PID) VALUES (1024, 378);
INSERT INTO Plays(GID, PID) VALUES (1011, 422);
INSERT INTO Plays(GID, PID) VALUES (953, 203);
INSERT INTO Plays(GID, PID) VALUES (836, 526);
INSERT INTO Plays(GID, PID) VALUES (917, 434);
INSERT INTO Plays(GID, PID) VALUES (1448, 449);
INSERT INTO Plays(GID, PID) VALUES (831, 283);
INSERT INTO Plays(GID, PID) VALUES (841, 207);
INSERT INTO Plays(GID, PID) VALUES (274, 319);
INSERT INTO Plays(GID, PID) VALUES (782, 484);
INSERT INTO Plays(GID, PID) VALUES (848, 342);
INSERT INTO Plays(GID, PID) VALUES (987, 389);
INSERT INTO Plays(GID, PID) VALUES (1262, 358);
INSERT INTO Plays(GID, PID) VALUES (1065, 442);
INSERT INTO Plays(GID, PID) VALUES (1007, 88);
INSERT INTO Plays(GID, PID) VALUES (1073, 261);
INSERT INTO Plays(GID, PID) VALUES (1374, 519);
INSERT INTO Plays(GID, PID) VALUES (340, 533);
INSERT INTO Plays(GID, PID) VALUES (1424, 263);
INSERT INTO Plays(GID, PID) VALUES (1405, 326);
INSERT INTO Plays(GID, PID) VALUES (317, 281);
INSERT INTO Plays(GID, PID) VALUES (1105, 486);
INSERT INTO Plays(GID, PID) VALUES (1461, 321);
INSERT INTO Plays(GID, PID) VALUES (1254, 502);
INSERT INTO Plays(GID, PID) VALUES (1210, 537);
INSERT INTO Plays(GID, PID) VALUES (920, 534);
INSERT INTO Plays(GID, PID) VALUES (1039, 534);
INSERT INTO Plays(GID, PID) VALUES (951, 488);
INSERT INTO Plays(GID, PID) VALUES (1028, 231);
INSERT INTO Plays(GID, PID) VALUES (684, 516);
INSERT INTO Plays(GID, PID) VALUES (546, 520);
INSERT INTO Plays(GID, PID) VALUES (1368, 460);
INSERT INTO Plays(GID, PID) VALUES (1238, 534);
INSERT INTO Plays(GID, PID) VALUES (673, 509);
INSERT INTO Plays(GID, PID) VALUES (735, 411);
INSERT INTO Plays(GID, PID) VALUES (1380, 145);
INSERT INTO Plays(GID, PID) VALUES (1403, 289);
INSERT INTO Plays(GID, PID) VALUES (1197, 335);
INSERT INTO Plays(GID, PID) VALUES (727, 490);
INSERT INTO Plays(GID, PID) VALUES (1338, 311);
INSERT INTO Plays(GID, PID) VALUES (814, 510);
INSERT INTO Plays(GID, PID) VALUES (1383, 220);
INSERT INTO Plays(GID, PID) VALUES (1481, 477);
INSERT INTO Plays(GID, PID) VALUES (1467, 269);
INSERT INTO Plays(GID, PID) VALUES (576, 359);
INSERT INTO Plays(GID, PID) VALUES (892, 216);
INSERT INTO Plays(GID, PID) VALUES (1407, 287);
INSERT INTO Plays(GID, PID) VALUES (743, 230);
INSERT INTO Plays(GID, PID) VALUES (361, 403);
INSERT INTO Plays(GID, PID) VALUES (530, 362);
INSERT INTO Plays(GID, PID) VALUES (1080, 296);
INSERT INTO Plays(GID, PID) VALUES (1145, 534);
INSERT INTO Plays(GID, PID) VALUES (885, 337);
INSERT INTO Plays(GID, PID) VALUES (672, 250);
INSERT INTO Plays(GID, PID) VALUES (1106, 414);
INSERT INTO Plays(GID, PID) VALUES (1020, 541);
INSERT INTO Plays(GID, PID) VALUES (591, 496);
INSERT INTO Plays(GID, PID) VALUES (1168, 300);
INSERT INTO Plays(GID, PID) VALUES (1116, 191);
INSERT INTO Plays(GID, PID) VALUES (1126, 404);
INSERT INTO Plays(GID, PID) VALUES (1270, 454);
INSERT INTO Plays(GID, PID) VALUES (1486, 519);
INSERT INTO Plays(GID, PID) VALUES (455, 416);
INSERT INTO Plays(GID, PID) VALUES (558, 254);
INSERT INTO Plays(GID, PID) VALUES (1225, 210);
INSERT INTO Plays(GID, PID) VALUES (1004, 278);
INSERT INTO Plays(GID, PID) VALUES (717, 230);
INSERT INTO Plays(GID, PID) VALUES (1131, 87);
INSERT INTO Plays(GID, PID) VALUES (734, 411);
INSERT INTO Plays(GID, PID) VALUES (587, 475);
INSERT INTO Plays(GID, PID) VALUES (1307, 480);
INSERT INTO Plays(GID, PID) VALUES (1177, 425);
INSERT INTO Plays(GID, PID) VALUES (1441, 518);
INSERT INTO Plays(GID, PID) VALUES (272, 252);
INSERT INTO Plays(GID, PID) VALUES (1319, 372);
INSERT INTO Plays(GID, PID) VALUES (611, 418);
INSERT INTO Plays(GID, PID) VALUES (1069, 377);
INSERT INTO Plays(GID, PID) VALUES (391, 203);
INSERT INTO Plays(GID, PID) VALUES (902, 420);
INSERT INTO Plays(GID, PID) VALUES (1299, 246);
INSERT INTO Plays(GID, PID) VALUES (1029, 83);
INSERT INTO Plays(GID, PID) VALUES (676, 238);
INSERT INTO Plays(GID, PID) VALUES (702, 453);
INSERT INTO Plays(GID, PID) VALUES (779, 476);
INSERT INTO Plays(GID, PID) VALUES (1097, 367);
INSERT INTO Plays(GID, PID) VALUES (729, 352);
INSERT INTO Plays(GID, PID) VALUES (273, 290);
INSERT INTO Plays(GID, PID) VALUES (663, 500);
INSERT INTO Plays(GID, PID) VALUES (372, 530);
INSERT INTO Plays(GID, PID) VALUES (974, 259);
INSERT INTO Plays(GID, PID) VALUES (1363, 495);
INSERT INTO Plays(GID, PID) VALUES (839, 415);
INSERT INTO Plays(GID, PID) VALUES (1281, 310);
INSERT INTO Plays(GID, PID) VALUES (1445, 334);
INSERT INTO Plays(GID, PID) VALUES (1150, 158);
INSERT INTO Plays(GID, PID) VALUES (494, 444);
INSERT INTO Plays(GID, PID) VALUES (1396, 124);
INSERT INTO Plays(GID, PID) VALUES (1300, 303);
INSERT INTO Plays(GID, PID) VALUES (418, 152);
INSERT INTO Plays(GID, PID) VALUES (1099, 66);
INSERT INTO Plays(GID, PID) VALUES (993, 424);
INSERT INTO Plays(GID, PID) VALUES (1423, 476);
INSERT INTO Plays(GID, PID) VALUES (1180, 372);
INSERT INTO Plays(GID, PID) VALUES (974, 162);
INSERT INTO Plays(GID, PID) VALUES (847, 447);
INSERT INTO Plays(GID, PID) VALUES (1071, 498);
INSERT INTO Plays(GID, PID) VALUES (978, 201);
INSERT INTO Plays(GID, PID) VALUES (1023, 492);
INSERT INTO Plays(GID, PID) VALUES (668, 208);
INSERT INTO Plays(GID, PID) VALUES (348, 480);
INSERT INTO Plays(GID, PID) VALUES (1213, 520);
INSERT INTO Plays(GID, PID) VALUES (1499, 414);
INSERT INTO Plays(GID, PID) VALUES (1161, 464);
INSERT INTO Plays(GID, PID) VALUES (873, 394);
INSERT INTO Plays(GID, PID) VALUES (817, 95);
INSERT INTO Plays(GID, PID) VALUES (1063, 261);
INSERT INTO Plays(GID, PID) VALUES (852, 519);
INSERT INTO Plays(GID, PID) VALUES (1152, 521);
INSERT INTO Plays(GID, PID) VALUES (1324, 166);
INSERT INTO Plays(GID, PID) VALUES (1436, 230);
INSERT INTO Plays(GID, PID) VALUES (860, 265);
INSERT INTO Plays(GID, PID) VALUES (1187, 179);
INSERT INTO Plays(GID, PID) VALUES (1419, 406);
INSERT INTO Plays(GID, PID) VALUES (1426, 447);
INSERT INTO Plays(GID, PID) VALUES (829, 402);
INSERT INTO Plays(GID, PID) VALUES (791, 415);
INSERT INTO Plays(GID, PID) VALUES (498, 515);
INSERT INTO Plays(GID, PID) VALUES (1451, 425);
INSERT INTO Plays(GID, PID) VALUES (887, 220);
INSERT INTO Plays(GID, PID) VALUES (1348, 516);
INSERT INTO Plays(GID, PID) VALUES (1501, 175);
INSERT INTO Plays(GID, PID) VALUES (802, 413);
INSERT INTO Plays(GID, PID) VALUES (1358, 517);
INSERT INTO Plays(GID, PID) VALUES (181, 425);
INSERT INTO Plays(GID, PID) VALUES (619, 359);
INSERT INTO Plays(GID, PID) VALUES (506, 517);
INSERT INTO Plays(GID, PID) VALUES (1192, 142);
INSERT INTO Plays(GID, PID) VALUES (1182, 456);
INSERT INTO Plays(GID, PID) VALUES (806, 525);
INSERT INTO Plays(GID, PID) VALUES (1371, 514);
INSERT INTO Plays(GID, PID) VALUES (1070, 342);
INSERT INTO Plays(GID, PID) VALUES (654, 322);
INSERT INTO Plays(GID, PID) VALUES (1080, 185);
INSERT INTO Plays(GID, PID) VALUES (201, 398);
INSERT INTO Plays(GID, PID) VALUES (1205, 306);
INSERT INTO Plays(GID, PID) VALUES (1423, 61);
INSERT INTO Plays(GID, PID) VALUES (1442, 523);
INSERT INTO Plays(GID, PID) VALUES (1102, 458);
INSERT INTO Plays(GID, PID) VALUES (576, 525);
INSERT INTO Plays(GID, PID) VALUES (1377, 457);
INSERT INTO Plays(GID, PID) VALUES (1324, 277);
INSERT INTO Plays(GID, PID) VALUES (1477, 371);
INSERT INTO Plays(GID, PID) VALUES (948, 340);
INSERT INTO Plays(GID, PID) VALUES (802, 272);
INSERT INTO Plays(GID, PID) VALUES (1210, 259);
INSERT INTO Plays(GID, PID) VALUES (1496, 483);
INSERT INTO Plays(GID, PID) VALUES (565, 364);
INSERT INTO Plays(GID, PID) VALUES (1130, 229);
INSERT INTO Plays(GID, PID) VALUES (1272, 440);
INSERT INTO Plays(GID, PID) VALUES (1486, 415);
INSERT INTO Plays(GID, PID) VALUES (1161, 324);
INSERT INTO Plays(GID, PID) VALUES (798, 507);
INSERT INTO Plays(GID, PID) VALUES (1145, 390);
INSERT INTO Plays(GID, PID) VALUES (1007, 492);
INSERT INTO Plays(GID, PID) VALUES (1089, 463);
INSERT INTO Plays(GID, PID) VALUES (1494, 291);
INSERT INTO Plays(GID, PID) VALUES (1305, 297);
INSERT INTO Plays(GID, PID) VALUES (1250, 530);
INSERT INTO Plays(GID, PID) VALUES (674, 210);
INSERT INTO Plays(GID, PID) VALUES (924, 537);
INSERT INTO Plays(GID, PID) VALUES (1316, 501);
INSERT INTO Plays(GID, PID) VALUES (819, 329);
INSERT INTO Plays(GID, PID) VALUES (1109, 518);
INSERT INTO Plays(GID, PID) VALUES (1130, 504);
INSERT INTO Plays(GID, PID) VALUES (1001, 276);
INSERT INTO Plays(GID, PID) VALUES (1179, 399);
INSERT INTO Plays(GID, PID) VALUES (962, 106);
INSERT INTO Plays(GID, PID) VALUES (1119, 514);
INSERT INTO Plays(GID, PID) VALUES (1272, 540);
INSERT INTO Plays(GID, PID) VALUES (1272, 18);
INSERT INTO Plays(GID, PID) VALUES (806, 265);
INSERT INTO Plays(GID, PID) VALUES (1103, 455);
INSERT INTO Plays(GID, PID) VALUES (1215, 108);
INSERT INTO Plays(GID, PID) VALUES (654, 259);
INSERT INTO Plays(GID, PID) VALUES (675, 502);
INSERT INTO Plays(GID, PID) VALUES (1260, 409);
INSERT INTO Plays(GID, PID) VALUES (1453, 534);
INSERT INTO Plays(GID, PID) VALUES (1406, 543);
INSERT INTO Plays(GID, PID) VALUES (1394, 375);
INSERT INTO Plays(GID, PID) VALUES (1290, 359);
INSERT INTO Plays(GID, PID) VALUES (1487, 298);
INSERT INTO Plays(GID, PID) VALUES (877, 321);
INSERT INTO Plays(GID, PID) VALUES (746, 337);
INSERT INTO Plays(GID, PID) VALUES (920, 514);
INSERT INTO Plays(GID, PID) VALUES (1422, 533);
INSERT INTO Plays(GID, PID) VALUES (671, 162);
INSERT INTO Plays(GID, PID) VALUES (1337, 231);
INSERT INTO Plays(GID, PID) VALUES (707, 466);
INSERT INTO Plays(GID, PID) VALUES (1477, 361);
INSERT INTO Plays(GID, PID) VALUES (817, 348);
INSERT INTO Plays(GID, PID) VALUES (1488, 220);
INSERT INTO Plays(GID, PID) VALUES (546, 542);
INSERT INTO Plays(GID, PID) VALUES (1499, 519);
INSERT INTO Plays(GID, PID) VALUES (937, 42);
INSERT INTO Plays(GID, PID) VALUES (1002, 502);
INSERT INTO Plays(GID, PID) VALUES (589, 191);
INSERT INTO Plays(GID, PID) VALUES (1035, 352);
INSERT INTO Plays(GID, PID) VALUES (1350, 382);
INSERT INTO Plays(GID, PID) VALUES (935, 461);
INSERT INTO Plays(GID, PID) VALUES (1241, 230);
INSERT INTO Plays(GID, PID) VALUES (779, 287);
INSERT INTO Plays(GID, PID) VALUES (1022, 510);
INSERT INTO Plays(GID, PID) VALUES (1180, 131);
INSERT INTO Plays(GID, PID) VALUES (1064, 449);
INSERT INTO Plays(GID, PID) VALUES (1297, 485);
INSERT INTO Plays(GID, PID) VALUES (1338, 145);
INSERT INTO Plays(GID, PID) VALUES (1491, 509);
INSERT INTO Plays(GID, PID) VALUES (1413, 481);
INSERT INTO Plays(GID, PID) VALUES (1200, 330);
INSERT INTO Plays(GID, PID) VALUES (1057, 310);
INSERT INTO Plays(GID, PID) VALUES (1299, 483);
INSERT INTO Plays(GID, PID) VALUES (799, 534);
INSERT INTO Plays(GID, PID) VALUES (1247, 404);
INSERT INTO Plays(GID, PID) VALUES (1286, 444);
INSERT INTO Plays(GID, PID) VALUES (1465, 329);
INSERT INTO Plays(GID, PID) VALUES (745, 543);
INSERT INTO Plays(GID, PID) VALUES (360, 348);
INSERT INTO Plays(GID, PID) VALUES (458, 504);
INSERT INTO Plays(GID, PID) VALUES (997, 406);
INSERT INTO Plays(GID, PID) VALUES (893, 234);
INSERT INTO Plays(GID, PID) VALUES (763, 232);
INSERT INTO Plays(GID, PID) VALUES (365, 206);
INSERT INTO Plays(GID, PID) VALUES (1449, 266);
INSERT INTO Plays(GID, PID) VALUES (1174, 527);
INSERT INTO Plays(GID, PID) VALUES (776, 408);
INSERT INTO Plays(GID, PID) VALUES (894, 174);
INSERT INTO Plays(GID, PID) VALUES (398, 60);
INSERT INTO Plays(GID, PID) VALUES (1130, 433);
INSERT INTO Plays(GID, PID) VALUES (830, 473);
INSERT INTO Plays(GID, PID) VALUES (528, 295);
INSERT INTO Plays(GID, PID) VALUES (815, 273);
INSERT INTO Plays(GID, PID) VALUES (1225, 330);
INSERT INTO Plays(GID, PID) VALUES (721, 322);
INSERT INTO Plays(GID, PID) VALUES (1434, 472);
INSERT INTO Plays(GID, PID) VALUES (1460, 445);
INSERT INTO Plays(GID, PID) VALUES (1389, 278);
INSERT INTO Plays(GID, PID) VALUES (957, 242);
INSERT INTO Plays(GID, PID) VALUES (997, 519);
INSERT INTO Plays(GID, PID) VALUES (1389, 313);
INSERT INTO Plays(GID, PID) VALUES (1425, 119);
INSERT INTO Plays(GID, PID) VALUES (585, 187);
INSERT INTO Plays(GID, PID) VALUES (545, 272);
INSERT INTO Plays(GID, PID) VALUES (1416, 256);
INSERT INTO Plays(GID, PID) VALUES (1488, 453);
INSERT INTO Plays(GID, PID) VALUES (1497, 237);
INSERT INTO Plays(GID, PID) VALUES (1001, 173);
INSERT INTO Plays(GID, PID) VALUES (1031, 290);
INSERT INTO Plays(GID, PID) VALUES (1199, 176);
INSERT INTO Plays(GID, PID) VALUES (1397, 455);
INSERT INTO Plays(GID, PID) VALUES (914, 401);
INSERT INTO Plays(GID, PID) VALUES (1351, 487);
INSERT INTO Plays(GID, PID) VALUES (87, 256);
INSERT INTO Plays(GID, PID) VALUES (550, 250);
INSERT INTO Plays(GID, PID) VALUES (1054, 540);
INSERT INTO Plays(GID, PID) VALUES (488, 361);
INSERT INTO Plays(GID, PID) VALUES (1251, 435);
INSERT INTO Plays(GID, PID) VALUES (1453, 413);
INSERT INTO Plays(GID, PID) VALUES (1318, 499);
INSERT INTO Plays(GID, PID) VALUES (1461, 522);
INSERT INTO Plays(GID, PID) VALUES (685, 249);
INSERT INTO Plays(GID, PID) VALUES (846, 349);
INSERT INTO Plays(GID, PID) VALUES (506, 499);
INSERT INTO Plays(GID, PID) VALUES (936, 229);
INSERT INTO Plays(GID, PID) VALUES (1491, 377);
INSERT INTO Plays(GID, PID) VALUES (1263, 239);
INSERT INTO Plays(GID, PID) VALUES (957, 539);
INSERT INTO Plays(GID, PID) VALUES (984, 498);
INSERT INTO Plays(GID, PID) VALUES (1367, 529);
INSERT INTO Plays(GID, PID) VALUES (940, 521);
INSERT INTO Plays(GID, PID) VALUES (1126, 524);
INSERT INTO Plays(GID, PID) VALUES (616, 155);
INSERT INTO Plays(GID, PID) VALUES (1222, 354);
INSERT INTO Plays(GID, PID) VALUES (776, 172);
INSERT INTO Plays(GID, PID) VALUES (227, 355);
INSERT INTO Plays(GID, PID) VALUES (1201, 248);
INSERT INTO Plays(GID, PID) VALUES (1187, 260);
INSERT INTO Plays(GID, PID) VALUES (406, 531);
INSERT INTO Plays(GID, PID) VALUES (703, 369);
INSERT INTO Plays(GID, PID) VALUES (1217, 183);
INSERT INTO Plays(GID, PID) VALUES (472, 522);
INSERT INTO Plays(GID, PID) VALUES (1313, 131);
INSERT INTO Plays(GID, PID) VALUES (131, 394);
INSERT INTO Plays(GID, PID) VALUES (1003, 416);
INSERT INTO Plays(GID, PID) VALUES (1083, 343);
INSERT INTO Plays(GID, PID) VALUES (1042, 37);
INSERT INTO Plays(GID, PID) VALUES (985, 450);
INSERT INTO Plays(GID, PID) VALUES (1333, 203);
INSERT INTO Plays(GID, PID) VALUES (1133, 453);
INSERT INTO Plays(GID, PID) VALUES (1430, 489);
INSERT INTO Plays(GID, PID) VALUES (295, 245);
INSERT INTO Plays(GID, PID) VALUES (598, 394);
INSERT INTO Plays(GID, PID) VALUES (770, 181);
INSERT INTO Plays(GID, PID) VALUES (1138, 292);
INSERT INTO Plays(GID, PID) VALUES (955, 377);
INSERT INTO Plays(GID, PID) VALUES (956, 258);
INSERT INTO Plays(GID, PID) VALUES (803, 385);
INSERT INTO Plays(GID, PID) VALUES (249, 221);
INSERT INTO Plays(GID, PID) VALUES (1306, 294);
INSERT INTO Plays(GID, PID) VALUES (1250, 373);
INSERT INTO Plays(GID, PID) VALUES (1038, 283);
INSERT INTO Plays(GID, PID) VALUES (1471, 224);
INSERT INTO Plays(GID, PID) VALUES (838, 517);
INSERT INTO Plays(GID, PID) VALUES (1165, 468);
INSERT INTO Plays(GID, PID) VALUES (1116, 509);
INSERT INTO Plays(GID, PID) VALUES (429, 386);
INSERT INTO Plays(GID, PID) VALUES (261, 417);
INSERT INTO Plays(GID, PID) VALUES (1259, 266);
INSERT INTO Plays(GID, PID) VALUES (1094, 294);
INSERT INTO Plays(GID, PID) VALUES (1323, 284);
INSERT INTO Plays(GID, PID) VALUES (1063, 525);
INSERT INTO Plays(GID, PID) VALUES (991, 228);
INSERT INTO Plays(GID, PID) VALUES (880, 481);
INSERT INTO Plays(GID, PID) VALUES (415, 369);
INSERT INTO Plays(GID, PID) VALUES (1453, 168);
INSERT INTO Plays(GID, PID) VALUES (911, 476);
INSERT INTO Plays(GID, PID) VALUES (1457, 348);
INSERT INTO Plays(GID, PID) VALUES (844, 309);
INSERT INTO Plays(GID, PID) VALUES (384, 271);
INSERT INTO Plays(GID, PID) VALUES (533, 520);
INSERT INTO Plays(GID, PID) VALUES (973, 426);
INSERT INTO Plays(GID, PID) VALUES (680, 247);
INSERT INTO Plays(GID, PID) VALUES (1005, 364);
INSERT INTO Plays(GID, PID) VALUES (1295, 517);
INSERT INTO Plays(GID, PID) VALUES (635, 537);
INSERT INTO Plays(GID, PID) VALUES (1250, 447);
INSERT INTO Plays(GID, PID) VALUES (1021, 317);
INSERT INTO Plays(GID, PID) VALUES (1348, 98);
INSERT INTO Plays(GID, PID) VALUES (540, 398);
INSERT INTO Plays(GID, PID) VALUES (830, 466);
INSERT INTO Plays(GID, PID) VALUES (573, 383);
INSERT INTO Plays(GID, PID) VALUES (1362, 267);
INSERT INTO Plays(GID, PID) VALUES (1053, 368);
INSERT INTO Plays(GID, PID) VALUES (920, 511);
INSERT INTO Plays(GID, PID) VALUES (1064, 426);
INSERT INTO Plays(GID, PID) VALUES (1365, 484);
INSERT INTO Plays(GID, PID) VALUES (738, 456);
INSERT INTO Plays(GID, PID) VALUES (1175, 282);
INSERT INTO Plays(GID, PID) VALUES (745, 539);
INSERT INTO Plays(GID, PID) VALUES (1059, 482);
INSERT INTO Plays(GID, PID) VALUES (1026, 212);
INSERT INTO Plays(GID, PID) VALUES (1058, 234);
INSERT INTO Plays(GID, PID) VALUES (704, 523);
INSERT INTO Plays(GID, PID) VALUES (1024, 296);
INSERT INTO Plays(GID, PID) VALUES (272, 320);
INSERT INTO Plays(GID, PID) VALUES (1382, 476);
INSERT INTO Plays(GID, PID) VALUES (152, 229);
INSERT INTO Plays(GID, PID) VALUES (1201, 442);
INSERT INTO Plays(GID, PID) VALUES (1113, 384);
INSERT INTO Plays(GID, PID) VALUES (513, 58);
INSERT INTO Plays(GID, PID) VALUES (1349, 118);
INSERT INTO Plays(GID, PID) VALUES (1305, 527);
INSERT INTO Plays(GID, PID) VALUES (687, 115);
INSERT INTO Plays(GID, PID) VALUES (247, 327);
INSERT INTO Plays(GID, PID) VALUES (583, 366);
INSERT INTO Plays(GID, PID) VALUES (1266, 426);
INSERT INTO Plays(GID, PID) VALUES (1108, 173);
INSERT INTO Plays(GID, PID) VALUES (950, 523);
INSERT INTO Plays(GID, PID) VALUES (789, 41);
INSERT INTO Plays(GID, PID) VALUES (1324, 357);
INSERT INTO Plays(GID, PID) VALUES (1174, 187);
INSERT INTO Plays(GID, PID) VALUES (1330, 481);
INSERT INTO Plays(GID, PID) VALUES (803, 270);
INSERT INTO Plays(GID, PID) VALUES (765, 311);
INSERT INTO Plays(GID, PID) VALUES (922, 344);
INSERT INTO Plays(GID, PID) VALUES (878, 136);
INSERT INTO Plays(GID, PID) VALUES (494, 194);
INSERT INTO Plays(GID, PID) VALUES (1053, 403);
INSERT INTO Plays(GID, PID) VALUES (89, 199);
INSERT INTO Plays(GID, PID) VALUES (1220, 435);
INSERT INTO Plays(GID, PID) VALUES (761, 425);
INSERT INTO Plays(GID, PID) VALUES (1270, 329);
INSERT INTO Plays(GID, PID) VALUES (815, 486);
INSERT INTO Plays(GID, PID) VALUES (1349, 181);
INSERT INTO Plays(GID, PID) VALUES (1108, 410);
INSERT INTO Plays(GID, PID) VALUES (1247, 413);
INSERT INTO Plays(GID, PID) VALUES (906, 212);
INSERT INTO Plays(GID, PID) VALUES (950, 372);
INSERT INTO Plays(GID, PID) VALUES (1343, 437);
INSERT INTO Plays(GID, PID) VALUES (331, 441);
INSERT INTO Plays(GID, PID) VALUES (1276, 226);
INSERT INTO Plays(GID, PID) VALUES (824, 339);
INSERT INTO Plays(GID, PID) VALUES (1458, 494);
INSERT INTO Plays(GID, PID) VALUES (1476, 483);
INSERT INTO Plays(GID, PID) VALUES (987, 528);
INSERT INTO Plays(GID, PID) VALUES (1118, 428);
INSERT INTO Plays(GID, PID) VALUES (1494, 450);
INSERT INTO Plays(GID, PID) VALUES (1048, 280);
INSERT INTO Plays(GID, PID) VALUES (923, 287);
INSERT INTO Plays(GID, PID) VALUES (1385, 292);
INSERT INTO Plays(GID, PID) VALUES (1402, 521);
INSERT INTO Plays(GID, PID) VALUES (401, 398);
INSERT INTO Plays(GID, PID) VALUES (95, 261);
INSERT INTO Plays(GID, PID) VALUES (1410, 372);
INSERT INTO Plays(GID, PID) VALUES (537, 486);
INSERT INTO Plays(GID, PID) VALUES (846, 500);
INSERT INTO Plays(GID, PID) VALUES (1236, 284);
INSERT INTO Plays(GID, PID) VALUES (381, 274);
INSERT INTO Plays(GID, PID) VALUES (668, 434);
INSERT INTO Plays(GID, PID) VALUES (764, 382);
INSERT INTO Plays(GID, PID) VALUES (641, 471);
INSERT INTO Plays(GID, PID) VALUES (185, 268);
INSERT INTO Plays(GID, PID) VALUES (1088, 444);
INSERT INTO Plays(GID, PID) VALUES (1472, 340);
INSERT INTO Plays(GID, PID) VALUES (838, 331);
INSERT INTO Plays(GID, PID) VALUES (1433, 494);
INSERT INTO Plays(GID, PID) VALUES (358, 336);
INSERT INTO Plays(GID, PID) VALUES (1388, 519);
INSERT INTO Plays(GID, PID) VALUES (1269, 526);
INSERT INTO Plays(GID, PID) VALUES (1397, 538);
INSERT INTO Plays(GID, PID) VALUES (1368, 450);
INSERT INTO Plays(GID, PID) VALUES (1474, 230);
INSERT INTO Plays(GID, PID) VALUES (991, 385);
INSERT INTO Plays(GID, PID) VALUES (561, 83);
INSERT INTO Plays(GID, PID) VALUES (1083, 432);
INSERT INTO Plays(GID, PID) VALUES (929, 342);
INSERT INTO Plays(GID, PID) VALUES (1204, 455);
INSERT INTO Plays(GID, PID) VALUES (911, 342);
INSERT INTO Plays(GID, PID) VALUES (1336, 220);
INSERT INTO Plays(GID, PID) VALUES (1101, 309);
INSERT INTO Plays(GID, PID) VALUES (582, 171);
INSERT INTO Plays(GID, PID) VALUES (1043, 362);
INSERT INTO Plays(GID, PID) VALUES (895, 247);
INSERT INTO Plays(GID, PID) VALUES (567, 313);
INSERT INTO Plays(GID, PID) VALUES (840, 139);
INSERT INTO Plays(GID, PID) VALUES (1304, 38);
INSERT INTO Plays(GID, PID) VALUES (646, 202);
INSERT INTO Plays(GID, PID) VALUES (1203, 458);
INSERT INTO Plays(GID, PID) VALUES (1290, 427);
INSERT INTO Plays(GID, PID) VALUES (630, 273);
INSERT INTO Plays(GID, PID) VALUES (1469, 432);
INSERT INTO Plays(GID, PID) VALUES (257, 491);
INSERT INTO Plays(GID, PID) VALUES (1208, 491);
INSERT INTO Plays(GID, PID) VALUES (1440, 390);
INSERT INTO Plays(GID, PID) VALUES (1474, 484);
INSERT INTO Plays(GID, PID) VALUES (59, 342);
INSERT INTO Plays(GID, PID) VALUES (1285, 304);
INSERT INTO Plays(GID, PID) VALUES (926, 206);
INSERT INTO Plays(GID, PID) VALUES (580, 111);
INSERT INTO Plays(GID, PID) VALUES (637, 196);
INSERT INTO Plays(GID, PID) VALUES (1380, 314);
INSERT INTO Plays(GID, PID) VALUES (1468, 492);
INSERT INTO Plays(GID, PID) VALUES (1163, 413);
INSERT INTO Plays(GID, PID) VALUES (1370, 244);
INSERT INTO Plays(GID, PID) VALUES (1375, 478);
INSERT INTO Plays(GID, PID) VALUES (1154, 481);
INSERT INTO Plays(GID, PID) VALUES (484, 505);
INSERT INTO Plays(GID, PID) VALUES (1242, 410);
INSERT INTO Plays(GID, PID) VALUES (441, 470);
INSERT INTO Plays(GID, PID) VALUES (1109, 420);
INSERT INTO Plays(GID, PID) VALUES (1502, 116);
INSERT INTO Plays(GID, PID) VALUES (901, 401);
INSERT INTO Plays(GID, PID) VALUES (1248, 463);
INSERT INTO Plays(GID, PID) VALUES (1318, 467);
INSERT INTO Plays(GID, PID) VALUES (1402, 497);
INSERT INTO Plays(GID, PID) VALUES (621, 529);
INSERT INTO Plays(GID, PID) VALUES (1317, 458);
INSERT INTO Plays(GID, PID) VALUES (806, 190);
INSERT INTO Plays(GID, PID) VALUES (859, 328);
INSERT INTO Plays(GID, PID) VALUES (556, 185);
INSERT INTO Plays(GID, PID) VALUES (1427, 218);
INSERT INTO Plays(GID, PID) VALUES (238, 463);
INSERT INTO Plays(GID, PID) VALUES (818, 30);
INSERT INTO Plays(GID, PID) VALUES (1304, 457);
INSERT INTO Plays(GID, PID) VALUES (832, 336);
INSERT INTO Plays(GID, PID) VALUES (983, 295);
INSERT INTO Plays(GID, PID) VALUES (1378, 299);
INSERT INTO Plays(GID, PID) VALUES (253, 482);
INSERT INTO Plays(GID, PID) VALUES (1089, 395);
INSERT INTO Plays(GID, PID) VALUES (1298, 340);
INSERT INTO Plays(GID, PID) VALUES (482, 398);
INSERT INTO Plays(GID, PID) VALUES (1221, 388);
INSERT INTO Plays(GID, PID) VALUES (1070, 539);
INSERT INTO Plays(GID, PID) VALUES (573, 59);
INSERT INTO Plays(GID, PID) VALUES (1292, 346);
INSERT INTO Plays(GID, PID) VALUES (962, 224);
INSERT INTO Plays(GID, PID) VALUES (1409, 99);
INSERT INTO Plays(GID, PID) VALUES (969, 217);
INSERT INTO Plays(GID, PID) VALUES (1014, 232);
INSERT INTO Plays(GID, PID) VALUES (1048, 499);
INSERT INTO Plays(GID, PID) VALUES (1192, 294);
INSERT INTO Plays(GID, PID) VALUES (1363, 389);
INSERT INTO Plays(GID, PID) VALUES (838, 212);
INSERT INTO Plays(GID, PID) VALUES (1110, 234);
INSERT INTO Plays(GID, PID) VALUES (1277, 126);
INSERT INTO Plays(GID, PID) VALUES (1131, 437);
INSERT INTO Plays(GID, PID) VALUES (292, 335);
INSERT INTO Plays(GID, PID) VALUES (907, 361);
INSERT INTO Plays(GID, PID) VALUES (1012, 401);
INSERT INTO Plays(GID, PID) VALUES (1466, 387);
INSERT INTO Plays(GID, PID) VALUES (1240, 237);
INSERT INTO Plays(GID, PID) VALUES (712, 326);
INSERT INTO Plays(GID, PID) VALUES (1084, 405);
INSERT INTO Plays(GID, PID) VALUES (1294, 434);
INSERT INTO Plays(GID, PID) VALUES (1043, 536);
INSERT INTO Plays(GID, PID) VALUES (779, 257);
INSERT INTO Plays(GID, PID) VALUES (1293, 179);
INSERT INTO Plays(GID, PID) VALUES (769, 162);
INSERT INTO Plays(GID, PID) VALUES (788, 120);
INSERT INTO Plays(GID, PID) VALUES (483, 488);
INSERT INTO Plays(GID, PID) VALUES (1014, 542);
INSERT INTO Plays(GID, PID) VALUES (921, 444);
INSERT INTO Plays(GID, PID) VALUES (497, 381);
INSERT INTO Plays(GID, PID) VALUES (284, 467);
INSERT INTO Plays(GID, PID) VALUES (748, 407);
INSERT INTO Plays(GID, PID) VALUES (1305, 540);
INSERT INTO Plays(GID, PID) VALUES (883, 523);
INSERT INTO Plays(GID, PID) VALUES (1045, 537);
INSERT INTO Plays(GID, PID) VALUES (1180, 505);
INSERT INTO Plays(GID, PID) VALUES (1378, 256);
INSERT INTO Plays(GID, PID) VALUES (1005, 168);
INSERT INTO Plays(GID, PID) VALUES (681, 177);
INSERT INTO Plays(GID, PID) VALUES (665, 234);
INSERT INTO Plays(GID, PID) VALUES (727, 371);
INSERT INTO Plays(GID, PID) VALUES (785, 373);
INSERT INTO Plays(GID, PID) VALUES (1027, 315);
INSERT INTO Plays(GID, PID) VALUES (114, 463);
INSERT INTO Plays(GID, PID) VALUES (703, 498);
INSERT INTO Plays(GID, PID) VALUES (1145, 184);
INSERT INTO Plays(GID, PID) VALUES (1238, 274);
INSERT INTO Plays(GID, PID) VALUES (736, 494);
INSERT INTO Plays(GID, PID) VALUES (1305, 356);
INSERT INTO Plays(GID, PID) VALUES (959, 415);
INSERT INTO Plays(GID, PID) VALUES (1008, 263);
INSERT INTO Plays(GID, PID) VALUES (1016, 80);
INSERT INTO Plays(GID, PID) VALUES (516, 291);
INSERT INTO Plays(GID, PID) VALUES (945, 516);
INSERT INTO Plays(GID, PID) VALUES (445, 309);
INSERT INTO Plays(GID, PID) VALUES (1337, 418);
INSERT INTO Plays(GID, PID) VALUES (370, 308);
INSERT INTO Plays(GID, PID) VALUES (1221, 135);
INSERT INTO Plays(GID, PID) VALUES (1336, 394);
INSERT INTO Plays(GID, PID) VALUES (911, 443);
INSERT INTO Plays(GID, PID) VALUES (1328, 45);
INSERT INTO Plays(GID, PID) VALUES (768, 529);
INSERT INTO Plays(GID, PID) VALUES (1322, 367);
INSERT INTO Plays(GID, PID) VALUES (1417, 384);
INSERT INTO Plays(GID, PID) VALUES (439, 393);
INSERT INTO Plays(GID, PID) VALUES (1310, 294);
INSERT INTO Plays(GID, PID) VALUES (844, 397);
INSERT INTO Plays(GID, PID) VALUES (1364, 252);
INSERT INTO Plays(GID, PID) VALUES (515, 357);
INSERT INTO Plays(GID, PID) VALUES (1308, 253);
INSERT INTO Plays(GID, PID) VALUES (1352, 246);
INSERT INTO Plays(GID, PID) VALUES (1092, 401);
INSERT INTO Plays(GID, PID) VALUES (1172, 506);
INSERT INTO Plays(GID, PID) VALUES (945, 234);
INSERT INTO Plays(GID, PID) VALUES (1387, 342);
INSERT INTO Plays(GID, PID) VALUES (955, 474);
INSERT INTO Plays(GID, PID) VALUES (1265, 431);
INSERT INTO Plays(GID, PID) VALUES (442, 443);
INSERT INTO Plays(GID, PID) VALUES (610, 376);
INSERT INTO Plays(GID, PID) VALUES (94, 536);
INSERT INTO Plays(GID, PID) VALUES (775, 272);
INSERT INTO Plays(GID, PID) VALUES (169, 423);
INSERT INTO Plays(GID, PID) VALUES (1366, 167);
INSERT INTO Plays(GID, PID) VALUES (824, 476);
INSERT INTO Plays(GID, PID) VALUES (842, 432);
INSERT INTO Plays(GID, PID) VALUES (1063, 494);
INSERT INTO Plays(GID, PID) VALUES (169, 521);
INSERT INTO Plays(GID, PID) VALUES (846, 514);
INSERT INTO Plays(GID, PID) VALUES (1218, 505);
INSERT INTO Plays(GID, PID) VALUES (1055, 461);
INSERT INTO Plays(GID, PID) VALUES (931, 327);
INSERT INTO Plays(GID, PID) VALUES (1381, 413);
INSERT INTO Plays(GID, PID) VALUES (1117, 402);
INSERT INTO Plays(GID, PID) VALUES (1344, 500);
INSERT INTO Plays(GID, PID) VALUES (1174, 491);
INSERT INTO Plays(GID, PID) VALUES (948, 415);
INSERT INTO Plays(GID, PID) VALUES (655, 416);
INSERT INTO Plays(GID, PID) VALUES (1242, 348);
INSERT INTO Plays(GID, PID) VALUES (635, 64);
INSERT INTO Plays(GID, PID) VALUES (1209, 539);
INSERT INTO Plays(GID, PID) VALUES (1353, 381);
INSERT INTO Plays(GID, PID) VALUES (965, 207);
INSERT INTO Plays(GID, PID) VALUES (299, 493);
INSERT INTO Plays(GID, PID) VALUES (1245, 464);
INSERT INTO Plays(GID, PID) VALUES (1006, 453);
INSERT INTO Plays(GID, PID) VALUES (363, 228);
INSERT INTO Plays(GID, PID) VALUES (1307, 495);
INSERT INTO Plays(GID, PID) VALUES (926, 516);
INSERT INTO Plays(GID, PID) VALUES (1301, 301);
INSERT INTO Plays(GID, PID) VALUES (529, 229);
INSERT INTO Plays(GID, PID) VALUES (1312, 325);
INSERT INTO Plays(GID, PID) VALUES (1462, 392);
INSERT INTO Plays(GID, PID) VALUES (1452, 530);
INSERT INTO Plays(GID, PID) VALUES (1477, 430);
INSERT INTO Plays(GID, PID) VALUES (1173, 179);
INSERT INTO Plays(GID, PID) VALUES (1166, 424);
INSERT INTO Plays(GID, PID) VALUES (1307, 351);
INSERT INTO Plays(GID, PID) VALUES (736, 61);
INSERT INTO Plays(GID, PID) VALUES (1295, 484);
INSERT INTO Plays(GID, PID) VALUES (1053, 523);
INSERT INTO Plays(GID, PID) VALUES (478, 236);
INSERT INTO Plays(GID, PID) VALUES (211, 402);
INSERT INTO Plays(GID, PID) VALUES (1008, 503);
INSERT INTO Plays(GID, PID) VALUES (607, 343);
INSERT INTO Plays(GID, PID) VALUES (1142, 241);
INSERT INTO Plays(GID, PID) VALUES (1120, 291);
INSERT INTO Plays(GID, PID) VALUES (1352, 315);
INSERT INTO Plays(GID, PID) VALUES (806, 384);
INSERT INTO Plays(GID, PID) VALUES (532, 467);
INSERT INTO Plays(GID, PID) VALUES (1385, 272);
INSERT INTO Plays(GID, PID) VALUES (1396, 465);
INSERT INTO Plays(GID, PID) VALUES (585, 364);
INSERT INTO Plays(GID, PID) VALUES (1022, 426);
INSERT INTO Plays(GID, PID) VALUES (964, 340);
INSERT INTO Plays(GID, PID) VALUES (845, 245);
INSERT INTO Plays(GID, PID) VALUES (942, 516);
INSERT INTO Plays(GID, PID) VALUES (1007, 351);
INSERT INTO Plays(GID, PID) VALUES (786, 348);
INSERT INTO Plays(GID, PID) VALUES (1354, 515);
INSERT INTO Plays(GID, PID) VALUES (463, 359);
INSERT INTO Plays(GID, PID) VALUES (1279, 338);
INSERT INTO Plays(GID, PID) VALUES (1280, 438);
INSERT INTO Plays(GID, PID) VALUES (579, 395);
INSERT INTO Plays(GID, PID) VALUES (779, 55);
INSERT INTO Plays(GID, PID) VALUES (769, 284);
INSERT INTO Plays(GID, PID) VALUES (128, 185);
INSERT INTO Plays(GID, PID) VALUES (1131, 190);
INSERT INTO Plays(GID, PID) VALUES (1293, 216);
INSERT INTO Plays(GID, PID) VALUES (1116, 89);
INSERT INTO Plays(GID, PID) VALUES (721, 210);
INSERT INTO Plays(GID, PID) VALUES (334, 506);
INSERT INTO Plays(GID, PID) VALUES (799, 428);
INSERT INTO Plays(GID, PID) VALUES (274, 383);
INSERT INTO Plays(GID, PID) VALUES (946, 405);
INSERT INTO Plays(GID, PID) VALUES (1498, 499);
INSERT INTO Plays(GID, PID) VALUES (722, 380);
INSERT INTO Plays(GID, PID) VALUES (562, 459);
INSERT INTO Plays(GID, PID) VALUES (742, 531);
INSERT INTO Plays(GID, PID) VALUES (1477, 292);
INSERT INTO Plays(GID, PID) VALUES (1127, 389);
INSERT INTO Plays(GID, PID) VALUES (1192, 258);
INSERT INTO Plays(GID, PID) VALUES (888, 410);
INSERT INTO Plays(GID, PID) VALUES (1283, 238);
INSERT INTO Plays(GID, PID) VALUES (705, 160);
INSERT INTO Plays(GID, PID) VALUES (732, 286);
INSERT INTO Plays(GID, PID) VALUES (569, 364);
INSERT INTO Plays(GID, PID) VALUES (401, 291);
INSERT INTO Plays(GID, PID) VALUES (1332, 354);
INSERT INTO Plays(GID, PID) VALUES (1490, 175);
INSERT INTO Plays(GID, PID) VALUES (1465, 230);
INSERT INTO Plays(GID, PID) VALUES (1246, 229);
INSERT INTO Plays(GID, PID) VALUES (548, 489);
INSERT INTO Plays(GID, PID) VALUES (470, 524);
INSERT INTO Plays(GID, PID) VALUES (999, 169);
INSERT INTO Plays(GID, PID) VALUES (855, 441);
INSERT INTO Plays(GID, PID) VALUES (719, 142);
INSERT INTO Plays(GID, PID) VALUES (768, 445);
INSERT INTO Plays(GID, PID) VALUES (1311, 531);
INSERT INTO Plays(GID, PID) VALUES (727, 377);
INSERT INTO Plays(GID, PID) VALUES (1451, 542);
INSERT INTO Plays(GID, PID) VALUES (799, 334);
INSERT INTO Plays(GID, PID) VALUES (1348, 20);
INSERT INTO Plays(GID, PID) VALUES (489, 140);
INSERT INTO Plays(GID, PID) VALUES (746, 481);
INSERT INTO Plays(GID, PID) VALUES (1308, 126);
INSERT INTO Plays(GID, PID) VALUES (726, 520);
INSERT INTO Plays(GID, PID) VALUES (1282, 361);
INSERT INTO Plays(GID, PID) VALUES (917, 328);
INSERT INTO Plays(GID, PID) VALUES (1023, 493);
INSERT INTO Plays(GID, PID) VALUES (1046, 490);
INSERT INTO Plays(GID, PID) VALUES (1412, 482);
INSERT INTO Plays(GID, PID) VALUES (1018, 458);
INSERT INTO Plays(GID, PID) VALUES (1230, 204);
INSERT INTO Plays(GID, PID) VALUES (1187, 253);
INSERT INTO Plays(GID, PID) VALUES (795, 404);
INSERT INTO Plays(GID, PID) VALUES (1119, 383);
INSERT INTO Plays(GID, PID) VALUES (1128, 155);
INSERT INTO Plays(GID, PID) VALUES (1400, 441);
INSERT INTO Plays(GID, PID) VALUES (1271, 489);
INSERT INTO Plays(GID, PID) VALUES (1281, 429);
INSERT INTO Plays(GID, PID) VALUES (381, 529);
INSERT INTO Plays(GID, PID) VALUES (840, 365);
INSERT INTO Plays(GID, PID) VALUES (788, 359);
INSERT INTO Plays(GID, PID) VALUES (749, 478);
INSERT INTO Plays(GID, PID) VALUES (1126, 473);
INSERT INTO Plays(GID, PID) VALUES (1031, 195);
INSERT INTO Plays(GID, PID) VALUES (782, 73);
INSERT INTO Plays(GID, PID) VALUES (729, 201);
INSERT INTO Plays(GID, PID) VALUES (300, 513);
INSERT INTO Plays(GID, PID) VALUES (1003, 364);
INSERT INTO Plays(GID, PID) VALUES (1462, 307);
INSERT INTO Plays(GID, PID) VALUES (953, 543);
INSERT INTO Plays(GID, PID) VALUES (1220, 387);
INSERT INTO Plays(GID, PID) VALUES (844, 281);
INSERT INTO Plays(GID, PID) VALUES (1419, 331);
INSERT INTO Plays(GID, PID) VALUES (849, 108);
INSERT INTO Plays(GID, PID) VALUES (1054, 531);
INSERT INTO Plays(GID, PID) VALUES (939, 431);
INSERT INTO Plays(GID, PID) VALUES (1088, 434);
INSERT INTO Plays(GID, PID) VALUES (1317, 534);
INSERT INTO Plays(GID, PID) VALUES (1492, 541);
INSERT INTO Plays(GID, PID) VALUES (543, 103);
INSERT INTO Plays(GID, PID) VALUES (1450, 254);
INSERT INTO Plays(GID, PID) VALUES (1229, 224);
INSERT INTO Plays(GID, PID) VALUES (1052, 332);
INSERT INTO Plays(GID, PID) VALUES (917, 425);
INSERT INTO Plays(GID, PID) VALUES (515, 513);
INSERT INTO Plays(GID, PID) VALUES (597, 94);
INSERT INTO Plays(GID, PID) VALUES (953, 357);
INSERT INTO Plays(GID, PID) VALUES (1034, 118);
INSERT INTO Plays(GID, PID) VALUES (45, 461);
INSERT INTO Plays(GID, PID) VALUES (890, 533);
INSERT INTO Plays(GID, PID) VALUES (1284, 339);
INSERT INTO Plays(GID, PID) VALUES (251, 472);
INSERT INTO Plays(GID, PID) VALUES (1277, 272);
INSERT INTO Plays(GID, PID) VALUES (742, 484);
INSERT INTO Plays(GID, PID) VALUES (1371, 456);
INSERT INTO Plays(GID, PID) VALUES (1445, 332);
INSERT INTO Plays(GID, PID) VALUES (1109, 473);
INSERT INTO Plays(GID, PID) VALUES (545, 417);
INSERT INTO Plays(GID, PID) VALUES (672, 98);
INSERT INTO Plays(GID, PID) VALUES (1446, 385);
INSERT INTO Plays(GID, PID) VALUES (1098, 306);
INSERT INTO Plays(GID, PID) VALUES (1303, 154);
INSERT INTO Plays(GID, PID) VALUES (538, 525);
INSERT INTO Plays(GID, PID) VALUES (1217, 256);
INSERT INTO Plays(GID, PID) VALUES (647, 195);
INSERT INTO Plays(GID, PID) VALUES (1084, 38);
INSERT INTO Plays(GID, PID) VALUES (1312, 519);
INSERT INTO Plays(GID, PID) VALUES (609, 402);
INSERT INTO Plays(GID, PID) VALUES (879, 377);
INSERT INTO Plays(GID, PID) VALUES (645, 347);
INSERT INTO Plays(GID, PID) VALUES (1329, 225);
INSERT INTO Plays(GID, PID) VALUES (1451, 177);
INSERT INTO Plays(GID, PID) VALUES (1254, 309);
INSERT INTO Plays(GID, PID) VALUES (898, 134);
INSERT INTO Plays(GID, PID) VALUES (1130, 514);
INSERT INTO Plays(GID, PID) VALUES (693, 287);
INSERT INTO Plays(GID, PID) VALUES (904, 170);
INSERT INTO Plays(GID, PID) VALUES (271, 533);
INSERT INTO Plays(GID, PID) VALUES (646, 380);
INSERT INTO Plays(GID, PID) VALUES (1183, 451);
INSERT INTO Plays(GID, PID) VALUES (1252, 330);
INSERT INTO Plays(GID, PID) VALUES (801, 201);
INSERT INTO Plays(GID, PID) VALUES (1245, 366);
INSERT INTO Plays(GID, PID) VALUES (1453, 363);
INSERT INTO Plays(GID, PID) VALUES (1391, 88);
INSERT INTO Plays(GID, PID) VALUES (669, 186);
INSERT INTO Plays(GID, PID) VALUES (711, 433);
INSERT INTO Plays(GID, PID) VALUES (1473, 194);
INSERT INTO Plays(GID, PID) VALUES (654, 521);
INSERT INTO Plays(GID, PID) VALUES (1357, 305);
INSERT INTO Plays(GID, PID) VALUES (1160, 472);
INSERT INTO Plays(GID, PID) VALUES (1388, 87);
INSERT INTO Plays(GID, PID) VALUES (1495, 531);
INSERT INTO Plays(GID, PID) VALUES (1003, 511);
INSERT INTO Plays(GID, PID) VALUES (1137, 225);
INSERT INTO Plays(GID, PID) VALUES (1108, 136);
INSERT INTO Plays(GID, PID) VALUES (674, 279);
INSERT INTO Plays(GID, PID) VALUES (1274, 494);
INSERT INTO Plays(GID, PID) VALUES (786, 512);
INSERT INTO Plays(GID, PID) VALUES (1437, 438);
INSERT INTO Plays(GID, PID) VALUES (1318, 194);
INSERT INTO Plays(GID, PID) VALUES (1313, 181);
INSERT INTO Plays(GID, PID) VALUES (734, 541);
INSERT INTO Plays(GID, PID) VALUES (284, 355);
INSERT INTO Plays(GID, PID) VALUES (640, 462);
INSERT INTO Plays(GID, PID) VALUES (1302, 431);
INSERT INTO Plays(GID, PID) VALUES (1152, 98);
INSERT INTO Plays(GID, PID) VALUES (1441, 466);
INSERT INTO Plays(GID, PID) VALUES (1435, 95);
INSERT INTO Plays(GID, PID) VALUES (461, 380);
INSERT INTO Plays(GID, PID) VALUES (1305, 365);
INSERT INTO Plays(GID, PID) VALUES (793, 295);
INSERT INTO Plays(GID, PID) VALUES (640, 372);
INSERT INTO Plays(GID, PID) VALUES (521, 403);
INSERT INTO Plays(GID, PID) VALUES (1239, 166);
INSERT INTO Plays(GID, PID) VALUES (680, 512);
INSERT INTO Plays(GID, PID) VALUES (1411, 360);
INSERT INTO Plays(GID, PID) VALUES (603, 362);
INSERT INTO Plays(GID, PID) VALUES (1404, 483);
INSERT INTO Plays(GID, PID) VALUES (1077, 241);
INSERT INTO Plays(GID, PID) VALUES (1368, 123);
INSERT INTO Plays(GID, PID) VALUES (437, 278);
INSERT INTO Plays(GID, PID) VALUES (1503, 349);
INSERT INTO Plays(GID, PID) VALUES (1003, 20);
INSERT INTO Plays(GID, PID) VALUES (1053, 518);
INSERT INTO Plays(GID, PID) VALUES (902, 399);
INSERT INTO Plays(GID, PID) VALUES (1374, 268);
INSERT INTO Plays(GID, PID) VALUES (1270, 434);
INSERT INTO Plays(GID, PID) VALUES (653, 65);
INSERT INTO Plays(GID, PID) VALUES (494, 496);
INSERT INTO Plays(GID, PID) VALUES (1277, 506);
INSERT INTO Plays(GID, PID) VALUES (833, 304);
INSERT INTO Plays(GID, PID) VALUES (1307, 421);
INSERT INTO Plays(GID, PID) VALUES (939, 372);
INSERT INTO Plays(GID, PID) VALUES (1226, 430);
INSERT INTO Plays(GID, PID) VALUES (1238, 516);
INSERT INTO Plays(GID, PID) VALUES (609, 381);
INSERT INTO Plays(GID, PID) VALUES (1431, 474);
INSERT INTO Plays(GID, PID) VALUES (1314, 219);
INSERT INTO Plays(GID, PID) VALUES (399, 321);
INSERT INTO Plays(GID, PID) VALUES (1418, 273);
INSERT INTO Plays(GID, PID) VALUES (1059, 356);
INSERT INTO Plays(GID, PID) VALUES (392, 462);
INSERT INTO Plays(GID, PID) VALUES (1291, 248);
INSERT INTO Plays(GID, PID) VALUES (306, 275);
INSERT INTO Plays(GID, PID) VALUES (527, 499);
INSERT INTO Plays(GID, PID) VALUES (596, 475);
INSERT INTO Plays(GID, PID) VALUES (906, 356);
INSERT INTO Plays(GID, PID) VALUES (1426, 519);
INSERT INTO Plays(GID, PID) VALUES (1104, 471);
INSERT INTO Plays(GID, PID) VALUES (1218, 408);
INSERT INTO Plays(GID, PID) VALUES (351, 252);
INSERT INTO Plays(GID, PID) VALUES (1487, 492);
INSERT INTO Plays(GID, PID) VALUES (1491, 532);
INSERT INTO Plays(GID, PID) VALUES (837, 468);
INSERT INTO Plays(GID, PID) VALUES (1500, 124);
INSERT INTO Plays(GID, PID) VALUES (1045, 242);
INSERT INTO Plays(GID, PID) VALUES (1443, 380);
INSERT INTO Plays(GID, PID) VALUES (1257, 403);
INSERT INTO Plays(GID, PID) VALUES (1065, 467);
INSERT INTO Plays(GID, PID) VALUES (1066, 524);
INSERT INTO Plays(GID, PID) VALUES (902, 441);
INSERT INTO Plays(GID, PID) VALUES (1183, 276);
INSERT INTO Plays(GID, PID) VALUES (1363, 179);
INSERT INTO Plays(GID, PID) VALUES (857, 284);
INSERT INTO Plays(GID, PID) VALUES (457, 508);
INSERT INTO Plays(GID, PID) VALUES (1374, 298);
INSERT INTO Plays(GID, PID) VALUES (310, 148);
INSERT INTO Plays(GID, PID) VALUES (534, 206);
INSERT INTO Plays(GID, PID) VALUES (880, 103);
INSERT INTO Plays(GID, PID) VALUES (1091, 424);
INSERT INTO Plays(GID, PID) VALUES (599, 278);
INSERT INTO Plays(GID, PID) VALUES (1442, 257);
INSERT INTO Plays(GID, PID) VALUES (1477, 534);
INSERT INTO Plays(GID, PID) VALUES (1423, 352);
INSERT INTO Plays(GID, PID) VALUES (421, 371);
INSERT INTO Plays(GID, PID) VALUES (866, 274);
INSERT INTO Plays(GID, PID) VALUES (1077, 438);
INSERT INTO Plays(GID, PID) VALUES (1310, 530);
INSERT INTO Plays(GID, PID) VALUES (709, 313);
INSERT INTO Plays(GID, PID) VALUES (685, 156);
INSERT INTO Plays(GID, PID) VALUES (932, 305);
INSERT INTO Plays(GID, PID) VALUES (938, 112);
INSERT INTO Plays(GID, PID) VALUES (650, 355);
INSERT INTO Plays(GID, PID) VALUES (1024, 390);
INSERT INTO Plays(GID, PID) VALUES (530, 395);
INSERT INTO Plays(GID, PID) VALUES (1339, 541);
INSERT INTO Plays(GID, PID) VALUES (695, 289);
INSERT INTO Plays(GID, PID) VALUES (750, 458);
INSERT INTO Plays(GID, PID) VALUES (545, 229);
INSERT INTO Plays(GID, PID) VALUES (1207, 206);
INSERT INTO Plays(GID, PID) VALUES (949, 249);
INSERT INTO Plays(GID, PID) VALUES (1395, 537);
INSERT INTO Plays(GID, PID) VALUES (1447, 519);
INSERT INTO Plays(GID, PID) VALUES (742, 427);
INSERT INTO Plays(GID, PID) VALUES (1258, 208);
INSERT INTO Plays(GID, PID) VALUES (1022, 365);
INSERT INTO Plays(GID, PID) VALUES (1057, 157);
INSERT INTO Plays(GID, PID) VALUES (1075, 501);
INSERT INTO Plays(GID, PID) VALUES (911, 448);
INSERT INTO Plays(GID, PID) VALUES (689, 536);
INSERT INTO Plays(GID, PID) VALUES (1476, 381);
INSERT INTO Plays(GID, PID) VALUES (1323, 21);
INSERT INTO Plays(GID, PID) VALUES (1270, 228);
INSERT INTO Plays(GID, PID) VALUES (894, 80);
INSERT INTO Plays(GID, PID) VALUES (611, 499);
INSERT INTO Plays(GID, PID) VALUES (349, 543);
INSERT INTO Plays(GID, PID) VALUES (1484, 408);
INSERT INTO Plays(GID, PID) VALUES (1036, 519);
INSERT INTO Plays(GID, PID) VALUES (1096, 515);
INSERT INTO Plays(GID, PID) VALUES (317, 460);
INSERT INTO Plays(GID, PID) VALUES (618, 260);
INSERT INTO Plays(GID, PID) VALUES (843, 387);
INSERT INTO Plays(GID, PID) VALUES (899, 442);
INSERT INTO Plays(GID, PID) VALUES (881, 493);
INSERT INTO Plays(GID, PID) VALUES (697, 404);
INSERT INTO Plays(GID, PID) VALUES (1120, 474);
INSERT INTO Plays(GID, PID) VALUES (1456, 540);
INSERT INTO Plays(GID, PID) VALUES (150, 280);
INSERT INTO Plays(GID, PID) VALUES (501, 292);
INSERT INTO Plays(GID, PID) VALUES (806, 227);
INSERT INTO Plays(GID, PID) VALUES (1293, 220);
INSERT INTO Plays(GID, PID) VALUES (420, 277);
INSERT INTO Plays(GID, PID) VALUES (596, 250);
INSERT INTO Plays(GID, PID) VALUES (1451, 424);
INSERT INTO Plays(GID, PID) VALUES (1378, 244);
INSERT INTO Plays(GID, PID) VALUES (1266, 171);
INSERT INTO Plays(GID, PID) VALUES (1313, 212);
INSERT INTO Plays(GID, PID) VALUES (1487, 139);
INSERT INTO Plays(GID, PID) VALUES (1337, 175);
INSERT INTO Plays(GID, PID) VALUES (1219, 478);
INSERT INTO Plays(GID, PID) VALUES (1099, 36);
INSERT INTO Plays(GID, PID) VALUES (1499, 249);
INSERT INTO Plays(GID, PID) VALUES (1039, 372);
INSERT INTO Plays(GID, PID) VALUES (1311, 26);
INSERT INTO Plays(GID, PID) VALUES (634, 417);
INSERT INTO Plays(GID, PID) VALUES (1306, 117);
INSERT INTO Plays(GID, PID) VALUES (833, 520);
INSERT INTO Plays(GID, PID) VALUES (540, 495);
INSERT INTO Plays(GID, PID) VALUES (997, 370);
INSERT INTO Plays(GID, PID) VALUES (1227, 132);
INSERT INTO Plays(GID, PID) VALUES (598, 286);
INSERT INTO Plays(GID, PID) VALUES (987, 332);
INSERT INTO Plays(GID, PID) VALUES (997, 521);
INSERT INTO Plays(GID, PID) VALUES (230, 346);
INSERT INTO Plays(GID, PID) VALUES (639, 260);
INSERT INTO Plays(GID, PID) VALUES (727, 448);
INSERT INTO Plays(GID, PID) VALUES (1420, 459);
INSERT INTO Plays(GID, PID) VALUES (646, 258);
INSERT INTO Plays(GID, PID) VALUES (719, 330);
INSERT INTO Plays(GID, PID) VALUES (1471, 528);
INSERT INTO Plays(GID, PID) VALUES (1497, 346);
INSERT INTO Plays(GID, PID) VALUES (854, 458);
INSERT INTO Plays(GID, PID) VALUES (1106, 296);
INSERT INTO Plays(GID, PID) VALUES (1312, 365);
INSERT INTO Plays(GID, PID) VALUES (1075, 538);
INSERT INTO Plays(GID, PID) VALUES (765, 355);
INSERT INTO Plays(GID, PID) VALUES (1345, 444);
INSERT INTO Plays(GID, PID) VALUES (1153, 451);
INSERT INTO Plays(GID, PID) VALUES (465, 265);
INSERT INTO Plays(GID, PID) VALUES (1029, 425);
INSERT INTO Plays(GID, PID) VALUES (812, 285);
INSERT INTO Plays(GID, PID) VALUES (1498, 455);
INSERT INTO Plays(GID, PID) VALUES (1449, 232);
INSERT INTO Plays(GID, PID) VALUES (1116, 227);
INSERT INTO Plays(GID, PID) VALUES (520, 214);
INSERT INTO Plays(GID, PID) VALUES (1128, 387);
INSERT INTO Plays(GID, PID) VALUES (700, 180);
INSERT INTO Plays(GID, PID) VALUES (960, 511);
INSERT INTO Plays(GID, PID) VALUES (872, 473);
INSERT INTO Plays(GID, PID) VALUES (1292, 222);
INSERT INTO Plays(GID, PID) VALUES (1159, 500);
INSERT INTO Plays(GID, PID) VALUES (1079, 542);
INSERT INTO Plays(GID, PID) VALUES (1245, 341);
INSERT INTO Plays(GID, PID) VALUES (1197, 174);
INSERT INTO Plays(GID, PID) VALUES (1271, 480);
INSERT INTO Plays(GID, PID) VALUES (358, 172);
INSERT INTO Plays(GID, PID) VALUES (1348, 38);
INSERT INTO Plays(GID, PID) VALUES (650, 118);
INSERT INTO Plays(GID, PID) VALUES (710, 464);
INSERT INTO Plays(GID, PID) VALUES (1417, 467);
INSERT INTO Plays(GID, PID) VALUES (743, 318);
INSERT INTO Plays(GID, PID) VALUES (1012, 364);
INSERT INTO Plays(GID, PID) VALUES (868, 369);
INSERT INTO Plays(GID, PID) VALUES (702, 504);
INSERT INTO Plays(GID, PID) VALUES (250, 444);
INSERT INTO Plays(GID, PID) VALUES (1080, 531);
INSERT INTO Plays(GID, PID) VALUES (1468, 428);
INSERT INTO Plays(GID, PID) VALUES (185, 93);
INSERT INTO Plays(GID, PID) VALUES (547, 434);
INSERT INTO Plays(GID, PID) VALUES (972, 437);
INSERT INTO Plays(GID, PID) VALUES (1302, 500);
INSERT INTO Plays(GID, PID) VALUES (1388, 374);
INSERT INTO Plays(GID, PID) VALUES (1086, 403);
INSERT INTO Plays(GID, PID) VALUES (798, 105);
INSERT INTO Plays(GID, PID) VALUES (1324, 469);
INSERT INTO Plays(GID, PID) VALUES (445, 223);
INSERT INTO Plays(GID, PID) VALUES (1182, 74);
INSERT INTO Plays(GID, PID) VALUES (1041, 399);
INSERT INTO Plays(GID, PID) VALUES (952, 530);
INSERT INTO Plays(GID, PID) VALUES (1184, 454);
INSERT INTO Plays(GID, PID) VALUES (1215, 355);
INSERT INTO Plays(GID, PID) VALUES (334, 199);
INSERT INTO Plays(GID, PID) VALUES (610, 422);
INSERT INTO Plays(GID, PID) VALUES (737, 138);
INSERT INTO Plays(GID, PID) VALUES (1270, 296);
INSERT INTO Plays(GID, PID) VALUES (568, 441);
INSERT INTO Plays(GID, PID) VALUES (545, 369);
INSERT INTO Plays(GID, PID) VALUES (168, 542);
INSERT INTO Plays(GID, PID) VALUES (265, 439);
INSERT INTO Plays(GID, PID) VALUES (949, 295);
INSERT INTO Plays(GID, PID) VALUES (1023, 488);
INSERT INTO Plays(GID, PID) VALUES (1366, 378);
INSERT INTO Plays(GID, PID) VALUES (240, 153);
INSERT INTO Plays(GID, PID) VALUES (41, 354);
INSERT INTO Plays(GID, PID) VALUES (1390, 438);
INSERT INTO Plays(GID, PID) VALUES (1333, 439);
INSERT INTO Plays(GID, PID) VALUES (762, 516);
INSERT INTO Plays(GID, PID) VALUES (1480, 530);
INSERT INTO Plays(GID, PID) VALUES (747, 383);
INSERT INTO Plays(GID, PID) VALUES (590, 448);
INSERT INTO Plays(GID, PID) VALUES (564, 339);
INSERT INTO Plays(GID, PID) VALUES (930, 290);
INSERT INTO Plays(GID, PID) VALUES (1457, 213);
INSERT INTO Plays(GID, PID) VALUES (1007, 349);
INSERT INTO Plays(GID, PID) VALUES (705, 315);
INSERT INTO Plays(GID, PID) VALUES (1363, 519);
INSERT INTO Plays(GID, PID) VALUES (1497, 114);
INSERT INTO Plays(GID, PID) VALUES (888, 500);
INSERT INTO Plays(GID, PID) VALUES (785, 78);
INSERT INTO Plays(GID, PID) VALUES (1232, 321);
INSERT INTO Plays(GID, PID) VALUES (63, 193);
INSERT INTO Plays(GID, PID) VALUES (255, 367);
INSERT INTO Plays(GID, PID) VALUES (958, 276);
INSERT INTO Plays(GID, PID) VALUES (1307, 542);
INSERT INTO Plays(GID, PID) VALUES (1237, 439);
INSERT INTO Plays(GID, PID) VALUES (305, 518);
INSERT INTO Plays(GID, PID) VALUES (663, 491);
INSERT INTO Plays(GID, PID) VALUES (1482, 354);
INSERT INTO Plays(GID, PID) VALUES (1377, 198);
INSERT INTO Plays(GID, PID) VALUES (1030, 351);
INSERT INTO Plays(GID, PID) VALUES (863, 129);
INSERT INTO Plays(GID, PID) VALUES (478, 293);
INSERT INTO Plays(GID, PID) VALUES (557, 307);
INSERT INTO Plays(GID, PID) VALUES (878, 364);
INSERT INTO Plays(GID, PID) VALUES (1344, 348);
INSERT INTO Plays(GID, PID) VALUES (1101, 58);
INSERT INTO Plays(GID, PID) VALUES (1029, 486);
INSERT INTO Plays(GID, PID) VALUES (363, 408);
INSERT INTO Plays(GID, PID) VALUES (1126, 508);
INSERT INTO Plays(GID, PID) VALUES (1090, 490);
INSERT INTO Plays(GID, PID) VALUES (1279, 264);
INSERT INTO Plays(GID, PID) VALUES (348, 409);
INSERT INTO Plays(GID, PID) VALUES (1497, 521);
INSERT INTO Plays(GID, PID) VALUES (337, 83);
INSERT INTO Plays(GID, PID) VALUES (1000, 494);
INSERT INTO Plays(GID, PID) VALUES (1415, 391);
INSERT INTO Plays(GID, PID) VALUES (1353, 477);
INSERT INTO Plays(GID, PID) VALUES (452, 540);
INSERT INTO Plays(GID, PID) VALUES (992, 529);
INSERT INTO Plays(GID, PID) VALUES (897, 357);
INSERT INTO Plays(GID, PID) VALUES (1001, 262);
INSERT INTO Plays(GID, PID) VALUES (275, 513);
INSERT INTO Plays(GID, PID) VALUES (1015, 519);
INSERT INTO Plays(GID, PID) VALUES (1332, 164);
INSERT INTO Plays(GID, PID) VALUES (1432, 69);
INSERT INTO Plays(GID, PID) VALUES (756, 302);
INSERT INTO Plays(GID, PID) VALUES (1407, 431);
INSERT INTO Plays(GID, PID) VALUES (1111, 301);
INSERT INTO Plays(GID, PID) VALUES (864, 505);
INSERT INTO Plays(GID, PID) VALUES (1252, 419);
INSERT INTO Plays(GID, PID) VALUES (509, 478);
INSERT INTO Plays(GID, PID) VALUES (1109, 413);
INSERT INTO Plays(GID, PID) VALUES (1128, 522);
INSERT INTO Plays(GID, PID) VALUES (1403, 433);
INSERT INTO Plays(GID, PID) VALUES (383, 543);
INSERT INTO Plays(GID, PID) VALUES (723, 258);
INSERT INTO Plays(GID, PID) VALUES (515, 387);
INSERT INTO Plays(GID, PID) VALUES (973, 279);
INSERT INTO Plays(GID, PID) VALUES (898, 411);
INSERT INTO Plays(GID, PID) VALUES (1155, 244);
INSERT INTO Plays(GID, PID) VALUES (1074, 278);
INSERT INTO Plays(GID, PID) VALUES (1419, 499);
INSERT INTO Plays(GID, PID) VALUES (579, 337);
INSERT INTO Plays(GID, PID) VALUES (751, 358);
INSERT INTO Plays(GID, PID) VALUES (265, 376);
INSERT INTO Plays(GID, PID) VALUES (753, 527);
INSERT INTO Plays(GID, PID) VALUES (1083, 207);
INSERT INTO Plays(GID, PID) VALUES (397, 484);
INSERT INTO Plays(GID, PID) VALUES (984, 154);
INSERT INTO Plays(GID, PID) VALUES (421, 527);
INSERT INTO Plays(GID, PID) VALUES (612, 381);
INSERT INTO Plays(GID, PID) VALUES (35, 302);
INSERT INTO Plays(GID, PID) VALUES (1140, 289);
INSERT INTO Plays(GID, PID) VALUES (1185, 524);
INSERT INTO Plays(GID, PID) VALUES (659, 362);
INSERT INTO Plays(GID, PID) VALUES (805, 196);
INSERT INTO Plays(GID, PID) VALUES (1079, 155);
INSERT INTO Plays(GID, PID) VALUES (1082, 358);
INSERT INTO Plays(GID, PID) VALUES (1438, 475);
INSERT INTO Plays(GID, PID) VALUES (1263, 402);
INSERT INTO Plays(GID, PID) VALUES (1253, 220);
INSERT INTO Plays(GID, PID) VALUES (1472, 257);
INSERT INTO Plays(GID, PID) VALUES (830, 475);
INSERT INTO Plays(GID, PID) VALUES (1262, 337);
INSERT INTO Plays(GID, PID) VALUES (1410, 336);
INSERT INTO Plays(GID, PID) VALUES (1252, 507);
INSERT INTO Plays(GID, PID) VALUES (588, 510);
INSERT INTO Plays(GID, PID) VALUES (821, 280);
INSERT INTO Plays(GID, PID) VALUES (666, 49);
INSERT INTO Plays(GID, PID) VALUES (1013, 521);
INSERT INTO Plays(GID, PID) VALUES (327, 339);
INSERT INTO Plays(GID, PID) VALUES (1032, 467);
INSERT INTO Plays(GID, PID) VALUES (628, 407);
INSERT INTO Plays(GID, PID) VALUES (858, 540);
INSERT INTO Plays(GID, PID) VALUES (1102, 160);
INSERT INTO Plays(GID, PID) VALUES (754, 95);
INSERT INTO Plays(GID, PID) VALUES (758, 261);
INSERT INTO Plays(GID, PID) VALUES (1500, 248);
INSERT INTO Plays(GID, PID) VALUES (1160, 406);
INSERT INTO Plays(GID, PID) VALUES (1460, 454);
INSERT INTO Plays(GID, PID) VALUES (1134, 374);
INSERT INTO Plays(GID, PID) VALUES (893, 432);
INSERT INTO Plays(GID, PID) VALUES (1427, 461);
INSERT INTO Plays(GID, PID) VALUES (1285, 438);
INSERT INTO Plays(GID, PID) VALUES (1133, 168);
INSERT INTO Plays(GID, PID) VALUES (1047, 232);
INSERT INTO Plays(GID, PID) VALUES (1445, 426);
INSERT INTO Plays(GID, PID) VALUES (633, 531);
INSERT INTO Plays(GID, PID) VALUES (1461, 168);
INSERT INTO Plays(GID, PID) VALUES (645, 385);
INSERT INTO Plays(GID, PID) VALUES (1098, 376);
INSERT INTO Plays(GID, PID) VALUES (1267, 358);
INSERT INTO Plays(GID, PID) VALUES (1208, 482);
INSERT INTO Plays(GID, PID) VALUES (885, 456);
INSERT INTO Plays(GID, PID) VALUES (954, 266);
INSERT INTO Plays(GID, PID) VALUES (1270, 291);
INSERT INTO Plays(GID, PID) VALUES (1444, 535);
INSERT INTO Plays(GID, PID) VALUES (1251, 138);
INSERT INTO Plays(GID, PID) VALUES (1272, 492);
INSERT INTO Plays(GID, PID) VALUES (1440, 352);
INSERT INTO Plays(GID, PID) VALUES (1168, 289);
INSERT INTO Plays(GID, PID) VALUES (1426, 344);
INSERT INTO Plays(GID, PID) VALUES (897, 394);
INSERT INTO Plays(GID, PID) VALUES (1186, 148);
INSERT INTO Plays(GID, PID) VALUES (1143, 296);
INSERT INTO Plays(GID, PID) VALUES (1326, 488);
INSERT INTO Plays(GID, PID) VALUES (738, 180);
INSERT INTO Plays(GID, PID) VALUES (1426, 379);
INSERT INTO Plays(GID, PID) VALUES (656, 511);
INSERT INTO Plays(GID, PID) VALUES (531, 268);
INSERT INTO Plays(GID, PID) VALUES (1096, 418);
INSERT INTO Plays(GID, PID) VALUES (1129, 497);
INSERT INTO Plays(GID, PID) VALUES (1429, 365);
INSERT INTO Plays(GID, PID) VALUES (785, 274);
INSERT INTO Plays(GID, PID) VALUES (1428, 236);
INSERT INTO Plays(GID, PID) VALUES (1155, 286);
INSERT INTO Plays(GID, PID) VALUES (1348, 486);
INSERT INTO Plays(GID, PID) VALUES (1406, 528);
INSERT INTO Plays(GID, PID) VALUES (742, 354);
INSERT INTO Plays(GID, PID) VALUES (1127, 77);
INSERT INTO Plays(GID, PID) VALUES (1070, 373);
INSERT INTO Plays(GID, PID) VALUES (898, 368);
INSERT INTO Plays(GID, PID) VALUES (1261, 453);
INSERT INTO Plays(GID, PID) VALUES (808, 377);
INSERT INTO Plays(GID, PID) VALUES (849, 263);
INSERT INTO Plays(GID, PID) VALUES (1246, 502);
INSERT INTO Plays(GID, PID) VALUES (490, 255);
INSERT INTO Plays(GID, PID) VALUES (1378, 532);
INSERT INTO Plays(GID, PID) VALUES (579, 480);
INSERT INTO Plays(GID, PID) VALUES (366, 467);
INSERT INTO Plays(GID, PID) VALUES (1103, 467);
INSERT INTO Plays(GID, PID) VALUES (1244, 505);
INSERT INTO Plays(GID, PID) VALUES (806, 348);
INSERT INTO Plays(GID, PID) VALUES (1397, 523);
INSERT INTO Plays(GID, PID) VALUES (1464, 391);
INSERT INTO Plays(GID, PID) VALUES (1496, 354);
INSERT INTO Plays(GID, PID) VALUES (1413, 366);
INSERT INTO Plays(GID, PID) VALUES (581, 319);
INSERT INTO Plays(GID, PID) VALUES (1368, 416);
INSERT INTO Plays(GID, PID) VALUES (810, 207);
INSERT INTO Plays(GID, PID) VALUES (911, 387);
INSERT INTO Plays(GID, PID) VALUES (1026, 342);
INSERT INTO Plays(GID, PID) VALUES (633, 246);
INSERT INTO Plays(GID, PID) VALUES (1462, 426);
INSERT INTO Plays(GID, PID) VALUES (892, 264);
INSERT INTO Plays(GID, PID) VALUES (473, 377);
INSERT INTO Plays(GID, PID) VALUES (1422, 101);
INSERT INTO Plays(GID, PID) VALUES (1475, 338);
INSERT INTO Plays(GID, PID) VALUES (1431, 473);
INSERT INTO Plays(GID, PID) VALUES (637, 518);
INSERT INTO Plays(GID, PID) VALUES (904, 514);
INSERT INTO Plays(GID, PID) VALUES (736, 135);
INSERT INTO Plays(GID, PID) VALUES (1211, 388);
INSERT INTO Plays(GID, PID) VALUES (1465, 140);
INSERT INTO Plays(GID, PID) VALUES (693, 372);
INSERT INTO Plays(GID, PID) VALUES (1485, 265);
INSERT INTO Plays(GID, PID) VALUES (1198, 413);
INSERT INTO Plays(GID, PID) VALUES (1332, 360);
INSERT INTO Plays(GID, PID) VALUES (346, 489);
INSERT INTO Plays(GID, PID) VALUES (327, 464);
INSERT INTO Plays(GID, PID) VALUES (691, 346);
INSERT INTO Plays(GID, PID) VALUES (997, 207);
INSERT INTO Plays(GID, PID) VALUES (1098, 176);
INSERT INTO Plays(GID, PID) VALUES (1396, 344);
INSERT INTO Plays(GID, PID) VALUES (836, 359);
INSERT INTO Plays(GID, PID) VALUES (864, 110);
INSERT INTO Plays(GID, PID) VALUES (483, 445);
INSERT INTO Plays(GID, PID) VALUES (638, 410);
INSERT INTO Plays(GID, PID) VALUES (1200, 471);
INSERT INTO Plays(GID, PID) VALUES (704, 194);
INSERT INTO Plays(GID, PID) VALUES (910, 501);
INSERT INTO Plays(GID, PID) VALUES (983, 238);
INSERT INTO Plays(GID, PID) VALUES (1196, 0);
INSERT INTO Plays(GID, PID) VALUES (1355, 249);
INSERT INTO Plays(GID, PID) VALUES (1459, 450);
INSERT INTO Plays(GID, PID) VALUES (450, 503);
INSERT INTO Plays(GID, PID) VALUES (98, 211);
INSERT INTO Plays(GID, PID) VALUES (762, 395);
INSERT INTO Plays(GID, PID) VALUES (1451, 398);
INSERT INTO Plays(GID, PID) VALUES (1484, 186);
INSERT INTO Plays(GID, PID) VALUES (600, 266);
INSERT INTO Plays(GID, PID) VALUES (1435, 299);
INSERT INTO Plays(GID, PID) VALUES (1406, 278);
INSERT INTO Plays(GID, PID) VALUES (174, 162);
INSERT INTO Plays(GID, PID) VALUES (701, 388);
INSERT INTO Plays(GID, PID) VALUES (900, 262);
INSERT INTO Plays(GID, PID) VALUES (981, 415);
INSERT INTO Plays(GID, PID) VALUES (1149, 481);
INSERT INTO Plays(GID, PID) VALUES (1501, 130);
INSERT INTO Plays(GID, PID) VALUES (1296, 341);
INSERT INTO Plays(GID, PID) VALUES (756, 526);
INSERT INTO Plays(GID, PID) VALUES (443, 496);
INSERT INTO Plays(GID, PID) VALUES (904, 275);
INSERT INTO Plays(GID, PID) VALUES (1340, 318);
INSERT INTO Plays(GID, PID) VALUES (1022, 293);
INSERT INTO Plays(GID, PID) VALUES (1096, 476);
INSERT INTO Plays(GID, PID) VALUES (400, 428);
INSERT INTO Plays(GID, PID) VALUES (1414, 360);
INSERT INTO Plays(GID, PID) VALUES (1095, 528);
INSERT INTO Plays(GID, PID) VALUES (1013, 515);
INSERT INTO Plays(GID, PID) VALUES (540, 470);
INSERT INTO Plays(GID, PID) VALUES (864, 490);
INSERT INTO Plays(GID, PID) VALUES (1162, 404);
INSERT INTO Plays(GID, PID) VALUES (1176, 520);
INSERT INTO Plays(GID, PID) VALUES (835, 418);
INSERT INTO Plays(GID, PID) VALUES (1093, 323);
INSERT INTO Plays(GID, PID) VALUES (648, 407);
INSERT INTO Plays(GID, PID) VALUES (1360, 426);
INSERT INTO Plays(GID, PID) VALUES (1473, 402);
INSERT INTO Plays(GID, PID) VALUES (1378, 425);
INSERT INTO Plays(GID, PID) VALUES (925, 352);
INSERT INTO Plays(GID, PID) VALUES (303, 330);
INSERT INTO Plays(GID, PID) VALUES (1354, 364);
INSERT INTO Plays(GID, PID) VALUES (943, 522);
INSERT INTO Plays(GID, PID) VALUES (1363, 316);
INSERT INTO Plays(GID, PID) VALUES (442, 500);
INSERT INTO Plays(GID, PID) VALUES (1221, 529);
INSERT INTO Plays(GID, PID) VALUES (1067, 351);
INSERT INTO Plays(GID, PID) VALUES (865, 274);
INSERT INTO Plays(GID, PID) VALUES (1385, 183);
INSERT INTO Plays(GID, PID) VALUES (1029, 434);
INSERT INTO Plays(GID, PID) VALUES (672, 333);
INSERT INTO Plays(GID, PID) VALUES (1498, 439);
INSERT INTO Plays(GID, PID) VALUES (674, 71);
INSERT INTO Plays(GID, PID) VALUES (1193, 530);
INSERT INTO Plays(GID, PID) VALUES (915, 108);
INSERT INTO Plays(GID, PID) VALUES (963, 44);
INSERT INTO Plays(GID, PID) VALUES (1015, 348);
INSERT INTO Plays(GID, PID) VALUES (870, 254);
INSERT INTO Plays(GID, PID) VALUES (1125, 501);
INSERT INTO Plays(GID, PID) VALUES (1255, 214);
INSERT INTO Plays(GID, PID) VALUES (485, 437);
INSERT INTO Plays(GID, PID) VALUES (375, 323);
INSERT INTO Plays(GID, PID) VALUES (1175, 423);
INSERT INTO Plays(GID, PID) VALUES (1278, 340);
INSERT INTO Plays(GID, PID) VALUES (266, 368);
INSERT INTO Plays(GID, PID) VALUES (1374, 236);
INSERT INTO Plays(GID, PID) VALUES (1381, 261);
INSERT INTO Plays(GID, PID) VALUES (749, 494);
INSERT INTO Plays(GID, PID) VALUES (1325, 113);
INSERT INTO Plays(GID, PID) VALUES (434, 509);
INSERT INTO Plays(GID, PID) VALUES (1414, 208);
INSERT INTO Plays(GID, PID) VALUES (1123, 381);
INSERT INTO Plays(GID, PID) VALUES (1270, 316);
INSERT INTO Plays(GID, PID) VALUES (651, 513);
INSERT INTO Plays(GID, PID) VALUES (1441, 511);
INSERT INTO Plays(GID, PID) VALUES (733, 212);
INSERT INTO Plays(GID, PID) VALUES (1311, 538);
INSERT INTO Plays(GID, PID) VALUES (917, 500);
INSERT INTO Plays(GID, PID) VALUES (832, 377);
INSERT INTO Plays(GID, PID) VALUES (1231, 345);
INSERT INTO Plays(GID, PID) VALUES (1198, 204);
INSERT INTO Plays(GID, PID) VALUES (1479, 389);
INSERT INTO Plays(GID, PID) VALUES (1123, 510);
INSERT INTO Plays(GID, PID) VALUES (1311, 468);
INSERT INTO Plays(GID, PID) VALUES (1419, 435);
INSERT INTO Plays(GID, PID) VALUES (1490, 363);
INSERT INTO Plays(GID, PID) VALUES (877, 500);
INSERT INTO Plays(GID, PID) VALUES (515, 223);
INSERT INTO Plays(GID, PID) VALUES (342, 338);
INSERT INTO Plays(GID, PID) VALUES (1105, 100);
INSERT INTO Plays(GID, PID) VALUES (173, 292);
INSERT INTO Plays(GID, PID) VALUES (558, 297);
INSERT INTO Plays(GID, PID) VALUES (1328, 337);
INSERT INTO Plays(GID, PID) VALUES (1336, 362);
INSERT INTO Plays(GID, PID) VALUES (1150, 364);
INSERT INTO Plays(GID, PID) VALUES (1476, 353);
INSERT INTO Plays(GID, PID) VALUES (830, 404);
INSERT INTO Plays(GID, PID) VALUES (600, 136);
INSERT INTO Plays(GID, PID) VALUES (1264, 233);
INSERT INTO Plays(GID, PID) VALUES (1196, 294);
INSERT INTO Plays(GID, PID) VALUES (560, 450);
INSERT INTO Plays(GID, PID) VALUES (1391, 536);
INSERT INTO Plays(GID, PID) VALUES (902, 275);
INSERT INTO Plays(GID, PID) VALUES (810, 518);
INSERT INTO Plays(GID, PID) VALUES (667, 515);
INSERT INTO Plays(GID, PID) VALUES (668, 299);
INSERT INTO Plays(GID, PID) VALUES (1248, 314);
INSERT INTO Plays(GID, PID) VALUES (1327, 537);
INSERT INTO Plays(GID, PID) VALUES (981, 375);
INSERT INTO Plays(GID, PID) VALUES (1426, 327);
INSERT INTO Plays(GID, PID) VALUES (1439, 338);
INSERT INTO Plays(GID, PID) VALUES (1433, 245);
INSERT INTO Plays(GID, PID) VALUES (776, 249);
INSERT INTO Plays(GID, PID) VALUES (944, 140);
INSERT INTO Plays(GID, PID) VALUES (902, 536);
INSERT INTO Plays(GID, PID) VALUES (1221, 86);
INSERT INTO Plays(GID, PID) VALUES (1502, 383);
INSERT INTO Plays(GID, PID) VALUES (1306, 389);
INSERT INTO Plays(GID, PID) VALUES (976, 324);
INSERT INTO Plays(GID, PID) VALUES (760, 114);
INSERT INTO Plays(GID, PID) VALUES (887, 427);
INSERT INTO Plays(GID, PID) VALUES (1468, 365);
INSERT INTO Plays(GID, PID) VALUES (985, 103);
INSERT INTO Plays(GID, PID) VALUES (1077, 465);
INSERT INTO Plays(GID, PID) VALUES (462, 502);
INSERT INTO Plays(GID, PID) VALUES (741, 349);
INSERT INTO Plays(GID, PID) VALUES (1180, 52);
INSERT INTO Plays(GID, PID) VALUES (703, 210);
INSERT INTO Plays(GID, PID) VALUES (699, 510);
INSERT INTO Plays(GID, PID) VALUES (1389, 425);
INSERT INTO Plays(GID, PID) VALUES (1202, 412);
INSERT INTO Plays(GID, PID) VALUES (407, 389);
INSERT INTO Plays(GID, PID) VALUES (238, 433);
INSERT INTO Plays(GID, PID) VALUES (1498, 494);
INSERT INTO Plays(GID, PID) VALUES (1404, 363);
INSERT INTO Plays(GID, PID) VALUES (379, 270);
INSERT INTO Plays(GID, PID) VALUES (1258, 254);
INSERT INTO Plays(GID, PID) VALUES (760, 68);
INSERT INTO Plays(GID, PID) VALUES (1300, 195);
INSERT INTO Plays(GID, PID) VALUES (1492, 476);
INSERT INTO Plays(GID, PID) VALUES (638, 498);
INSERT INTO Plays(GID, PID) VALUES (922, 485);
INSERT INTO Plays(GID, PID) VALUES (1237, 143);
INSERT INTO Plays(GID, PID) VALUES (1242, 418);
INSERT INTO Plays(GID, PID) VALUES (615, 395);
INSERT INTO Plays(GID, PID) VALUES (302, 307);
INSERT INTO Plays(GID, PID) VALUES (391, 139);
INSERT INTO Plays(GID, PID) VALUES (662, 527);
INSERT INTO Plays(GID, PID) VALUES (598, 412);
INSERT INTO Plays(GID, PID) VALUES (1156, 514);
INSERT INTO Plays(GID, PID) VALUES (221, 349);
INSERT INTO Plays(GID, PID) VALUES (642, 316);
INSERT INTO Plays(GID, PID) VALUES (637, 38);
INSERT INTO Plays(GID, PID) VALUES (723, 327);
INSERT INTO Plays(GID, PID) VALUES (596, 93);
INSERT INTO Plays(GID, PID) VALUES (473, 423);
INSERT INTO Plays(GID, PID) VALUES (670, 496);
INSERT INTO Plays(GID, PID) VALUES (905, 480);
INSERT INTO Plays(GID, PID) VALUES (477, 328);
INSERT INTO Plays(GID, PID) VALUES (1171, 345);
INSERT INTO Plays(GID, PID) VALUES (1029, 128);
INSERT INTO Plays(GID, PID) VALUES (78, 446);
INSERT INTO Plays(GID, PID) VALUES (1177, 538);
INSERT INTO Plays(GID, PID) VALUES (1120, 241);
INSERT INTO Plays(GID, PID) VALUES (450, 477);
INSERT INTO Plays(GID, PID) VALUES (646, 207);
INSERT INTO Plays(GID, PID) VALUES (1045, 181);
INSERT INTO Plays(GID, PID) VALUES (513, 329);
INSERT INTO Plays(GID, PID) VALUES (1284, 442);
INSERT INTO Plays(GID, PID) VALUES (1251, 320);
INSERT INTO Plays(GID, PID) VALUES (1470, 512);
INSERT INTO Plays(GID, PID) VALUES (1276, 483);
INSERT INTO Plays(GID, PID) VALUES (1137, 212);
INSERT INTO Plays(GID, PID) VALUES (1083, 155);
INSERT INTO Plays(GID, PID) VALUES (1047, 446);
INSERT INTO Plays(GID, PID) VALUES (1284, 191);
INSERT INTO Plays(GID, PID) VALUES (1344, 530);
INSERT INTO Plays(GID, PID) VALUES (1452, 465);
INSERT INTO Plays(GID, PID) VALUES (1449, 348);
INSERT INTO Plays(GID, PID) VALUES (640, 379);
INSERT INTO Plays(GID, PID) VALUES (1195, 71);
INSERT INTO Plays(GID, PID) VALUES (539, 328);
INSERT INTO Plays(GID, PID) VALUES (1287, 183);
INSERT INTO Plays(GID, PID) VALUES (1325, 269);
INSERT INTO Plays(GID, PID) VALUES (1158, 369);
INSERT INTO Plays(GID, PID) VALUES (885, 371);
INSERT INTO Plays(GID, PID) VALUES (764, 402);
INSERT INTO Plays(GID, PID) VALUES (1258, 139);
INSERT INTO Plays(GID, PID) VALUES (577, 495);
INSERT INTO Plays(GID, PID) VALUES (1066, 253);
INSERT INTO Plays(GID, PID) VALUES (880, 432);
INSERT INTO Plays(GID, PID) VALUES (1149, 260);
INSERT INTO Plays(GID, PID) VALUES (1475, 203);
INSERT INTO Plays(GID, PID) VALUES (1116, 390);
INSERT INTO Plays(GID, PID) VALUES (15, 512);
INSERT INTO Plays(GID, PID) VALUES (1431, 465);
INSERT INTO Plays(GID, PID) VALUES (469, 432);
INSERT INTO Plays(GID, PID) VALUES (1298, 99);
INSERT INTO Plays(GID, PID) VALUES (794, 495);
INSERT INTO Plays(GID, PID) VALUES (810, 392);
INSERT INTO Plays(GID, PID) VALUES (1495, 507);
INSERT INTO Plays(GID, PID) VALUES (973, 434);
INSERT INTO Plays(GID, PID) VALUES (1261, 269);
INSERT INTO Plays(GID, PID) VALUES (413, 187);
INSERT INTO Plays(GID, PID) VALUES (872, 501);
INSERT INTO Plays(GID, PID) VALUES (1043, 413);
INSERT INTO Plays(GID, PID) VALUES (1352, 448);
INSERT INTO Plays(GID, PID) VALUES (1361, 137);
INSERT INTO Plays(GID, PID) VALUES (1144, 476);
INSERT INTO Plays(GID, PID) VALUES (1219, 330);
INSERT INTO Plays(GID, PID) VALUES (477, 413);
INSERT INTO Plays(GID, PID) VALUES (687, 407);
INSERT INTO Plays(GID, PID) VALUES (1161, 242);
INSERT INTO Plays(GID, PID) VALUES (249, 531);
INSERT INTO Plays(GID, PID) VALUES (1034, 508);
INSERT INTO Plays(GID, PID) VALUES (1299, 306);
INSERT INTO Plays(GID, PID) VALUES (1470, 369);
INSERT INTO Plays(GID, PID) VALUES (1264, 220);
INSERT INTO Plays(GID, PID) VALUES (801, 440);
INSERT INTO Plays(GID, PID) VALUES (1070, 480);
INSERT INTO Plays(GID, PID) VALUES (901, 428);
INSERT INTO Plays(GID, PID) VALUES (821, 540);
INSERT INTO Plays(GID, PID) VALUES (334, 221);
INSERT INTO Plays(GID, PID) VALUES (1454, 185);
INSERT INTO Plays(GID, PID) VALUES (1049, 430);
INSERT INTO Plays(GID, PID) VALUES (682, 417);
INSERT INTO Plays(GID, PID) VALUES (1333, 350);
INSERT INTO Plays(GID, PID) VALUES (912, 470);
INSERT INTO Plays(GID, PID) VALUES (1186, 490);
INSERT INTO Plays(GID, PID) VALUES (542, 498);
INSERT INTO Plays(GID, PID) VALUES (825, 329);
INSERT INTO Plays(GID, PID) VALUES (1097, 157);
INSERT INTO Plays(GID, PID) VALUES (1295, 44);
INSERT INTO Plays(GID, PID) VALUES (1335, 491);
INSERT INTO Plays(GID, PID) VALUES (992, 269);
INSERT INTO Plays(GID, PID) VALUES (724, 208);
INSERT INTO Plays(GID, PID) VALUES (840, 465);
INSERT INTO Plays(GID, PID) VALUES (1387, 288);
INSERT INTO Plays(GID, PID) VALUES (1434, 269);
INSERT INTO Plays(GID, PID) VALUES (1376, 315);
INSERT INTO Plays(GID, PID) VALUES (1446, 184);
INSERT INTO Plays(GID, PID) VALUES (1095, 540);
INSERT INTO Plays(GID, PID) VALUES (1290, 457);
INSERT INTO Plays(GID, PID) VALUES (1085, 515);
INSERT INTO Plays(GID, PID) VALUES (1293, 325);
INSERT INTO Plays(GID, PID) VALUES (1281, 438);
INSERT INTO Plays(GID, PID) VALUES (1290, 108);
INSERT INTO Plays(GID, PID) VALUES (324, 275);
INSERT INTO Plays(GID, PID) VALUES (404, 375);
INSERT INTO Plays(GID, PID) VALUES (1278, 496);
INSERT INTO Plays(GID, PID) VALUES (1490, 387);
INSERT INTO Plays(GID, PID) VALUES (739, 531);
INSERT INTO Plays(GID, PID) VALUES (729, 294);
INSERT INTO Plays(GID, PID) VALUES (1105, 164);
INSERT INTO Plays(GID, PID) VALUES (984, 206);
INSERT INTO Plays(GID, PID) VALUES (765, 333);
INSERT INTO Plays(GID, PID) VALUES (908, 322);
INSERT INTO Plays(GID, PID) VALUES (367, 483);
INSERT INTO Plays(GID, PID) VALUES (1246, 172);
INSERT INTO Plays(GID, PID) VALUES (1017, 414);
INSERT INTO Plays(GID, PID) VALUES (722, 354);
INSERT INTO Plays(GID, PID) VALUES (1026, 231);
INSERT INTO Plays(GID, PID) VALUES (996, 534);
INSERT INTO Plays(GID, PID) VALUES (999, 388);
INSERT INTO Plays(GID, PID) VALUES (884, 388);
INSERT INTO Plays(GID, PID) VALUES (203, 218);
INSERT INTO Plays(GID, PID) VALUES (510, 310);
INSERT INTO Plays(GID, PID) VALUES (1184, 277);
INSERT INTO Plays(GID, PID) VALUES (891, 321);
INSERT INTO Plays(GID, PID) VALUES (1057, 216);
INSERT INTO Plays(GID, PID) VALUES (1100, 480);
INSERT INTO Plays(GID, PID) VALUES (543, 471);
INSERT INTO Plays(GID, PID) VALUES (1107, 515);
INSERT INTO Plays(GID, PID) VALUES (1504, 237);
INSERT INTO Plays(GID, PID) VALUES (1320, 259);
INSERT INTO Plays(GID, PID) VALUES (1215, 367);
INSERT INTO Plays(GID, PID) VALUES (1201, 16);
INSERT INTO Plays(GID, PID) VALUES (1479, 186);
INSERT INTO Plays(GID, PID) VALUES (1193, 150);
INSERT INTO Plays(GID, PID) VALUES (1152, 347);
INSERT INTO Plays(GID, PID) VALUES (1135, 536);
INSERT INTO Plays(GID, PID) VALUES (825, 423);
INSERT INTO Plays(GID, PID) VALUES (1399, 450);
INSERT INTO Plays(GID, PID) VALUES (278, 521);
INSERT INTO Plays(GID, PID) VALUES (422, 252);
INSERT INTO Plays(GID, PID) VALUES (796, 425);
INSERT INTO Plays(GID, PID) VALUES (1076, 192);
INSERT INTO Plays(GID, PID) VALUES (844, 492);
INSERT INTO Plays(GID, PID) VALUES (331, 388);
INSERT INTO Plays(GID, PID) VALUES (1479, 158);
INSERT INTO Plays(GID, PID) VALUES (441, 455);
INSERT INTO Plays(GID, PID) VALUES (1361, 422);
INSERT INTO Plays(GID, PID) VALUES (1241, 124);
INSERT INTO Plays(GID, PID) VALUES (1020, 363);
INSERT INTO Plays(GID, PID) VALUES (977, 281);
INSERT INTO Plays(GID, PID) VALUES (1405, 92);
INSERT INTO Plays(GID, PID) VALUES (1271, 462);
INSERT INTO Plays(GID, PID) VALUES (1206, 466);
INSERT INTO Plays(GID, PID) VALUES (1468, 470);
INSERT INTO Plays(GID, PID) VALUES (789, 461);
INSERT INTO Plays(GID, PID) VALUES (869, 529);
INSERT INTO Plays(GID, PID) VALUES (402, 405);
INSERT INTO Plays(GID, PID) VALUES (923, 500);
INSERT INTO Plays(GID, PID) VALUES (898, 338);
INSERT INTO Plays(GID, PID) VALUES (1033, 354);
INSERT INTO Plays(GID, PID) VALUES (535, 309);
INSERT INTO Plays(GID, PID) VALUES (1449, 406);
INSERT INTO Plays(GID, PID) VALUES (1175, 528);
INSERT INTO Plays(GID, PID) VALUES (942, 424);
INSERT INTO Plays(GID, PID) VALUES (1407, 144);
INSERT INTO Plays(GID, PID) VALUES (474, 490);
INSERT INTO Plays(GID, PID) VALUES (1102, 470);
INSERT INTO Plays(GID, PID) VALUES (1045, 490);
INSERT INTO Plays(GID, PID) VALUES (1126, 230);
INSERT INTO Plays(GID, PID) VALUES (1427, 358);
INSERT INTO Plays(GID, PID) VALUES (929, 497);
INSERT INTO Plays(GID, PID) VALUES (941, 263);
INSERT INTO Plays(GID, PID) VALUES (426, 366);
INSERT INTO Plays(GID, PID) VALUES (1378, 476);
INSERT INTO Plays(GID, PID) VALUES (661, 359);
INSERT INTO Plays(GID, PID) VALUES (1311, 303);
INSERT INTO Plays(GID, PID) VALUES (1403, 307);
INSERT INTO Plays(GID, PID) VALUES (774, 450);
INSERT INTO Plays(GID, PID) VALUES (816, 376);
INSERT INTO Plays(GID, PID) VALUES (1116, 440);
INSERT INTO Plays(GID, PID) VALUES (1032, 223);
INSERT INTO Plays(GID, PID) VALUES (1439, 438);
INSERT INTO Plays(GID, PID) VALUES (1023, 46);
INSERT INTO Plays(GID, PID) VALUES (649, 343);
INSERT INTO Plays(GID, PID) VALUES (1373, 81);
INSERT INTO Plays(GID, PID) VALUES (1394, 159);
INSERT INTO Plays(GID, PID) VALUES (852, 251);
INSERT INTO Plays(GID, PID) VALUES (1229, 271);
INSERT INTO Plays(GID, PID) VALUES (196, 344);
INSERT INTO Plays(GID, PID) VALUES (1377, 387);
INSERT INTO Plays(GID, PID) VALUES (1360, 249);
INSERT INTO Plays(GID, PID) VALUES (1095, 420);
INSERT INTO Plays(GID, PID) VALUES (801, 450);
INSERT INTO Plays(GID, PID) VALUES (614, 484);
INSERT INTO Plays(GID, PID) VALUES (1011, 413);
INSERT INTO Plays(GID, PID) VALUES (1300, 460);
INSERT INTO Plays(GID, PID) VALUES (911, 522);
INSERT INTO Plays(GID, PID) VALUES (1451, 442);
INSERT INTO Plays(GID, PID) VALUES (367, 495);
INSERT INTO Plays(GID, PID) VALUES (1388, 185);
INSERT INTO Plays(GID, PID) VALUES (676, 513);
INSERT INTO Plays(GID, PID) VALUES (492, 458);
INSERT INTO Plays(GID, PID) VALUES (1473, 393);
INSERT INTO Plays(GID, PID) VALUES (1446, 478);
INSERT INTO Plays(GID, PID) VALUES (796, 537);
INSERT INTO Plays(GID, PID) VALUES (649, 474);
INSERT INTO Plays(GID, PID) VALUES (899, 170);
INSERT INTO Plays(GID, PID) VALUES (1333, 460);
INSERT INTO Plays(GID, PID) VALUES (1075, 435);
INSERT INTO Plays(GID, PID) VALUES (703, 530);
INSERT INTO Plays(GID, PID) VALUES (1230, 533);
INSERT INTO Plays(GID, PID) VALUES (1415, 534);
INSERT INTO Plays(GID, PID) VALUES (1190, 102);
INSERT INTO Plays(GID, PID) VALUES (1399, 490);
INSERT INTO Plays(GID, PID) VALUES (1451, 450);
INSERT INTO Plays(GID, PID) VALUES (1144, 460);
INSERT INTO Plays(GID, PID) VALUES (983, 197);
INSERT INTO Plays(GID, PID) VALUES (1217, 450);
INSERT INTO Plays(GID, PID) VALUES (1019, 337);
INSERT INTO Plays(GID, PID) VALUES (905, 413);
INSERT INTO Plays(GID, PID) VALUES (876, 467);
INSERT INTO Plays(GID, PID) VALUES (1376, 402);
INSERT INTO Plays(GID, PID) VALUES (773, 454);
INSERT INTO Plays(GID, PID) VALUES (874, 428);
INSERT INTO Plays(GID, PID) VALUES (1139, 478);
INSERT INTO Plays(GID, PID) VALUES (1291, 405);
INSERT INTO Plays(GID, PID) VALUES (1085, 267);
INSERT INTO Plays(GID, PID) VALUES (793, 428);
INSERT INTO Plays(GID, PID) VALUES (1372, 205);
INSERT INTO Plays(GID, PID) VALUES (1395, 328);
INSERT INTO Plays(GID, PID) VALUES (1060, 348);
INSERT INTO Plays(GID, PID) VALUES (465, 290);
INSERT INTO Plays(GID, PID) VALUES (1233, 211);
INSERT INTO Plays(GID, PID) VALUES (1285, 405);
INSERT INTO Plays(GID, PID) VALUES (815, 99);
INSERT INTO Plays(GID, PID) VALUES (1148, 142);
INSERT INTO Plays(GID, PID) VALUES (1316, 196);
INSERT INTO Plays(GID, PID) VALUES (1305, 500);
INSERT INTO Plays(GID, PID) VALUES (1185, 174);
INSERT INTO Plays(GID, PID) VALUES (1221, 310);
INSERT INTO Plays(GID, PID) VALUES (1133, 325);
INSERT INTO Plays(GID, PID) VALUES (1488, 229);
INSERT INTO Plays(GID, PID) VALUES (857, 500);
INSERT INTO Plays(GID, PID) VALUES (1495, 349);
INSERT INTO Plays(GID, PID) VALUES (1326, 215);
INSERT INTO Plays(GID, PID) VALUES (1133, 500);
INSERT INTO Plays(GID, PID) VALUES (548, 284);
INSERT INTO Plays(GID, PID) VALUES (702, 487);
INSERT INTO Plays(GID, PID) VALUES (1377, 213);
INSERT INTO Plays(GID, PID) VALUES (709, 389);
INSERT INTO Plays(GID, PID) VALUES (1206, 352);
INSERT INTO Plays(GID, PID) VALUES (776, 540);
INSERT INTO Plays(GID, PID) VALUES (450, 341);
INSERT INTO Plays(GID, PID) VALUES (1277, 512);
INSERT INTO Plays(GID, PID) VALUES (745, 470);
INSERT INTO Plays(GID, PID) VALUES (1448, 291);
INSERT INTO Plays(GID, PID) VALUES (547, 257);
INSERT INTO Plays(GID, PID) VALUES (1200, 272);
INSERT INTO Plays(GID, PID) VALUES (961, 188);
INSERT INTO Plays(GID, PID) VALUES (1479, 349);
INSERT INTO Plays(GID, PID) VALUES (1247, 537);
INSERT INTO Plays(GID, PID) VALUES (1203, 171);
INSERT INTO Plays(GID, PID) VALUES (1430, 181);
INSERT INTO Plays(GID, PID) VALUES (774, 503);
INSERT INTO Plays(GID, PID) VALUES (914, 468);
INSERT INTO Plays(GID, PID) VALUES (606, 379);
INSERT INTO Plays(GID, PID) VALUES (1035, 58);
INSERT INTO Plays(GID, PID) VALUES (959, 356);
INSERT INTO Plays(GID, PID) VALUES (846, 408);
INSERT INTO Plays(GID, PID) VALUES (839, 193);
INSERT INTO Plays(GID, PID) VALUES (968, 407);
INSERT INTO Plays(GID, PID) VALUES (1333, 265);
INSERT INTO Plays(GID, PID) VALUES (1053, 402);
INSERT INTO Plays(GID, PID) VALUES (1228, 352);
INSERT INTO Plays(GID, PID) VALUES (1374, 515);
INSERT INTO Plays(GID, PID) VALUES (1407, 432);
INSERT INTO Plays(GID, PID) VALUES (1288, 392);
INSERT INTO Plays(GID, PID) VALUES (1196, 389);
INSERT INTO Plays(GID, PID) VALUES (915, 434);
INSERT INTO Plays(GID, PID) VALUES (927, 515);
INSERT INTO Plays(GID, PID) VALUES (931, 467);
INSERT INTO Plays(GID, PID) VALUES (1303, 400);
INSERT INTO Plays(GID, PID) VALUES (1482, 503);
INSERT INTO Plays(GID, PID) VALUES (975, 215);
INSERT INTO Plays(GID, PID) VALUES (801, 291);
INSERT INTO Plays(GID, PID) VALUES (1386, 465);
INSERT INTO Plays(GID, PID) VALUES (1481, 454);
INSERT INTO Plays(GID, PID) VALUES (352, 368);
INSERT INTO Plays(GID, PID) VALUES (899, 519);
INSERT INTO Plays(GID, PID) VALUES (963, 261);
INSERT INTO Plays(GID, PID) VALUES (1439, 111);
INSERT INTO Plays(GID, PID) VALUES (1458, 184);
INSERT INTO Plays(GID, PID) VALUES (1390, 295);
INSERT INTO Plays(GID, PID) VALUES (1376, 308);
INSERT INTO Plays(GID, PID) VALUES (636, 422);
INSERT INTO Plays(GID, PID) VALUES (1312, 488);
INSERT INTO Plays(GID, PID) VALUES (462, 421);
INSERT INTO Plays(GID, PID) VALUES (865, 114);
INSERT INTO Plays(GID, PID) VALUES (1296, 528);
INSERT INTO Plays(GID, PID) VALUES (1143, 298);
INSERT INTO Plays(GID, PID) VALUES (1311, 540);
INSERT INTO Plays(GID, PID) VALUES (1425, 432);
INSERT INTO Plays(GID, PID) VALUES (1085, 186);
INSERT INTO Plays(GID, PID) VALUES (888, 361);
INSERT INTO Plays(GID, PID) VALUES (1275, 524);
INSERT INTO Plays(GID, PID) VALUES (1484, 166);
INSERT INTO Plays(GID, PID) VALUES (685, 432);
INSERT INTO Plays(GID, PID) VALUES (1449, 519);
INSERT INTO Plays(GID, PID) VALUES (726, 134);
INSERT INTO Plays(GID, PID) VALUES (1226, 475);
INSERT INTO Plays(GID, PID) VALUES (1136, 349);
INSERT INTO Plays(GID, PID) VALUES (159, 354);
INSERT INTO Plays(GID, PID) VALUES (1031, 443);
INSERT INTO Plays(GID, PID) VALUES (1173, 318);
INSERT INTO Plays(GID, PID) VALUES (1206, 249);
INSERT INTO Plays(GID, PID) VALUES (667, 233);
INSERT INTO Plays(GID, PID) VALUES (1359, 345);
INSERT INTO Plays(GID, PID) VALUES (1085, 166);
INSERT INTO Plays(GID, PID) VALUES (1100, 315);
INSERT INTO Plays(GID, PID) VALUES (778, 507);
INSERT INTO Plays(GID, PID) VALUES (1476, 273);
INSERT INTO Plays(GID, PID) VALUES (1417, 266);
INSERT INTO Plays(GID, PID) VALUES (584, 224);
INSERT INTO Plays(GID, PID) VALUES (722, 490);
INSERT INTO Plays(GID, PID) VALUES (1144, 337);
INSERT INTO Plays(GID, PID) VALUES (1342, 514);
INSERT INTO Plays(GID, PID) VALUES (851, 209);
INSERT INTO Plays(GID, PID) VALUES (1357, 488);
INSERT INTO Plays(GID, PID) VALUES (581, 483);
INSERT INTO Plays(GID, PID) VALUES (42, 353);
INSERT INTO Plays(GID, PID) VALUES (1171, 484);
INSERT INTO Plays(GID, PID) VALUES (664, 241);
INSERT INTO Plays(GID, PID) VALUES (812, 353);
INSERT INTO Plays(GID, PID) VALUES (1311, 460);
INSERT INTO Plays(GID, PID) VALUES (1150, 494);
INSERT INTO Plays(GID, PID) VALUES (424, 89);
INSERT INTO Plays(GID, PID) VALUES (777, 401);
INSERT INTO Plays(GID, PID) VALUES (1273, 534);
INSERT INTO Plays(GID, PID) VALUES (1330, 351);
INSERT INTO Plays(GID, PID) VALUES (1347, 529);
INSERT INTO Plays(GID, PID) VALUES (1380, 326);
INSERT INTO Plays(GID, PID) VALUES (1072, 420);
INSERT INTO Plays(GID, PID) VALUES (957, 218);
INSERT INTO Plays(GID, PID) VALUES (1467, 308);
INSERT INTO Plays(GID, PID) VALUES (1296, 404);
INSERT INTO Plays(GID, PID) VALUES (885, 530);
INSERT INTO Plays(GID, PID) VALUES (582, 321);
INSERT INTO Plays(GID, PID) VALUES (1321, 400);
INSERT INTO Plays(GID, PID) VALUES (762, 361);
INSERT INTO Plays(GID, PID) VALUES (778, 396);
INSERT INTO Plays(GID, PID) VALUES (1123, 498);
INSERT INTO Plays(GID, PID) VALUES (935, 320);
INSERT INTO Plays(GID, PID) VALUES (740, 173);
INSERT INTO Plays(GID, PID) VALUES (329, 167);
INSERT INTO Plays(GID, PID) VALUES (1013, 114);
INSERT INTO Plays(GID, PID) VALUES (1205, 512);
INSERT INTO Plays(GID, PID) VALUES (338, 533);
INSERT INTO Plays(GID, PID) VALUES (800, 117);
INSERT INTO Plays(GID, PID) VALUES (1166, 23);
INSERT INTO Plays(GID, PID) VALUES (1470, 86);
INSERT INTO Plays(GID, PID) VALUES (919, 529);
INSERT INTO Plays(GID, PID) VALUES (1051, 175);
INSERT INTO Plays(GID, PID) VALUES (1111, 206);
INSERT INTO Plays(GID, PID) VALUES (1236, 469);
INSERT INTO Plays(GID, PID) VALUES (1150, 490);
INSERT INTO Plays(GID, PID) VALUES (601, 262);
INSERT INTO Plays(GID, PID) VALUES (357, 536);
INSERT INTO Plays(GID, PID) VALUES (406, 374);
INSERT INTO Plays(GID, PID) VALUES (1134, 297);
INSERT INTO Plays(GID, PID) VALUES (881, 189);
INSERT INTO Plays(GID, PID) VALUES (148, 80);
INSERT INTO Plays(GID, PID) VALUES (1492, 539);
INSERT INTO Plays(GID, PID) VALUES (267, 133);
INSERT INTO Plays(GID, PID) VALUES (375, 280);
INSERT INTO Plays(GID, PID) VALUES (812, 432);
INSERT INTO Plays(GID, PID) VALUES (1144, 69);
INSERT INTO Plays(GID, PID) VALUES (522, 443);
INSERT INTO Plays(GID, PID) VALUES (1353, 140);
INSERT INTO Plays(GID, PID) VALUES (1355, 443);
INSERT INTO Plays(GID, PID) VALUES (1040, 378);
INSERT INTO Plays(GID, PID) VALUES (1273, 342);
INSERT INTO Plays(GID, PID) VALUES (911, 434);
INSERT INTO Plays(GID, PID) VALUES (501, 478);
INSERT INTO Plays(GID, PID) VALUES (402, 360);
INSERT INTO Plays(GID, PID) VALUES (1127, 448);
INSERT INTO Plays(GID, PID) VALUES (1260, 350);
INSERT INTO Plays(GID, PID) VALUES (951, 410);
INSERT INTO Plays(GID, PID) VALUES (1195, 450);
INSERT INTO Plays(GID, PID) VALUES (1467, 357);
INSERT INTO Plays(GID, PID) VALUES (377, 453);
INSERT INTO Plays(GID, PID) VALUES (1268, 267);
INSERT INTO Plays(GID, PID) VALUES (1433, 435);
INSERT INTO Plays(GID, PID) VALUES (1266, 495);
INSERT INTO Plays(GID, PID) VALUES (1059, 460);
INSERT INTO Plays(GID, PID) VALUES (674, 392);
INSERT INTO Plays(GID, PID) VALUES (1440, 536);
INSERT INTO Plays(GID, PID) VALUES (1177, 520);
INSERT INTO Plays(GID, PID) VALUES (1249, 289);
INSERT INTO Plays(GID, PID) VALUES (1279, 462);
INSERT INTO Plays(GID, PID) VALUES (954, 474);
INSERT INTO Plays(GID, PID) VALUES (629, 290);
INSERT INTO Plays(GID, PID) VALUES (1391, 174);
INSERT INTO Plays(GID, PID) VALUES (1336, 412);
INSERT INTO Plays(GID, PID) VALUES (112, 379);
INSERT INTO Plays(GID, PID) VALUES (1491, 142);
INSERT INTO Plays(GID, PID) VALUES (1268, 513);
INSERT INTO Plays(GID, PID) VALUES (1276, 513);
INSERT INTO Plays(GID, PID) VALUES (1172, 352);
INSERT INTO Plays(GID, PID) VALUES (1458, 252);
INSERT INTO Plays(GID, PID) VALUES (654, 488);
INSERT INTO Plays(GID, PID) VALUES (558, 486);
INSERT INTO Plays(GID, PID) VALUES (1089, 349);
INSERT INTO Plays(GID, PID) VALUES (627, 504);
INSERT INTO Plays(GID, PID) VALUES (573, 523);
INSERT INTO Plays(GID, PID) VALUES (259, 321);
INSERT INTO Plays(GID, PID) VALUES (1446, 7);
INSERT INTO Plays(GID, PID) VALUES (1049, 491);
INSERT INTO Plays(GID, PID) VALUES (1123, 524);
INSERT INTO Plays(GID, PID) VALUES (1503, 443);
INSERT INTO Plays(GID, PID) VALUES (1121, 399);
INSERT INTO Plays(GID, PID) VALUES (985, 457);
INSERT INTO Plays(GID, PID) VALUES (536, 285);
INSERT INTO Plays(GID, PID) VALUES (1054, 102);
INSERT INTO Plays(GID, PID) VALUES (1381, 139);
INSERT INTO Plays(GID, PID) VALUES (1443, 448);
INSERT INTO Plays(GID, PID) VALUES (1043, 409);
INSERT INTO Plays(GID, PID) VALUES (1489, 131);
INSERT INTO Plays(GID, PID) VALUES (1442, 38);
INSERT INTO Plays(GID, PID) VALUES (1452, 213);
INSERT INTO Plays(GID, PID) VALUES (1066, 138);
INSERT INTO Plays(GID, PID) VALUES (382, 533);
INSERT INTO Plays(GID, PID) VALUES (1328, 354);
INSERT INTO Plays(GID, PID) VALUES (895, 403);
INSERT INTO Plays(GID, PID) VALUES (701, 315);
INSERT INTO Plays(GID, PID) VALUES (1408, 322);
INSERT INTO Plays(GID, PID) VALUES (366, 478);
INSERT INTO Plays(GID, PID) VALUES (329, 300);
INSERT INTO Plays(GID, PID) VALUES (877, 234);
INSERT INTO Plays(GID, PID) VALUES (755, 399);
INSERT INTO Plays(GID, PID) VALUES (703, 232);
INSERT INTO Plays(GID, PID) VALUES (1303, 226);
INSERT INTO Plays(GID, PID) VALUES (723, 454);
INSERT INTO Plays(GID, PID) VALUES (1263, 464);
INSERT INTO Plays(GID, PID) VALUES (1413, 210);
INSERT INTO Plays(GID, PID) VALUES (697, 433);
INSERT INTO Plays(GID, PID) VALUES (1162, 337);
INSERT INTO Plays(GID, PID) VALUES (1354, 287);
INSERT INTO Plays(GID, PID) VALUES (1371, 333);
INSERT INTO Plays(GID, PID) VALUES (1269, 220);
INSERT INTO Plays(GID, PID) VALUES (1081, 118);
INSERT INTO Plays(GID, PID) VALUES (1363, 416);
INSERT INTO Plays(GID, PID) VALUES (1420, 412);
INSERT INTO Plays(GID, PID) VALUES (1313, 506);
INSERT INTO Plays(GID, PID) VALUES (960, 261);
INSERT INTO Plays(GID, PID) VALUES (969, 64);
INSERT INTO Plays(GID, PID) VALUES (650, 430);
INSERT INTO Plays(GID, PID) VALUES (857, 220);
INSERT INTO Plays(GID, PID) VALUES (1422, 351);
INSERT INTO Plays(GID, PID) VALUES (1134, 93);
INSERT INTO Plays(GID, PID) VALUES (1227, 479);
INSERT INTO Plays(GID, PID) VALUES (604, 481);
INSERT INTO Plays(GID, PID) VALUES (374, 278);
INSERT INTO Plays(GID, PID) VALUES (1200, 536);
INSERT INTO Plays(GID, PID) VALUES (554, 513);
INSERT INTO Plays(GID, PID) VALUES (1459, 320);
INSERT INTO Plays(GID, PID) VALUES (1454, 439);
INSERT INTO Plays(GID, PID) VALUES (716, 474);
INSERT INTO Plays(GID, PID) VALUES (1193, 494);
INSERT INTO Plays(GID, PID) VALUES (359, 540);
INSERT INTO Plays(GID, PID) VALUES (76, 103);
INSERT INTO Plays(GID, PID) VALUES (1224, 373);
INSERT INTO Plays(GID, PID) VALUES (1200, 236);
INSERT INTO Plays(GID, PID) VALUES (1172, 540);
INSERT INTO Plays(GID, PID) VALUES (190, 395);
INSERT INTO Plays(GID, PID) VALUES (832, 227);
INSERT INTO Plays(GID, PID) VALUES (1472, 448);
INSERT INTO Plays(GID, PID) VALUES (1461, 371);
INSERT INTO Plays(GID, PID) VALUES (996, 75);
INSERT INTO Plays(GID, PID) VALUES (1437, 413);
INSERT INTO Plays(GID, PID) VALUES (1448, 412);
INSERT INTO Plays(GID, PID) VALUES (714, 502);
INSERT INTO Plays(GID, PID) VALUES (1178, 504);
INSERT INTO Plays(GID, PID) VALUES (1246, 365);
INSERT INTO Plays(GID, PID) VALUES (999, 267);
INSERT INTO Plays(GID, PID) VALUES (793, 468);
INSERT INTO Plays(GID, PID) VALUES (697, 362);
INSERT INTO Plays(GID, PID) VALUES (1197, 527);
INSERT INTO Plays(GID, PID) VALUES (1448, 501);
INSERT INTO Plays(GID, PID) VALUES (927, 266);
INSERT INTO Plays(GID, PID) VALUES (968, 527);
INSERT INTO Plays(GID, PID) VALUES (1188, 450);
INSERT INTO Plays(GID, PID) VALUES (588, 331);
INSERT INTO Plays(GID, PID) VALUES (940, 409);
INSERT INTO Plays(GID, PID) VALUES (572, 418);
INSERT INTO Plays(GID, PID) VALUES (612, 299);
INSERT INTO Plays(GID, PID) VALUES (591, 145);
INSERT INTO Plays(GID, PID) VALUES (1452, 340);
INSERT INTO Plays(GID, PID) VALUES (146, 427);
INSERT INTO Plays(GID, PID) VALUES (1284, 291);
INSERT INTO Plays(GID, PID) VALUES (717, 412);
INSERT INTO Plays(GID, PID) VALUES (982, 327);
INSERT INTO Plays(GID, PID) VALUES (1167, 212);
INSERT INTO Plays(GID, PID) VALUES (464, 488);
INSERT INTO Plays(GID, PID) VALUES (1055, 68);
INSERT INTO Plays(GID, PID) VALUES (936, 461);
INSERT INTO Plays(GID, PID) VALUES (802, 436);
INSERT INTO Plays(GID, PID) VALUES (731, 479);
INSERT INTO Plays(GID, PID) VALUES (425, 356);
INSERT INTO Plays(GID, PID) VALUES (1064, 344);
INSERT INTO Plays(GID, PID) VALUES (1340, 263);
INSERT INTO Plays(GID, PID) VALUES (61, 357);
INSERT INTO Plays(GID, PID) VALUES (336, 434);
INSERT INTO Plays(GID, PID) VALUES (1444, 57);
INSERT INTO Plays(GID, PID) VALUES (822, 348);
INSERT INTO Plays(GID, PID) VALUES (1494, 438);
INSERT INTO Plays(GID, PID) VALUES (165, 394);
INSERT INTO Plays(GID, PID) VALUES (1240, 349);
INSERT INTO Plays(GID, PID) VALUES (702, 426);
INSERT INTO Plays(GID, PID) VALUES (1194, 478);
INSERT INTO Plays(GID, PID) VALUES (1056, 458);
INSERT INTO Plays(GID, PID) VALUES (896, 70);
INSERT INTO Plays(GID, PID) VALUES (1341, 479);
INSERT INTO Plays(GID, PID) VALUES (682, 418);
INSERT INTO Plays(GID, PID) VALUES (1499, 508);
INSERT INTO Plays(GID, PID) VALUES (495, 456);
INSERT INTO Plays(GID, PID) VALUES (558, 482);
INSERT INTO Plays(GID, PID) VALUES (978, 180);
INSERT INTO Plays(GID, PID) VALUES (524, 235);
INSERT INTO Plays(GID, PID) VALUES (1164, 319);
INSERT INTO Plays(GID, PID) VALUES (1500, 352);
INSERT INTO Plays(GID, PID) VALUES (1463, 415);
INSERT INTO Plays(GID, PID) VALUES (1502, 44);
INSERT INTO Plays(GID, PID) VALUES (1185, 430);
INSERT INTO Plays(GID, PID) VALUES (951, 252);
INSERT INTO Plays(GID, PID) VALUES (1447, 271);
INSERT INTO Plays(GID, PID) VALUES (777, 513);
INSERT INTO Plays(GID, PID) VALUES (1230, 287);
INSERT INTO Plays(GID, PID) VALUES (1404, 134);
INSERT INTO Plays(GID, PID) VALUES (1455, 508);
INSERT INTO Plays(GID, PID) VALUES (1146, 505);
INSERT INTO Plays(GID, PID) VALUES (1212, 113);
INSERT INTO Plays(GID, PID) VALUES (1431, 145);
INSERT INTO Plays(GID, PID) VALUES (970, 285);
INSERT INTO Plays(GID, PID) VALUES (1254, 385);
INSERT INTO Plays(GID, PID) VALUES (446, 348);
INSERT INTO Plays(GID, PID) VALUES (775, 158);
INSERT INTO Plays(GID, PID) VALUES (823, 105);
INSERT INTO Plays(GID, PID) VALUES (807, 443);
INSERT INTO Plays(GID, PID) VALUES (1123, 257);
INSERT INTO Plays(GID, PID) VALUES (1068, 405);
INSERT INTO Plays(GID, PID) VALUES (1180, 258);
INSERT INTO Plays(GID, PID) VALUES (477, 332);
INSERT INTO Plays(GID, PID) VALUES (733, 403);
INSERT INTO Plays(GID, PID) VALUES (1159, 448);
INSERT INTO Plays(GID, PID) VALUES (949, 512);
INSERT INTO Plays(GID, PID) VALUES (1473, 470);
INSERT INTO Plays(GID, PID) VALUES (223, 299);
INSERT INTO Plays(GID, PID) VALUES (1351, 333);
INSERT INTO Plays(GID, PID) VALUES (1334, 460);
INSERT INTO Plays(GID, PID) VALUES (899, 514);
INSERT INTO Plays(GID, PID) VALUES (1489, 245);
INSERT INTO Plays(GID, PID) VALUES (739, 429);
INSERT INTO Plays(GID, PID) VALUES (807, 287);
INSERT INTO Plays(GID, PID) VALUES (1067, 395);
INSERT INTO Plays(GID, PID) VALUES (434, 500);
INSERT INTO Plays(GID, PID) VALUES (400, 44);
INSERT INTO Plays(GID, PID) VALUES (928, 454);
INSERT INTO Plays(GID, PID) VALUES (751, 225);
INSERT INTO Plays(GID, PID) VALUES (1389, 427);
INSERT INTO Plays(GID, PID) VALUES (1069, 499);
INSERT INTO Plays(GID, PID) VALUES (1156, 272);
INSERT INTO Plays(GID, PID) VALUES (1119, 370);
INSERT INTO Plays(GID, PID) VALUES (863, 326);
INSERT INTO Plays(GID, PID) VALUES (759, 430);
INSERT INTO Plays(GID, PID) VALUES (1369, 450);
INSERT INTO Plays(GID, PID) VALUES (836, 263);
INSERT INTO Plays(GID, PID) VALUES (1077, 143);
INSERT INTO Plays(GID, PID) VALUES (1164, 420);
INSERT INTO Plays(GID, PID) VALUES (1000, 68);
INSERT INTO Plays(GID, PID) VALUES (226, 449);
INSERT INTO Plays(GID, PID) VALUES (928, 389);
INSERT INTO Plays(GID, PID) VALUES (1244, 345);
INSERT INTO Plays(GID, PID) VALUES (223, 431);
INSERT INTO Plays(GID, PID) VALUES (1034, 398);
INSERT INTO Plays(GID, PID) VALUES (1334, 395);
INSERT INTO Plays(GID, PID) VALUES (1498, 135);
INSERT INTO Plays(GID, PID) VALUES (1236, 316);
INSERT INTO Plays(GID, PID) VALUES (1258, 495);
INSERT INTO Plays(GID, PID) VALUES (1015, 32);
INSERT INTO Plays(GID, PID) VALUES (1250, 531);
INSERT INTO Plays(GID, PID) VALUES (652, 289);
INSERT INTO Plays(GID, PID) VALUES (894, 543);
INSERT INTO Plays(GID, PID) VALUES (1162, 455);
INSERT INTO Plays(GID, PID) VALUES (1274, 530);
INSERT INTO Plays(GID, PID) VALUES (1197, 106);
INSERT INTO Plays(GID, PID) VALUES (1117, 467);
INSERT INTO Plays(GID, PID) VALUES (568, 62);
INSERT INTO Plays(GID, PID) VALUES (1206, 263);
INSERT INTO Plays(GID, PID) VALUES (1321, 220);
INSERT INTO Plays(GID, PID) VALUES (1252, 184);
INSERT INTO Plays(GID, PID) VALUES (633, 406);
INSERT INTO Plays(GID, PID) VALUES (1425, 449);
INSERT INTO Plays(GID, PID) VALUES (1079, 502);
INSERT INTO Plays(GID, PID) VALUES (1392, 419);
INSERT INTO Plays(GID, PID) VALUES (1116, 535);
INSERT INTO Plays(GID, PID) VALUES (758, 401);
INSERT INTO Plays(GID, PID) VALUES (1111, 467);
INSERT INTO Plays(GID, PID) VALUES (996, 423);
INSERT INTO Plays(GID, PID) VALUES (1124, 204);
INSERT INTO Plays(GID, PID) VALUES (638, 214);
INSERT INTO Plays(GID, PID) VALUES (1423, 237);
INSERT INTO Plays(GID, PID) VALUES (680, 465);
INSERT INTO Plays(GID, PID) VALUES (1479, 104);
INSERT INTO Plays(GID, PID) VALUES (676, 500);
INSERT INTO Plays(GID, PID) VALUES (1476, 467);
INSERT INTO Plays(GID, PID) VALUES (816, 514);
INSERT INTO Plays(GID, PID) VALUES (1144, 203);
INSERT INTO Plays(GID, PID) VALUES (1498, 237);
INSERT INTO Plays(GID, PID) VALUES (1335, 165);
INSERT INTO Plays(GID, PID) VALUES (375, 500);
INSERT INTO Plays(GID, PID) VALUES (944, 315);
INSERT INTO Plays(GID, PID) VALUES (411, 305);
INSERT INTO Plays(GID, PID) VALUES (1445, 527);
INSERT INTO Plays(GID, PID) VALUES (426, 389);
INSERT INTO Plays(GID, PID) VALUES (1230, 377);
INSERT INTO Plays(GID, PID) VALUES (1234, 277);
INSERT INTO Plays(GID, PID) VALUES (1498, 408);
INSERT INTO Plays(GID, PID) VALUES (1165, 509);
INSERT INTO Plays(GID, PID) VALUES (1281, 532);
INSERT INTO Plays(GID, PID) VALUES (1254, 487);
INSERT INTO Plays(GID, PID) VALUES (1256, 450);
INSERT INTO Plays(GID, PID) VALUES (1368, 541);
INSERT INTO Plays(GID, PID) VALUES (640, 284);
INSERT INTO Plays(GID, PID) VALUES (911, 492);
INSERT INTO Plays(GID, PID) VALUES (1228, 535);
INSERT INTO Plays(GID, PID) VALUES (831, 356);
INSERT INTO Plays(GID, PID) VALUES (1298, 133);
INSERT INTO Plays(GID, PID) VALUES (1504, 335);
INSERT INTO Plays(GID, PID) VALUES (1422, 444);
INSERT INTO Plays(GID, PID) VALUES (580, 153);
INSERT INTO Plays(GID, PID) VALUES (877, 407);
INSERT INTO Plays(GID, PID) VALUES (531, 493);
INSERT INTO Plays(GID, PID) VALUES (1257, 313);
INSERT INTO Plays(GID, PID) VALUES (809, 463);
INSERT INTO Plays(GID, PID) VALUES (1092, 353);
INSERT INTO Plays(GID, PID) VALUES (499, 539);
INSERT INTO Plays(GID, PID) VALUES (1485, 257);
INSERT INTO Plays(GID, PID) VALUES (1062, 526);
INSERT INTO Plays(GID, PID) VALUES (1308, 214);
INSERT INTO Plays(GID, PID) VALUES (528, 505);
INSERT INTO Plays(GID, PID) VALUES (815, 353);
INSERT INTO Plays(GID, PID) VALUES (1046, 355);
INSERT INTO Plays(GID, PID) VALUES (1352, 106);
INSERT INTO Plays(GID, PID) VALUES (1264, 377);
INSERT INTO Plays(GID, PID) VALUES (1127, 455);
INSERT INTO Plays(GID, PID) VALUES (771, 502);
INSERT INTO Plays(GID, PID) VALUES (726, 338);
INSERT INTO Plays(GID, PID) VALUES (503, 333);
INSERT INTO Plays(GID, PID) VALUES (1344, 393);
INSERT INTO Plays(GID, PID) VALUES (1071, 434);
INSERT INTO Plays(GID, PID) VALUES (1398, 518);
INSERT INTO Plays(GID, PID) VALUES (1383, 377);
INSERT INTO Plays(GID, PID) VALUES (1200, 326);
INSERT INTO Plays(GID, PID) VALUES (714, 421);
INSERT INTO Plays(GID, PID) VALUES (233, 474);
INSERT INTO Plays(GID, PID) VALUES (652, 391);
INSERT INTO Plays(GID, PID) VALUES (1123, 387);
INSERT INTO Plays(GID, PID) VALUES (1496, 542);
INSERT INTO Plays(GID, PID) VALUES (1256, 279);
INSERT INTO Plays(GID, PID) VALUES (517, 403);
INSERT INTO Plays(GID, PID) VALUES (1012, 532);
INSERT INTO Plays(GID, PID) VALUES (886, 484);
INSERT INTO Plays(GID, PID) VALUES (619, 450);
INSERT INTO Plays(GID, PID) VALUES (686, 368);
INSERT INTO Plays(GID, PID) VALUES (471, 534);
INSERT INTO Plays(GID, PID) VALUES (1407, 460);
INSERT INTO Plays(GID, PID) VALUES (667, 533);
INSERT INTO Plays(GID, PID) VALUES (854, 461);
INSERT INTO Plays(GID, PID) VALUES (852, 496);
INSERT INTO Plays(GID, PID) VALUES (1159, 402);
INSERT INTO Plays(GID, PID) VALUES (389, 319);
INSERT INTO Plays(GID, PID) VALUES (1389, 480);
INSERT INTO Plays(GID, PID) VALUES (1326, 429);
INSERT INTO Plays(GID, PID) VALUES (1417, 499);
INSERT INTO Plays(GID, PID) VALUES (990, 41);
INSERT INTO Plays(GID, PID) VALUES (1346, 500);
INSERT INTO Plays(GID, PID) VALUES (1096, 480);
INSERT INTO Plays(GID, PID) VALUES (736, 535);
INSERT INTO Plays(GID, PID) VALUES (1456, 467);
INSERT INTO Plays(GID, PID) VALUES (1014, 316);
INSERT INTO Plays(GID, PID) VALUES (822, 489);
INSERT INTO Plays(GID, PID) VALUES (1097, 438);
INSERT INTO Plays(GID, PID) VALUES (1046, 428);
INSERT INTO Plays(GID, PID) VALUES (618, 502);
INSERT INTO Plays(GID, PID) VALUES (669, 150);
INSERT INTO Plays(GID, PID) VALUES (1394, 264);
INSERT INTO Plays(GID, PID) VALUES (1395, 121);
INSERT INTO Plays(GID, PID) VALUES (1421, 433);
INSERT INTO Plays(GID, PID) VALUES (496, 470);
INSERT INTO Plays(GID, PID) VALUES (1306, 290);
INSERT INTO Plays(GID, PID) VALUES (542, 400);
INSERT INTO Plays(GID, PID) VALUES (855, 404);
INSERT INTO Plays(GID, PID) VALUES (1088, 442);
INSERT INTO Plays(GID, PID) VALUES (951, 407);
INSERT INTO Plays(GID, PID) VALUES (1427, 368);
INSERT INTO Plays(GID, PID) VALUES (783, 502);
INSERT INTO Plays(GID, PID) VALUES (1069, 242);
INSERT INTO Plays(GID, PID) VALUES (1362, 487);
INSERT INTO Plays(GID, PID) VALUES (1217, 540);
INSERT INTO Plays(GID, PID) VALUES (384, 541);
INSERT INTO Plays(GID, PID) VALUES (713, 502);
INSERT INTO Plays(GID, PID) VALUES (1429, 522);
INSERT INTO Plays(GID, PID) VALUES (1124, 158);
INSERT INTO Plays(GID, PID) VALUES (1373, 484);
INSERT INTO Plays(GID, PID) VALUES (423, 444);
INSERT INTO Plays(GID, PID) VALUES (689, 416);
INSERT INTO Plays(GID, PID) VALUES (562, 248);
INSERT INTO Plays(GID, PID) VALUES (1403, 396);
INSERT INTO Plays(GID, PID) VALUES (463, 442);
INSERT INTO Plays(GID, PID) VALUES (526, 282);
INSERT INTO Plays(GID, PID) VALUES (530, 542);
INSERT INTO Plays(GID, PID) VALUES (662, 341);
INSERT INTO Plays(GID, PID) VALUES (665, 431);
INSERT INTO Plays(GID, PID) VALUES (1182, 64);
INSERT INTO Plays(GID, PID) VALUES (82, 501);
INSERT INTO Plays(GID, PID) VALUES (1261, 449);
INSERT INTO Plays(GID, PID) VALUES (1171, 259);
INSERT INTO Plays(GID, PID) VALUES (841, 423);
INSERT INTO Plays(GID, PID) VALUES (951, 220);
INSERT INTO Plays(GID, PID) VALUES (1372, 207);
INSERT INTO Plays(GID, PID) VALUES (1286, 376);
INSERT INTO Plays(GID, PID) VALUES (1248, 111);
INSERT INTO Plays(GID, PID) VALUES (1140, 507);
INSERT INTO Plays(GID, PID) VALUES (1099, 406);
INSERT INTO Plays(GID, PID) VALUES (1369, 444);
INSERT INTO Plays(GID, PID) VALUES (1226, 440);
INSERT INTO Plays(GID, PID) VALUES (334, 530);
INSERT INTO Plays(GID, PID) VALUES (1147, 503);
INSERT INTO Plays(GID, PID) VALUES (1405, 269);
INSERT INTO Plays(GID, PID) VALUES (464, 242);
INSERT INTO Plays(GID, PID) VALUES (1413, 508);
INSERT INTO Plays(GID, PID) VALUES (481, 485);
INSERT INTO Plays(GID, PID) VALUES (955, 380);
INSERT INTO Plays(GID, PID) VALUES (1216, 350);
INSERT INTO Plays(GID, PID) VALUES (1126, 487);
INSERT INTO Plays(GID, PID) VALUES (797, 379);
INSERT INTO Plays(GID, PID) VALUES (1093, 293);
INSERT INTO Plays(GID, PID) VALUES (607, 535);
INSERT INTO Plays(GID, PID) VALUES (1091, 173);
INSERT INTO Plays(GID, PID) VALUES (1321, 453);
INSERT INTO Plays(GID, PID) VALUES (893, 323);
INSERT INTO Plays(GID, PID) VALUES (833, 358);
INSERT INTO Plays(GID, PID) VALUES (813, 344);
INSERT INTO Plays(GID, PID) VALUES (1210, 512);
INSERT INTO Plays(GID, PID) VALUES (446, 220);
INSERT INTO Plays(GID, PID) VALUES (296, 468);
INSERT INTO Plays(GID, PID) VALUES (1105, 535);
INSERT INTO Plays(GID, PID) VALUES (1019, 204);
INSERT INTO Plays(GID, PID) VALUES (1122, 528);
INSERT INTO Plays(GID, PID) VALUES (1299, 182);
INSERT INTO Plays(GID, PID) VALUES (1164, 186);
INSERT INTO Plays(GID, PID) VALUES (962, 87);
INSERT INTO Plays(GID, PID) VALUES (1500, 192);
INSERT INTO Plays(GID, PID) VALUES (717, 411);
INSERT INTO Plays(GID, PID) VALUES (779, 392);
INSERT INTO Plays(GID, PID) VALUES (1408, 543);
INSERT INTO Plays(GID, PID) VALUES (990, 428);
INSERT INTO Plays(GID, PID) VALUES (227, 232);
INSERT INTO Plays(GID, PID) VALUES (401, 463);
INSERT INTO Plays(GID, PID) VALUES (1419, 445);
INSERT INTO Plays(GID, PID) VALUES (966, 216);
INSERT INTO Plays(GID, PID) VALUES (541, 524);
INSERT INTO Plays(GID, PID) VALUES (397, 530);
INSERT INTO Plays(GID, PID) VALUES (1423, 417);
INSERT INTO Plays(GID, PID) VALUES (1259, 430);
INSERT INTO Plays(GID, PID) VALUES (1297, 435);
INSERT INTO Plays(GID, PID) VALUES (1227, 297);
INSERT INTO Plays(GID, PID) VALUES (980, 212);
INSERT INTO Plays(GID, PID) VALUES (1280, 441);
INSERT INTO Plays(GID, PID) VALUES (640, 439);
INSERT INTO Plays(GID, PID) VALUES (1213, 541);
INSERT INTO Plays(GID, PID) VALUES (1178, 129);
INSERT INTO Plays(GID, PID) VALUES (735, 157);
INSERT INTO Plays(GID, PID) VALUES (832, 302);
INSERT INTO Plays(GID, PID) VALUES (1030, 454);
INSERT INTO Plays(GID, PID) VALUES (1192, 461);
INSERT INTO Plays(GID, PID) VALUES (649, 454);
INSERT INTO Plays(GID, PID) VALUES (856, 409);
INSERT INTO Plays(GID, PID) VALUES (681, 512);
INSERT INTO Plays(GID, PID) VALUES (648, 141);
INSERT INTO Plays(GID, PID) VALUES (705, 507);
INSERT INTO Plays(GID, PID) VALUES (1096, 425);
INSERT INTO Plays(GID, PID) VALUES (771, 528);
INSERT INTO Plays(GID, PID) VALUES (1456, 458);
INSERT INTO Plays(GID, PID) VALUES (1502, 403);
INSERT INTO Plays(GID, PID) VALUES (649, 45);
INSERT INTO Plays(GID, PID) VALUES (846, 488);
INSERT INTO Plays(GID, PID) VALUES (1070, 381);
INSERT INTO Plays(GID, PID) VALUES (691, 482);
INSERT INTO Plays(GID, PID) VALUES (932, 198);
INSERT INTO Plays(GID, PID) VALUES (1371, 510);
INSERT INTO Plays(GID, PID) VALUES (1006, 410);
INSERT INTO Plays(GID, PID) VALUES (1017, 213);
INSERT INTO Plays(GID, PID) VALUES (708, 439);
INSERT INTO Plays(GID, PID) VALUES (1088, 436);
INSERT INTO Plays(GID, PID) VALUES (757, 361);
INSERT INTO Plays(GID, PID) VALUES (934, 126);
INSERT INTO Plays(GID, PID) VALUES (1317, 390);
INSERT INTO Plays(GID, PID) VALUES (985, 308);
INSERT INTO Plays(GID, PID) VALUES (1405, 397);
INSERT INTO Plays(GID, PID) VALUES (1107, 355);
INSERT INTO Plays(GID, PID) VALUES (725, 131);
INSERT INTO Plays(GID, PID) VALUES (1116, 503);
INSERT INTO Plays(GID, PID) VALUES (1207, 467);
INSERT INTO Plays(GID, PID) VALUES (1404, 474);
INSERT INTO Plays(GID, PID) VALUES (1207, 89);
INSERT INTO Plays(GID, PID) VALUES (1392, 163);
INSERT INTO Plays(GID, PID) VALUES (1296, 125);
INSERT INTO Plays(GID, PID) VALUES (1255, 151);
INSERT INTO Plays(GID, PID) VALUES (1084, 280);
INSERT INTO Plays(GID, PID) VALUES (850, 530);
INSERT INTO Plays(GID, PID) VALUES (1026, 517);
INSERT INTO Plays(GID, PID) VALUES (717, 158);
INSERT INTO Plays(GID, PID) VALUES (1184, 514);
INSERT INTO Plays(GID, PID) VALUES (852, 171);
INSERT INTO Plays(GID, PID) VALUES (598, 218);
INSERT INTO Plays(GID, PID) VALUES (204, 404);
INSERT INTO Plays(GID, PID) VALUES (812, 458);
INSERT INTO Plays(GID, PID) VALUES (1032, 442);
INSERT INTO Plays(GID, PID) VALUES (1248, 219);
INSERT INTO Plays(GID, PID) VALUES (1399, 183);
INSERT INTO Plays(GID, PID) VALUES (680, 290);
INSERT INTO Plays(GID, PID) VALUES (875, 462);
INSERT INTO Plays(GID, PID) VALUES (1345, 529);
INSERT INTO Plays(GID, PID) VALUES (692, 101);
INSERT INTO Plays(GID, PID) VALUES (1493, 307);
INSERT INTO Plays(GID, PID) VALUES (712, 396);
INSERT INTO Plays(GID, PID) VALUES (1182, 364);
INSERT INTO Plays(GID, PID) VALUES (882, 365);
INSERT INTO Plays(GID, PID) VALUES (1117, 264);
INSERT INTO Plays(GID, PID) VALUES (948, 443);
INSERT INTO Plays(GID, PID) VALUES (702, 458);
INSERT INTO Plays(GID, PID) VALUES (973, 350);
INSERT INTO Plays(GID, PID) VALUES (418, 388);
INSERT INTO Plays(GID, PID) VALUES (1234, 513);
INSERT INTO Plays(GID, PID) VALUES (88, 476);
INSERT INTO Plays(GID, PID) VALUES (340, 398);
INSERT INTO Plays(GID, PID) VALUES (766, 247);
INSERT INTO Plays(GID, PID) VALUES (590, 339);
INSERT INTO Plays(GID, PID) VALUES (980, 132);
INSERT INTO Plays(GID, PID) VALUES (925, 329);
INSERT INTO Plays(GID, PID) VALUES (1425, 347);
INSERT INTO Plays(GID, PID) VALUES (1394, 422);
INSERT INTO Plays(GID, PID) VALUES (350, 390);
INSERT INTO Plays(GID, PID) VALUES (1304, 244);
INSERT INTO Plays(GID, PID) VALUES (1401, 423);
INSERT INTO Plays(GID, PID) VALUES (845, 209);
INSERT INTO Plays(GID, PID) VALUES (1129, 158);
INSERT INTO Plays(GID, PID) VALUES (1160, 466);
INSERT INTO Plays(GID, PID) VALUES (1188, 435);